mission_id,enhance_skill_id_1,enhance_skill_time_1,enhance_skill_id_2,enhance_skill_time_2,enhance_skill_id_3,enhance_skill_time_3,enhance_skill_id_4,enhance_skill_time_4,enhance_skill_id_5,enhance_skill_time_5
MSEN_99_001,ENHN_001,2000,ENHN_000,1,,,,,,
MSEN_99_002,ENHN_002,2000,ENHN_000,1,,,,,,
MSEN_99_003,ENHN_004,2000,ENHN_000,1,,,,,,
MSEN_99_004,ENHN_005,2000,ENHN_000,1,,,,,,
MSEN_99_005,ENHN_006,2000,ENHN_000,1,,,,,,
MSEN_99_006,ENHN_007,2000,ENHN_000,1,,,,,,
MSEN_99_007,ENHN_008,2000,ENHN_000,1,,,,,,
MSEN_99_008,ENHN_009,2000,ENHN_000,1,,,,,,
MSEN_99_009,ENHN_010,2000,ENHN_000,1,,,,,,
MSEN_99_010,ENHN_011,2000,ENHN_000,1,,,,,,
MSEN_99_011,ENHN_012,2000,ENHN_000,1,,,,,,
MSEN_99_012,ENHN_013,2000,ENHN_000,1,,,,,,
MSEN_99_013,ENHN_014,2000,ENHN_000,1,,,,,,
MSEN_99_014,ENHN_015,2000,ENHN_000,1,,,,,,
MSEN_99_015,ENHN_016,2000,ENHN_000,1,,,,,,
MSEN_99_016,ENHN_001,60,ENHN_002,60,,,,,,
MSEN_99_017,ENHN_003,60,ENHN_004,60,ENHN_005,60,ENHN_006,60,ENHN_007,60
MSEN_99_018,ENHN_008,60,ENHN_009,60,ENHN_010,60,ENHN_011,60,ENHN_012,60
MSET_99_001,ENHN_001,2000,ENHN_000,1,,,,,,
MSET_99_002,ENHN_002,2000,ENHN_000,1,,,,,,
MSET_99_003,ENHN_003,2000,ENHN_000,1,,,,,,
MSET_99_004,ENHN_004,2000,ENHN_000,1,,,,,,
MSET_99_005,ENHN_005,2000,ENHN_000,1,,,,,,
MSET_99_006,ENHN_006,2000,ENHN_000,1,,,,,,
MSET_99_007,ENHN_007,2000,ENHN_000,1,,,,,,
MSET_99_008,ENHN_008,2000,ENHN_000,1,,,,,,
MSET_99_009,ENHN_009,2000,ENHN_000,1,,,,,,
MSET_99_010,ENHN_010,2000,ENHN_000,1,,,,,,
MSET_99_011,ENHN_011,2000,ENHN_000,1,,,,,,
MSET_99_012,ENHN_012,2000,ENHN_000,1,,,,,,
MSET_99_013,ENHN_013,2000,ENHN_000,1,,,,,,
MSET_99_014,ENHN_014,2000,ENHN_000,1,,,,,,
MSET_99_015,ENHN_015,2000,ENHN_000,1,,,,,,
MSET_99_016,ENHN_001,60,ENHN_002,60,,,,,,
MSET_99_017,ENHN_003,60,ENHN_004,60,ENHN_005,60,ENHN_006,60,ENHN_007,60
MSET_99_018,ENHN_008,60,ENHN_009,60,ENHN_010,60,ENHN_011,60,ENHN_012,60
MSEN_99_019,ENHN_004,60,ENHN_010,60,ENHN_005,60,ENHN_007,60,,
MSEN_99_020,ENHN_012,60,ENHN_001,60,ENHN_008,30,,,,
MSEN_99_021,ENHN_002,60,ENHN_011,60,ENHN_015,60,ENHN_009,60,,
MSEN_99_022,ENHN_014,120,ENHN_003,60,ENHN_013,60,ENHN_015,60,ENHN_006,60
MSEN_01_001,ENHN_002,60,ENHN_016,60,,,,,,
MSEN_01_002,ENHN_013,60,ENHN_005,60,,,,,,
MSEN_01_003,ENHN_004,60,ENHN_015,60,,,,,,
MSEN_01_004,ENHN_009,60,ENHN_001,60,,,,,,
MSEN_01_005,ENHN_007,60,ENHN_011,60,,,,,,
MSEN_01_006,ENHN_010,60,ENHN_014,60,ENHN_006,60,,,,
MSEN_01_007,ENHN_007,60,ENHN_013,60,ENHN_005,60,,,,
MSEN_01_008,ENHN_016,60,ENHN_008,60,ENHN_012,60,,,,
MSEN_01_009,ENHN_009,60,ENHN_002,60,ENHN_015,60,,,,
MSEN_01_010,ENHN_007,60,ENHN_014,60,ENHN_013,60,,,,
MSEN_01_011,ENHN_011,60,ENHN_006,60,ENHN_008,60,,,,
MSEN_01_012,ENHN_012,60,ENHN_004,60,ENHN_005,60,,,,
MSEN_01_013,ENHN_012,60,ENHN_001,60,ENHN_006,60,,,,
MSEN_01_014,ENHN_015,60,ENHN_014,60,ENHN_002,60,,,,
MSEN_01_015,ENHN_001,60,ENHN_002,60,ENHN_006,60,,,,
MSEN_01_016,ENHN_004,60,ENHN_011,60,ENHN_013,60,ENHN_008,60,,
MSEN_01_017,ENHN_009,60,ENHN_001,60,ENHN_010,60,ENHN_007,60,,
MSEN_01_018,ENHN_016,60,ENHN_014,60,ENHN_002,60,ENHN_006,60,,
MSEN_01_019,ENHN_004,60,ENHN_005,60,ENHN_001,60,ENHN_015,60,,
MSEN_01_020,ENHN_008,60,ENHN_010,60,ENHN_011,60,ENHN_012,60,,
MSEN_01_021,ENHN_002,60,ENHN_013,60,ENHN_016,60,ENHN_007,60,,
MSEN_01_022,ENHN_005,60,ENHN_012,60,ENHN_014,60,ENHN_006,60,,
MSEN_01_023,ENHN_009,60,ENHN_001,60,ENHN_004,60,ENHN_011,60,,
MSEN_01_024,ENHN_015,60,ENHN_008,60,ENHN_010,60,ENHN_006,60,,
MSEN_01_025,ENHN_009,60,ENHN_014,60,ENHN_016,60,ENHN_007,60,,
MSEN_01_026,ENHN_012,60,ENHN_001,60,ENHN_014,60,ENHN_002,60,ENHN_004,60
MSEN_01_027,ENHN_011,60,ENHN_015,60,ENHN_013,60,ENHN_010,60,ENHN_008,60
MSEN_01_028,ENHN_006,60,ENHN_016,60,ENHN_015,60,ENHN_005,60,ENHN_002,60
MSEN_01_029,ENHN_001,60,ENHN_007,60,ENHN_014,60,ENHN_010,60,ENHN_011,60
MSEN_01_030,ENHN_009,60,ENHN_004,60,ENHN_016,60,ENHN_013,60,ENHN_012,60
MSEN_01_031,ENHN_005,60,ENHN_010,60,ENHN_006,60,ENHN_009,60,ENHN_011,60
MODX_10_000,ENHN_001,60,ENHN_006,60,ENHN_009,60,ENHN_003,60,ENHN_002,60
MODX_10_001,ENHN_001,60,ENHN_006,60,ENHN_009,60,ENHN_003,60,ENHN_002,60
MODX_10_002,ENHN_001,60,ENHN_006,60,ENHN_009,60,ENHN_003,60,ENHN_002,60
MODX_10_003,ENHN_001,60,ENHN_006,60,ENHN_009,60,ENHN_003,60,ENHN_002,60
MODX_10_004,ENHN_001,60,ENHN_006,60,ENHN_009,60,ENHN_003,60,ENHN_002,60
MODX_10_005,ENHN_001,60,ENHN_006,60,ENHN_009,60,ENHN_003,60,ENHN_002,60
MODX_10_006,ENHN_001,60,ENHN_006,60,ENHN_009,60,ENHN_003,60,ENHN_002,60
MODX_10_007,ENHN_001,60,ENHN_006,60,ENHN_009,60,ENHN_003,60,ENHN_002,60
MODX_10_008,ENHN_001,60,ENHN_006,60,ENHN_009,60,ENHN_003,60,ENHN_002,60
MODX_10_009,ENHN_001,60,ENHN_006,60,ENHN_009,60,ENHN_003,60,ENHN_002,60
MODX_10_010,ENHN_001,60,ENHN_006,60,ENHN_009,60,ENHN_003,60,ENHN_002,60
MODX_10_011,ENHN_001,60,ENHN_006,60,ENHN_009,60,ENHN_003,60,ENHN_002,60
MODK_02_000,ENHN_015,2400,,,,,,,,
MODK_02_001,ENHN_015,2400,,,,,,,,
MODK_02_002,ENHN_015,2400,,,,,,,,
MODS_03_000,ENHN_009,120,ENHN_004,120,ENHN_010,120,ENHN_015,120,ENHN_005,120
MODS_03_001,ENHN_006,60,ENHN_012,60,ENHN_013,60,ENHN_014,60,ENHN_001,60
MODS_03_002,ENHN_005,60,ENHN_010,60,ENHN_013,60,ENHN_004,60,ENHN_002,60
MODS_03_003,ENHN_001,60,ENHN_009,60,ENHN_004,60,ENHN_010,60,ENHN_013,60
MODS_03_004,ENHN_015,60,ENHN_011,60,ENHN_009,60,ENHN_007,60,ENHN_008,60
MODS_03_005,ENHN_006,45,ENHN_008,45,ENHN_013,45,ENHN_016,45,,
MODS_03_006,ENHN_011,60,ENHN_008,60,ENHN_006,60,ENHN_015,60,,
MODS_03_007,ENHN_010,45,ENHN_006,45,ENHN_013,45,ENHN_004,45,,
MODS_03_008,ENHN_006,45,ENHN_005,45,ENHN_010,45,ENHN_013,45,ENHN_011,45
MODS_03_009,ENHN_011,60,ENHN_008,60,ENHN_006,60,ENHN_001,60,ENHN_002,60
MODS_03_010,ENHN_001,60,ENHN_011,60,ENHN_013,60,ENHN_008,60,ENHN_002,60
MODS_03_011,ENHN_002,60,ENHN_001,60,ENHN_008,60,ENHN_007,60,ENHN_013,60
MODS_03_012,ENHN_006,3600,,,,,,,,
MODS_03_013,ENHN_006,120,ENHN_001,120,ENHN_013,120,,,,
MODS_03_014,ENHN_005,45,ENHN_006,45,ENHN_013,45,ENHN_004,45,,
MODS_03_015,ENHN_011,75,ENHN_010,75,ENHN_012,75,ENHN_004,75,ENHN_001,75
MODS_03_016,ENHN_001,75,ENHN_002,75,ENHN_003,75,ENHN_014,75,ENHN_016,75
MODS_03_017,ENHN_010,45,ENHN_009,60,ENHN_006,45,ENHN_004,60,ENHN_016,45
MODS_03_018,ENHN_002,60,ENHN_007,60,ENHN_003,45,ENHN_009,60,ENHN_015,75
