mission_id,title_text_id,contents_text_id,title_text_id_2,contents_text_id_2,goal_text_id,rank,limit_time,clear_free_time,type,mode,field_id,weather,bgm,cc_bgm,engage_bgm,start_jingle,open_progress,open_mission_id,next_mission_id,phase,hp_coefficient_1,attack_coefficient_1,hp_coefficient_2,attack_coefficient_2,hp_coefficient_3,attack_coefficient_3,hp_coefficient_4,attack_coefficient_4,enemy_id_1,en_pos_no_1,is_target_1,en_pop_type_1,is_infinite_1,active_type_1,enemy_id_2,en_pos_no_2,is_target_2,en_pop_type_2,is_infinite_2,active_type_2,enemy_id_3,en_pos_no_3,is_target_3,en_pop_type_3,is_infinite_3,active_type_3,enemy_id_4,en_pos_no_4,is_target_4,en_pop_type_4,is_infinite_4,active_type_4,enemy_id_5,en_pos_no_5,is_target_5,en_pop_type_5,is_infinite_5,active_type_5,enemy_id_6,en_pos_no_6,is_target_6,en_pop_type_6,is_infinite_6,active_type_6,enemy_id_7,en_pos_no_7,is_target_7,en_pop_type_7,is_infinite_7,active_type_7,enemy_id_8,en_pos_no_8,is_target_8,en_pop_type_8,is_infinite_8,active_type_8,enemy_id_9,en_pos_no_9,is_target_9,en_pop_type_9,is_infinite_9,active_type_9,enemy_id_10,en_pos_no_10,is_target_10,en_pop_type_10,is_infinite_10,active_type_10,join_num,player_pos_group,npc_chara_id_1,npc_chara_id_2,npc_chara_id_3,bk_chara_id,operator_chara_id,mission_lsd,start_event_id(battle),end_event_id(battle),rankB_clear_time,rankA_clear_time,rankAA_clear_time,rankS_clear_time,rankSS_clear_time,rankSSS_clear_time,platform,event_type,mission_motion_type,is_prohibit_enemy_dinner,special_mission_type
MSEN_01_001,MSEN_01_001_NAME,MSEN_01_001_DESC,MSEN_01_001_NAME,MSEN_01_001_DESC,,7,30,40,1,0,FM03_02,SUB3,SNDS_BGM_M023_FM03,,,,STOR_10_TONEWFUTURE,,,,3,2,4,2,5,2.5,4,2,AGM0021,22,1,1,,0,,,,,,,,,,,,,,,,,,,,,,,,,,,,,,,,,,,,,,,,,,,,,,,,,,,,,,,4,0,NPC_NONE,NPC_NONE,NPC_NONE,,,,,,,540,480,420,360,300,0,-1,0,,
MSEN_01_006,MSEN_01_006_NAME,MSEN_01_006_DESC,MSEN_01_006_NAME,MSEN_01_006_DESC,,7,30,40,1,0,FM03_01,SUB3,SNDS_BGM_M023_FM03,,,,STOR_10_TONEWFUTURE,MSEN_01_001,,,3.2,2,4.2,2,8.4,2.6,4.2,2,AGM0061,9,1,1,,0,,,,,,,,,,,,,,,,,,,,,,,,,,,,,,,,,,,,,,,,,,,,,,,,,,,,,,,4,0,NPC_NONE,NPC_NONE,NPC_NONE,,,,,,,600,540,480,420,360,0,-1,0,,
MSEN_01_011,MSEN_01_011_NAME,MSEN_01_011_DESC,MSEN_01_011_NAME,MSEN_01_011_DESC,,7,30,40,1,0,FM02_02,SUB3,SNDS_BGM_M022_FM02,,,,STOR_10_TONEWFUTURE,MSEN_01_006,,,2.8,2.1,4.4,2.1,8.8,2.6,4.4,2.1,AGM0031,21,1,1,,0,,,,,,,,,,,,,,,,,,,,,,,,,,,,,,,,,,,,,,,,,,,,,,,,,,,,,,,4,0,NPC_NONE,NPC_NONE,NPC_NONE,,,,,,,660,600,540,480,420,0,-1,0,,
MSEN_01_016,MSEN_01_016_NAME,MSEN_01_016_DESC,MSEN_01_016_NAME,MSEN_01_016_DESC,,7,30,40,1,0,FM04_02,SUB3,SNDS_BGM_M024_FM04,SNDS_BGM_M070_AKKI,,,STOR_10_TONEWFUTURE,MSEN_01_011,,,5.2,2.2,6.3,2.2,9.2,2.7,4.6,2.2,AGM0093,40,1,1,,0,,,,,,,,,,,,,,,,,,,,,,,,,,,,,,,,,,,,,,,,,,,,,,,,,,,,,,,4,0,NPC_NONE,NPC_NONE,NPC_NONE,,,,,,,840,780,720,660,600,0,-1,0,,
MSEN_01_021,MSEN_01_021_NAME,MSEN_01_021_DESC,MSEN_01_021_NAME,MSEN_01_021_DESC,,7,30,40,1,0,FM02_01,SUB3,SNDS_BGM_M022_FM02,,,,STOR_10_TONEWFUTURE,MSEN_01_016,,,3,2.2,4.8,2.2,9.6,2.8,4.8,2.2,AGM0031,29,1,1,,0,AGM0083,37,1,1,,3,AGS0021,7,1,1,,0,AGS0021,8,1,1,,0,AGS0021,25,1,1,,0,,,,,,,,,,,,,,,,,,,,,,,,,,,,,,,4,0,NPC_NONE,NPC_NONE,NPC_NONE,,,,,,,1140,1080,1020,960,900,0,-1,0,,
MSEN_01_026,MSEN_01_026_NAME,MSEN_01_026_DESC,MSEN_01_026_NAME,MSEN_01_026_DESC,,7,30,40,1,0,FM06_01,SUB3,SNDS_BGM_M025_FM06,SNDS_BGM_M080_KING,,,STOR_10_TONEWFUTURE,MSEN_01_021,,,3.1,2.3,5,2.3,6.3,2.8,5,2.3,AGL0054,5,1,0,,3,AGL0151,1,1,0,,2,,,,,,,,,,,,,,,,,,,,,,,,,,,,,,,,,,,,,,,,,,,,,,,,,4,0,NPC_NONE,NPC_NONE,NPC_NONE,,,,,,,1440,1380,1320,1260,1200,0,-1,0,,
MSEN_01_002,MSEN_01_002_NAME,MSEN_01_002_DESC,MSEN_01_002_NAME,MSEN_01_002_DESC,,7,30,40,1,0,FM01_01,SUB3,SNDS_BGM_M021_FM01,,,,STOR_10_TONEWFUTURE,,,,3,2,4,2,8,2.5,4,2,AGM0051,7,1,0,,0,,,,,,,,,,,,,,,,,,,,,,,,,,,,,,,,,,,,,,,,,,,,,,,,,,,,,,,4,0,NPC_NONE,NPC_NONE,NPC_NONE,,,,,,,540,480,420,360,300,0,-1,0,,
MSEN_01_007,MSEN_01_007_NAME,MSEN_01_007_DESC,MSEN_01_007_NAME,MSEN_01_007_DESC,,7,30,40,1,0,FM07_01,SUB3,SNDS_BGM_M026_FM07,,,,STOR_10_TONEWFUTURE,MSEN_01_002,,,3.2,2,5.8,2,7.4,2.6,4.2,2,AGL0031,31,1,1,,0,,,,,,,,,,,,,,,,,,,,,,,,,,,,,,,,,,,,,,,,,,,,,,,,,,,,,,,4,0,NPC_NONE,NPC_NONE,NPC_NONE,,,,,,,600,540,480,420,360,0,-1,0,,
MSEN_01_012,MSEN_01_012_NAME,MSEN_01_012_DESC,MSEN_01_012_NAME,MSEN_01_012_DESC,,7,30,40,1,0,FM03_01,SUB3,SNDS_BGM_M023_FM03,SNDS_BGM_M009_HUNTING,,,STOR_10_TONEWFUTURE,MSEN_01_007,,,2.8,2.1,4.4,2.1,5.5,2.6,4.4,2.1,AGM0071,4,1,0,,0,,,,,,,,,,,,,,,,,,,,,,,,,,,,,,,,,,,,,,,,,,,,,,,,,,,,,,,4,0,NPC_NONE,NPC_NONE,NPC_NONE,,,,,,,660,600,540,480,420,0,-1,0,,
MSEN_01_017,MSEN_01_017_NAME,MSEN_01_017_DESC,MSEN_01_017_NAME,MSEN_01_017_DESC,,7,30,40,1,0,FM01_02,SUB3,SNDS_BGM_M021_FM01,,,,STOR_10_TONEWFUTURE,MSEN_01_012,,,2.9,2.2,4.6,2.2,5.8,2.7,4.6,2.2,AGM0092,1,1,0,,0,AGS0061,14,1,0,,0,AGS0061,56,1,0,,0,,,,,,,,,,,,,,,,,,,,,,,,,,,,,,,,,,,,,,,,,,,4,0,NPC_NONE,NPC_NONE,NPC_NONE,,,,,,,840,780,720,660,600,0,-1,0,,
MSEN_01_022,MSEN_01_022_NAME,MSEN_01_022_DESC,MSEN_01_022_NAME,MSEN_01_022_DESC,,7,30,40,1,0,FM01_02,SUB3,SNDS_BGM_M021_FM01,,,,STOR_10_TONEWFUTURE,MSEN_01_017,,,3,2.2,8.4,2.2,6,2.8,4.8,2.2,AGL0062,40,1,1,,0,AGS0071,28,0,1,,0,AGS0071,64,0,1,,0,AGS0071,42,0,1,,0,,,,,,,,,,,,,,,,,,,,,,,,,,,,,,,,,,,,,4,0,NPC_NONE,NPC_NONE,NPC_NONE,,,,,,,1140,1080,1020,960,900,0,-1,0,,
MSEN_01_027,MSEN_01_027_NAME,MSEN_01_027_DESC,MSEN_01_027_NAME,MSEN_01_027_DESC,,7,30,40,1,0,FM02_01,SUB3,SNDS_BGM_M022_FM02,,,,STOR_10_TONEWFUTURE,MSEN_01_022,,,3.1,2.3,5,3.4,6.3,4,5,2.3,AGM0051,16,1,1,,0,AGL0031,9,1,0,,0,,,,,,,,,,,,,,,,,,,,,,,,,,,,,,,,,,,,,,,,,,,,,,,,,4,0,NPC_NONE,NPC_NONE,NPC_NONE,,,,,,,1440,1380,1320,1260,1200,0,-1,0,,
MSEN_01_003,MSEN_01_003_NAME,MSEN_01_003_DESC,MSEN_01_003_NAME,MSEN_01_003_DESC,,7,30,40,1,0,FM02_02,SUB3,SNDS_BGM_M022_FM02,,,,STOR_10_TONEWFUTURE,,,,3,2,4,2,4,2.5,4,2,AGL0041,2,1,0,,0,,,,,,,,,,,,,,,,,,,,,,,,,,,,,,,,,,,,,,,,,,,,,,,,,,,,,,,4,0,NPC_NONE,NPC_NONE,NPC_NONE,,,,,,,540,480,420,360,300,0,-1,0,,
MSEN_01_008,MSEN_01_008_NAME,MSEN_01_008_DESC,MSEN_01_008_NAME,MSEN_01_008_DESC,,7,30,40,1,0,FM02_01,SUB3,SNDS_BGM_M022_FM02,,,,STOR_10_TONEWFUTURE,MSEN_01_003,,,3.2,2,5.8,2,7.4,2.6,4.2,2,AGL0013,9,1,0,,0,,,,,,,,,,,,,,,,,,,,,,,,,,,,,,,,,,,,,,,,,,,,,,,,,,,,,,,4,0,NPC_NONE,NPC_NONE,NPC_NONE,,,,,,,600,540,480,420,360,0,-1,0,,
MSEN_01_013,MSEN_01_013_NAME,MSEN_01_013_DESC,MSEN_01_013_NAME,MSEN_01_013_DESC,,7,30,40,1,0,FM04_01,SUB3,SNDS_BGM_M024_FM04,,,,STOR_10_TONEWFUTURE,MSEN_01_008,,,2.8,2.1,4.4,2.1,5.5,2.6,4.4,2.1,AGL0021,31,1,1,,0,,,,,,,,,,,,,,,,,,,,,,,,,,,,,,,,,,,,,,,,,,,,,,,,,,,,,,,4,0,NPC_NONE,NPC_NONE,NPC_NONE,,,,,,,660,600,540,480,420,0,-1,0,,
MSEN_01_018,MSEN_01_018_NAME,MSEN_01_018_DESC,MSEN_01_018_NAME,MSEN_01_018_DESC,,7,30,40,1,0,FM06_01,SUB3,SNDS_BGM_M025_FM06,,,,STOR_10_TONEWFUTURE,MSEN_01_013,,,2.9,2.2,4.6,2.2,9.2,2.7,4.6,2.2,AGM0011,51,1,1,,0,,,,,,,,,,,,,,,,,,,,,,,,,,,,,,,,,,,,,,,,,,,,,,,,,,,,,,,4,0,NPC_NONE,NPC_NONE,NPC_NONE,,,,,,,840,780,720,660,600,0,-1,0,,
MSEN_01_023,MSEN_01_023_NAME,MSEN_01_023_DESC,MSEN_01_023_NAME,MSEN_01_023_DESC,,7,30,40,1,0,FM06_02,SUB3,SNDS_BGM_M025_FM06,,,,STOR_10_TONEWFUTURE,MSEN_01_018,,,3,2.2,6,2.2,6,2.8,4.8,2.2,AGL0051,36,1,1,,3,AGL0053,11,1,1,,2,,,,,,,,,,,,,,,,,,,,,,,,,,,,,,,,,,,,,,,,,,,,,,,,,4,0,NPC_NONE,NPC_NONE,NPC_NONE,,,,,,,1140,1080,1020,960,900,0,-1,0,,
MSEN_01_028,MSEN_01_028_NAME,MSEN_01_028_DESC,MSEN_01_028_NAME,MSEN_01_028_DESC,,7,30,40,1,0,FM07_01,SUB3,SNDS_BGM_M026_FM07,SNDS_BGM_M074_GOD,,,STOR_10_TONEWFUTURE,MSEN_01_023,,,3.1,2.3,5,2.3,6.3,2.8,5,2.3,AGL0021,0,1,1,,0,AGL0143,27,1,1,,0,,,,,,,,,,,,,,,,,,,,,,,,,,,,,,,,,,,,,,,,,,,,,,,,,4,0,NPC_NONE,NPC_NONE,NPC_NONE,,,,,,,1440,1380,1320,1260,1200,0,-1,0,,
MSEN_01_004,MSEN_01_004_NAME,MSEN_01_004_DESC,MSEN_01_004_NAME,MSEN_01_004_DESC,,7,30,40,1,0,FM06_01,SUB3,,SNDS_BGM_M002_BATTLE_ASHBORN,,,STOR_10_TONEWFUTURE,,,,3,2,4,2,5,2.5,4,2,AGL0131,31,1,1,,0,,,,,,,,,,,,,,,,,,,,,,,,,,,,,,,,,,,,,,,,,,,,,,,,,,,,,,,4,0,NPC_NONE,NPC_NONE,NPC_NONE,,,,,,,540,480,420,360,300,0,-1,0,,
MSEN_01_009,MSEN_01_009_NAME,MSEN_01_009_DESC,MSEN_01_009_NAME,MSEN_01_009_DESC,,7,30,40,1,0,FM04_01,SUB3,SNDS_BGM_M024_FM04,,,,STOR_10_TONEWFUTURE,MSEN_01_004,,,3.2,2,7.4,2,8.4,2.6,4.2,2,AGL0111,9,1,1,,0,,,,,,,,,,,,,,,,,,,,,,,,,,,,,,,,,,,,,,,,,,,,,,,,,,,,,,,4,0,NPC_NONE,NPC_NONE,NPC_NONE,,,,,,,600,540,480,420,360,0,-1,0,,
MSEN_01_014,MSEN_01_014_NAME,MSEN_01_014_DESC,MSEN_01_014_NAME,MSEN_01_014_DESC,,7,30,40,1,0,FM01_01,SUB3,SNDS_BGM_M021_FM01,SNDS_BGM_M013_EVENT_ANXLETY,,,STOR_10_TONEWFUTURE,MSEN_01_009,,,2.8,2.1,4.4,2.1,5.5,2.6,4.4,2.1,AGL0151,23,1,1,,0,AGS0031,17,1,1,,0,AGS0031,14,1,1,,0,AGS0071,8,1,1,,0,AGS0071,9,1,1,,0,,,,,,,,,,,,,,,,,,,,,,,,,,,,,,,4,0,NPC_NONE,NPC_NONE,NPC_NONE,,,,,,,660,600,540,480,420,0,-1,0,,
MSEN_01_019,MSEN_01_019_NAME,MSEN_01_019_DESC,MSEN_01_019_NAME,MSEN_01_019_DESC,,7,30,40,1,0,FM07_01,SUB3,SNDS_BGM_M026_FM07,SNDS_BGM_M009_HUNTING,,,STOR_10_TONEWFUTURE,MSEN_01_014,,,4.6,3.2,4.6,2.2,5.8,2.7,4.6,2.2,AGL0163,31,1,1,,0,,,,,,,,,,,,,,,,,,,,,,,,,,,,,,,,,,,,,,,,,,,,,,,,,,,,,,,4,0,NPC_NONE,NPC_NONE,NPC_NONE,,,,,,,840,780,720,660,600,0,-1,0,,
MSEN_01_024,MSEN_01_024_NAME,MSEN_01_024_DESC,MSEN_01_024_NAME,MSEN_01_024_DESC,,7,30,40,1,0,FM01_01,SUB3,SNDS_BGM_M021_FM01,SNDS_BGM_M025_FM06,,,STOR_10_TONEWFUTURE,MSEN_01_019,,,3,2.2,6,2.2,6,2.8,4.8,2.2,AGL0111,5,1,0,,2,AGL0101,3,1,1,,2,,,,,,,,,,,,,,,,,,,,,,,,,,,,,,,,,,,,,,,,,,,,,,,,,4,0,NPC_NONE,NPC_NONE,NPC_NONE,,,,,,,1140,1080,1020,960,900,0,-1,0,,
MSEN_01_029,MSEN_01_029_NAME,MSEN_01_029_DESC,MSEN_01_029_NAME,MSEN_01_029_DESC,,7,30,40,1,0,FM03_01,SUB3,SNDS_BGM_M023_FM03,SNDS_BGM_M070_AKKI,,,STOR_10_TONEWFUTURE,MSEN_01_024,,,3.1,2.3,5,2.3,6.3,2.8,5,2.3,AGL0161,25,1,1,,0,AGM0093,5,1,1,,5,,,,,,,,,,,,,,,,,,,,,,,,,,,,,,,,,,,,,,,,,,,,,,,,,4,0,NPC_NONE,NPC_NONE,NPC_NONE,,,,,,,1440,1380,1320,1260,1200,0,-1,0,,
MSEN_01_005,MSEN_01_005_NAME,MSEN_01_005_DESC,MSEN_01_005_NAME,MSEN_01_005_DESC,,7,30,40,1,0,FM04_02,SUB3,SNDS_BGM_M024_FM04,,,,STOR_10_TONEWFUTURE,,,,3,2,7,2,5,2.5,4,2,AGM0081,24,1,1,,0,,,,,,,,,,,,,,,,,,,,,,,,,,,,,,,,,,,,,,,,,,,,,,,,,,,,,,,4,0,NPC_NONE,NPC_NONE,NPC_NONE,,,,,,,540,480,420,360,300,0,-1,0,,
MSEN_01_010,MSEN_01_010_NAME,MSEN_01_010_DESC,MSEN_01_010_NAME,MSEN_01_010_DESC,,7,30,40,1,0,FM06_02,SUB3,SNDS_BGM_M025_FM06,SNDS_BGM_M012_EVENT_RED_QUEEN,,,STOR_10_TONEWFUTURE,MSEN_01_005,,,3.2,2,4.2,2,7.4,2.6,4.2,2,AGL0141,36,1,1,,0,,,,,,,,,,,,,,,,,,,,,,,,,,,,,,,,,,,,,,,,,,,,,,,,,,,,,,,4,0,NPC_NONE,NPC_NONE,NPC_NONE,,,,,,,600,540,480,420,360,0,-1,0,,
MSEN_01_015,MSEN_01_015_NAME,MSEN_01_015_DESC,MSEN_01_015_NAME,MSEN_01_015_DESC,,7,30,40,1,0,FM03_02,SUB3,SNDS_BGM_M023_FM03,SNDS_BGM_M025_FM06,,,STOR_10_TONEWFUTURE,MSEN_01_010,,,2.8,2.1,4.4,2.1,7.7,2.6,4.4,2.1,AGM0031,1,1,0,,0,,,,,,,,,,,,,,,,,,,,,,,,,,,,,,,,,,,,,,,,,,,,,,,,,,,,,,,4,0,NPC_NONE,NPC_NONE,NPC_NONE,,,,,,,660,600,540,480,420,0,-1,0,,
MSEN_01_020,MSEN_01_020_NAME,MSEN_01_020_DESC,MSEN_01_020_NAME,MSEN_01_020_DESC,,7,30,40,1,0,FM03_02,SUB3,SNDS_BGM_M023_FM03,SNDS_BGM_M053_BATTLE_OTHER2,,,STOR_10_TONEWFUTURE,MSEN_01_015,,,2.9,2.2,4.6,2.2,8.1,2.7,4.6,2.2,AGM0062,25,1,1,,0,,,,,,,,,,,,,,,,,,,,,,,,,,,,,,,,,,,,,,,,,,,,,,,,,,,,,,,4,0,NPC_NONE,NPC_NONE,NPC_NONE,,,,,,,840,780,720,660,600,0,-1,0,,
MSEN_01_025,MSEN_01_025_NAME,MSEN_01_025_DESC,MSEN_01_025_NAME,MSEN_01_025_DESC,,7,30,40,1,0,FM04_01,SUB3,SNDS_BGM_M024_FM04,SNDS_BGM_M082_WINGS,,,STOR_10_TONEWFUTURE,MSEN_01_020,,,4.2,2.2,4.8,2.2,9.6,2.8,4.8,2.2,AGL0063,10,1,1,,2,AGM0061,7,1,1,,2,,,,,,,,,,,,,,,,,,,,,,,,,,,,,,,,,,,,,,,,,,,,,,,,,4,0,NPC_NONE,NPC_NONE,NPC_NONE,,,,,,,1140,1080,1020,960,900,0,-1,0,,
MSEN_01_030,MSEN_01_030_NAME,MSEN_01_030_DESC,MSEN_01_030_NAME,MSEN_01_030_DESC,,7,30,40,1,0,FM01_02,SUB3,SNDS_BGM_M021_FM01,SNDS_BGM_M104_DEO_VOLENTE,,,STOR_10_TONEWFUTURE,MSEN_01_025,,,2.9,2,5,2.3,6.3,2.8,5,2.3,AGL0173,11,1,1,,0,,,,,,,,,,,,,,,,,,,,,,,,,,,,,,,,,,,,,,,,,,,,,,,,,,,,,,,4,0,NPC_NONE,NPC_NONE,NPC_NONE,,,,,,,1440,1380,1320,1260,1200,0,-1,0,,
MSEN_01_031,MSEN_01_031_NAME,MSEN_01_031_DESC,MSEN_01_031_NAME,MSEN_01_031_DESC,,7,30,40,1,0,FM07_01,SUB3,,SNDS_BGM_M002_BATTLE_ASHBORN,,,STOR_10_TONEWFUTURE,,,,10.4,5.8,5.2,2.3,6.5,2.9,5.2,2.3,AGL0133,6,1,1,,0,,,,,,,,,,,,,,,,,,,,,,,,,,,,,,,,,,,,,,,,,,,,,,,,,,,,,,,4,0,NPC_NONE,NPC_NONE,NPC_NONE,,,,,,,1200,1140,1080,1020,960,0,-1,0,,
MODX_10_000,MODX_10_000_NAME,MSEN_01_025_DESC,MODX_10_000_NAME,MSEN_01_025_DESC,,7,30,30,1,0,FM07_01,RANDOM,SNDS_BGM_M023_FM03,SNDS_BGM_M102_NO_WAY_BACK,,,STOR_08_GOAL,,,,45,3,45,3,45,3,45,3,AGL0013_2,6,1,1,,0,,,,,,,,,,,,,,,,,,,,,,,,,,,,,,,,,,,,,,,,,,,,,,,,,,,,,,,4,0,,,,,,,,,,1440,1320,1200,1080,960,0,-1,0,,
MODX_10_001,MODX_10_001_NAME,MSEN_01_025_DESC,MODX_10_001_NAME,MSEN_01_025_DESC,,7,30,30,1,0,FM07_01,RANDOM,SNDS_BGM_M024_FM04,SNDS_BGM_M110_OVER_THE_CLOUDS,,,STOR_08_GOAL,,,,36,3.5,36,3.5,36,3.5,36,3.5,AGM0083,6,1,1,,0,,,,,,,,,,,,,,,,,,,,,,,,,,,,,,,,,,,,,,,,,,,,,,,,,,,,,,,4,0,,,,,,,,,,1440,1320,1200,1080,960,0,-1,0,,
MODX_10_002,MODX_10_002_NAME,MSEN_01_025_DESC,MODX_10_002_NAME,MSEN_01_025_DESC,,7,30,30,1,0,FM07_01,RANDOM,SNDS_BGM_M021_FM01,SNDS_BGM_M119_F_A_T_E,,,STOR_08_GOAL,,,,36,3.5,36,3.5,36,3.5,36,3.5,AGL0111,6,1,1,,0,,,,,,,,,,,,,,,,,,,,,,,,,,,,,,,,,,,,,,,,,,,,,,,,,,,,,,,4,0,,,,,,,,,,1440,1320,1200,1080,960,0,-1,0,,
MODX_10_003,MODX_10_003_NAME,MSEN_01_025_DESC,MODX_10_003_NAME,MSEN_01_025_DESC,,7,30,30,1,0,FM07_01,RANDOM,SNDS_BGM_M026_FM07,SNDS_BGM_M013_EVENT_ANXLETY,,,STOR_08_GOAL,,,,45,3,45,3,45,3,45,3,AGL0151,6,1,1,,0,,,,,,,,,,,,,,,,,,,,,,,,,,,,,,,,,,,,,,,,,,,,,,,,,,,,,,,4,0,,,,,,,,,,1440,1320,1200,1080,960,0,-1,0,,
MODX_10_004,MODX_10_004_NAME,MSEN_01_025_DESC,MODX_10_004_NAME,MSEN_01_025_DESC,,7,30,30,1,0,FM07_01,RANDOM,SNDS_BGM_M025_FM06,SNDS_BGM_M112_STEREO_FUTURE,,,STOR_08_GOAL,,,,50,3,50,3,50,3,50,3,AGL0132,6,1,1,,0,,,,,,,,,,,,,,,,,,,,,,,,,,,,,,,,,,,,,,,,,,,,,,,,,,,,,,,4,0,,,,,,,,,,1440,1320,1200,1080,960,0,-1,0,,
MODX_10_005,MODX_10_005_NAME,MSEN_01_025_DESC,MODX_10_005_NAME,MSEN_01_025_DESC,,7,30,30,1,0,FM07_01,RANDOM,,SNDS_BGM_M002_BATTLE_ASHBORN,,,STOR_08_GOAL,,,,50,3,50,3,50,3,50,3,AGL0133,6,1,1,,0,,,,,,,,,,,,,,,,,,,,,,,,,,,,,,,,,,,,,,,,,,,,,,,,,,,,,,,4,0,NPC_NONE,NPC_NONE,NPC_NONE,,,,,,,1440,1320,1200,1080,960,0,-1,0,,
MODX_10_006,MODX_10_006_NAME,MSEN_01_025_DESC,MODX_10_006_NAME,MSEN_01_025_DESC,,7,30,30,1,0,FM07_01,RANDOM,SNDS_BGM_M023_FM03,SNDS_BGM_M102_NO_WAY_BACK,,,STOR_08_GOAL,,,,16,3,16,3,16,3,16,3,AGL0013_2,6,1,1,,0,,,,,,,,,,,,,,,,,,,,,,,,,,,,,,,,,,,,,,,,,,,,,,,,,,,,,,,4,0,,,,,,,,,,1440,1320,1200,1080,960,0,-1,0,,
MODX_10_007,MODX_10_007_NAME,MSEN_01_025_DESC,MODX_10_007_NAME,MSEN_01_025_DESC,,7,30,30,1,0,FM07_01,RANDOM,SNDS_BGM_M024_FM04,SNDS_BGM_M110_OVER_THE_CLOUDS,,,STOR_08_GOAL,,,,11,3.5,11,3.5,11,3.5,11,3.5,AGM0083,6,1,1,,0,,,,,,,,,,,,,,,,,,,,,,,,,,,,,,,,,,,,,,,,,,,,,,,,,,,,,,,4,0,,,,,,,,,,1440,1320,1200,1080,960,0,-1,0,,
MODX_10_008,MODX_10_008_NAME,MSEN_01_025_DESC,MODX_10_008_NAME,MSEN_01_025_DESC,,7,30,30,1,0,FM07_01,RANDOM,SNDS_BGM_M021_FM01,SNDS_BGM_M119_F_A_T_E,,,STOR_08_GOAL,,,,11,3.5,11,3.5,11,3.5,11,3.5,AGL0111,6,1,1,,0,,,,,,,,,,,,,,,,,,,,,,,,,,,,,,,,,,,,,,,,,,,,,,,,,,,,,,,4,0,,,,,,,,,,1440,1320,1200,1080,960,0,-1,0,,
MODX_10_009,MODX_10_009_NAME,MSEN_01_025_DESC,MODX_10_009_NAME,MSEN_01_025_DESC,,7,30,30,1,0,FM07_01,RANDOM,SNDS_BGM_M026_FM07,SNDS_BGM_M013_EVENT_ANXLETY,,,STOR_08_GOAL,,,,16,3,16,3,16,3,16,3,AGL0151,6,1,1,,0,,,,,,,,,,,,,,,,,,,,,,,,,,,,,,,,,,,,,,,,,,,,,,,,,,,,,,,4,0,,,,,,,,,,1440,1320,1200,1080,960,0,-1,0,,
MODX_10_010,MODX_10_010_NAME,MSEN_01_025_DESC,MODX_10_010_NAME,MSEN_01_025_DESC,,7,30,30,1,0,FM07_01,RANDOM,SNDS_BGM_M025_FM06,SNDS_BGM_M112_STEREO_FUTURE,,,STOR_08_GOAL,,,,20,3,20,3,20,3,20,3,AGL0132,6,1,1,,0,,,,,,,,,,,,,,,,,,,,,,,,,,,,,,,,,,,,,,,,,,,,,,,,,,,,,,,4,0,,,,,,,,,,1440,1320,1200,1080,960,0,-1,0,,
MODX_10_011,MODX_10_011_NAME,MSEN_01_025_DESC,MODX_10_011_NAME,MSEN_01_025_DESC,,7,30,30,1,0,FM07_01,RANDOM,,SNDS_BGM_M002_BATTLE_ASHBORN,,,STOR_08_GOAL,,,,20,3,20,3,20,3,20,3,AGL0133,6,1,1,,0,,,,,,,,,,,,,,,,,,,,,,,,,,,,,,,,,,,,,,,,,,,,,,,,,,,,,,,4,0,NPC_NONE,NPC_NONE,NPC_NONE,,,,,,,1440,1320,1200,1080,960,0,-1,0,,
MODK_02_000,MODK_02_000_NAME,MODK_02_000_DESC,MODK_02_000_NAME,MODK_02_000_DESC,,7,60,10,1,0,FM07_01,SUB3,SNDS_BGM_M023_FM03,SNDS_BGM_M009_HUNTING,,,STOR_08_GOAL,,,,8,0.4,8,0.4,8,0.4,8,0.4,AGL0143,6,1,1,,0,AGL0143,7,1,1,,0,,,,,,,,,,,,,,,,,,,,,,,,,,,,,,,,,,,,,,,,,,,,,,,,,,,,,,,,,,,,,,,,,,,,,
MODK_02_001,MODK_02_001_NAME,MODK_02_001_DESC,MODK_02_001_NAME,MODK_02_001_DESC,,7,60,10,1,0,FM03_01,SUB3,SNDS_BGM_M023_FM03,SNDS_BGM_M070_AKKI,,,STOR_08_GOAL,,,,8,0.4,8,0.4,8,0.4,8,0.4,AGM0071,25,1,1,,0,AGM0072,5,1,1,,0,AGL0031,20,,1,,5,,,,,,,,,,,,,,,,,,,,,,,,,,,,,,,,,,,,,,,,,,,,,,,,,,,,,,,,,,,,,,,
MODK_02_002,MODK_02_002_NAME,MODK_02_002_DESC,MODK_02_002_NAME,MODK_02_002_DESC,,7,60,10,1,0,FM08_01,SUB3,SNDS_BGM_M072_KAGE,SNDS_BGM_M070_AKKI,,,STOR_08_GOAL,,,,8,0.4,8,0.4,8,0.4,8,0.4,AGL0153,25,1,1,,5,AGM0051,5,,1,,5,,,,,,,,,,,,,,,,,,,,,,,,,,,,,,,,,,,,,,,,,,,,,,,,,,,,,,,,,,,,,,,,,,,,,
MODS_03_000,MODS_03_000_NAME,MODS_03_000_DESC,MODS_03_000_NAME,MODS_03_000_DESC,,7,50,10,4,0,FM01_02,RANDOM,SNDS_BGM_M012_EVENT_RED_QUEEN,SNDS_BGM_M012_EVENT_RED_QUEEN,SNDS_BGM_M012_EVENT_RED_QUEEN,,STOR_08_GOAL,,,,15,4,15,4,15,4,15,4,AGL0111,0,1,1,,5,AGL0111,26,,1,,5,AGL0111,30,,1,,5,,,,,,,,,,,,,,,,,,,,,,,,,,,,,,,,,,,,,,,,,,,,,,,,,,,,,,2000,1750,1500,1250,1000,0,-1,0,,
MODS_03_001,MODS_03_001_NAME,MODS_03_001_DESC,MODS_03_001_NAME,MODS_03_001_DESC,,7,50,10,4,0,FM06_01,RANDOM,SNDS_BGM_M002_BATTLE_ASHBORN,SNDS_BGM_M002_BATTLE_ASHBORN,SNDS_BGM_M002_BATTLE_ASHBORN,,STOR_08_GOAL,,,,15,4,15,4,15,4,15,4,AGL0161,1,1,1,,5,,,,,,,,,,,,,,,,,,,,,,,,,,,,,,,,,,,,,,,,,,,,,,,,,,,,,,,,,,,,,,,,,,2000,1750,1500,1250,1000,0,-1,0,,
MODS_03_002,MODS_03_002_NAME,MODS_03_002_DESC,MODS_03_002_NAME,MODS_03_002_DESC,,7,60,10,4,0,FM04_02,RANDOM,SNDS_BGM_M024_FM04,SNDS_BGM_M024_FM04,SNDS_BGM_M024_FM04,,STOR_08_GOAL,,,,15,5,15,5,15,5,15,5,AGM0061,22,1,1,,5,AGM0062,26,1,1,,5,AGM0081,25,1,1,,5,AGM0083,10,1,1,,5,,,,,,,,,,,,,,,,,,,,,,,,,,,,,,,,,,,,,4,0,,,,,,,,,,2000,1750,1500,1250,1000,0,-1,0,,
MODS_03_003,MODS_03_003_NAME,MODS_03_003_DESC,MODS_03_003_NAME,MODS_03_003_DESC,,7,60,10,4,0,FM04_01,SUB3,SNDS_BGM_M082_WINGS,SNDS_BGM_M082_WINGS,SNDS_BGM_M082_WINGS,,STOR_08_GOAL,,,,14,5,14,5,14,5,14,5,AGL0163,25,1,1,,5,AGL0143,26,1,1,,5,,,,,,,,,,,,,,,,,,,,,,,,,,,,,,,,,,,,,,,,,,,,,,,,,,0,,,,,,,,,,2000,1750,1500,1250,1000,0,-1,0,,
MODS_03_004,MODS_03_004_NAME,MODS_03_004_DESC,MODS_03_004_NAME,MODS_03_004_DESC,,7,60,10,4,0,FM02_01,RANDOM,SNDS_BGM_M082_WINGS,SNDS_BGM_M082_WINGS,SNDS_BGM_M082_WINGS,,STOR_08_GOAL,,,,15,5,15,5,15,5,15,5,AGM0011,20,0,1,,5,AGM0011,26,0,1,,5,AGM0011,22,0,1,,5,AGM0011,6,0,1,,5,AGM0011,10,0,1,,5,AGL0062,24,1,1,,5,,,,,,,,,,,,,,,,,,,,,,,,,4,6,,,,,,,,,,2000,1750,1500,1250,1000,0,-1,0,,
MODS_03_005,MODS_03_005_NAME,MODS_03_005_DESC,MODS_03_005_NAME,MODS_03_005_DESC,,7,60,10,4,0,FM07_01,RANDOM,SNDS_BGM_M104_DEO_VOLENTE,SNDS_BGM_M104_DEO_VOLENTE,,,STOR_08_GOAL,,,,15,5,15,5,15,5,15,5,AGL0151,0,1,1,,0,AGL0152,26,1,1,,0,AGL0153,30,1,1,,0,AGM0051,10,1,1,,1,,,,,,,,,,,,,,,,,,,,,,,,,,,,,,,,,,,,,4,0,,,,,,,,,,1500,1260,1020,900,780,0,-1,0,,
MODS_03_006,MODS_03_006_NAME,MODS_03_006_DESC,MODS_03_006_NAME,MODS_03_006_DESC,,7,60,10,4,0,FM08_01,RANDOM,SNDS_BGM_M104_DEO_VOLENTE,SNDS_BGM_M104_DEO_VOLENTE,,,STOR_08_GOAL,,,,14,5,14,5,14,5,14,5,AGL0161,0,1,1,,0,AGL0162,4,1,1,,0,AGL0163,8,1,1,,0,,,,,,,,,,,,,,,,,,,,,,,,,,,,,,,,,,,,,,,,,,,4,0,,,,,,,,,,1500,1260,1020,900,780,0,-1,0,,
MODS_03_007,MODS_03_007_NAME,MODS_03_007_DESC,MODS_03_007_NAME,MODS_03_007_DESC,,7,90,10,4,0,FM03_02,RANDOM,SNDS_BGM_M090_EROSION,SNDS_BGM_M090_EROSION,SNDS_BGM_M090_EROSION,SNDS_BGM_M090_EROSION,STOR_08_GOAL,,,,15,5,15,5,15,5,15,5,AGL0051,25,1,1,,5,AGL0051,26,1,1,,5,AGL0051,22,1,1,,5,,,,,,,,,,,,,,,,,,,,,,,,,,,,,,,,,,,,,,,,,,,,,,,,,,,,,,1500,1260,1020,900,780,0,-1,0,,
MODS_03_008,MODS_03_008_NAME,MODS_03_008_DESC,MODS_03_008_NAME,MODS_03_008_DESC,,7,90,10,4,0,FM06_01,RANDOM,SNDS_BGM_M072_KAGE,SNDS_BGM_M072_KAGE,SNDS_BGM_M072_KAGE,SNDS_BGM_M072_KAGE,STOR_08_GOAL,,,,14,3,14,3,14,3,14,3,AGL0143,1,1,0,,0,AGL0143,8,1,0,,0,AGL0132,9,1,0,,0,AGL0132,13,1,0,,0,,,,,,,,,,,,,,,,,,,,,,,,,,,,,,,,,,,,,4,0,,,,,,,,,,2000,1750,1500,1250,1000,0,-1,0,,
MODS_03_009,MODS_03_009_NAME,MODS_03_009_DESC,MODS_03_009_NAME,MODS_03_009_DESC,,7,90,10,4,0,FM04_01,RANDOM,SNDS_BGM_M070_AKKI,SNDS_BGM_M070_AKKI,SNDS_BGM_M070_AKKI,SNDS_BGM_M070_AKKI,STOR_08_GOAL,,,,14,3,14,3,14,3,14,3,AGL0132,1,1,0,,5,,,,,,,,,,,,,,,,,,,,,,,,,,,,,,,,,,,,,,,,,,,,,,,,,,,,,,,4,0,,,,,,,,,,2000,1750,1500,1250,1000,0,-1,0,,
MODS_03_010,MODS_03_010_NAME,MODS_03_010_DESC,MODS_03_010_NAME,MODS_03_010_DESC,,7,35,10,4,0,FM03_02,RANDOM,SNDS_BGM_M080_KING,SNDS_BGM_M095_BEE,,,STOR_08_GOAL,,,,12,5,12,5,12,5,12,5,AGL0111,22,1,0,,0,AGL0111,25,1,0,,0,AGL0111,26,1,0,,0,AGL0111,21,1,0,,0,,,,,,,,,,,,,,,,,,,,,,,,,,,,,,,,,,,,,4,7,,,,,,,,,,1500,1260,1020,900,780,0,-1,0,,
MODS_03_011,MODS_03_011_NAME,MODS_03_011_DESC,MODS_03_011_NAME,MODS_03_011_DESC,,7,99,10,4,0,FM06_01,RANDOM,SNDS_BGM_M093_BET,SNDS_BGM_M093_BET,SNDS_BGM_M093_BET,SNDS_BGM_M093_BET,STOR_08_GOAL,,,,15,4,15,4,15,4,15,4,AGL0171,1,1,0,,5,AGL0172,26,1,1,,5,AGL0173,30,1,1,,5,AGL0174,10,1,0,,5,,,,,,,,,,,,,,,,,,,,,,,,,,,,,,,,,,,,,4,0,,,,,,,,,,1500,1260,1020,900,780,0,-1,0,,
MODS_03_012,MODS_03_012_NAME,MODS_03_012_DESC,MODS_03_012_NAME,MODS_03_012_DESC,,7,60,10,4,0,FM01_01,RANDOM,SNDS_BGM_M133_TEARS_OF_PASSION_UNEXPECTED,SNDS_BGM_M133_TEARS_OF_PASSION_UNEXPECTED,SNDS_BGM_M133_TEARS_OF_PASSION_UNEXPECTED,SNDS_BGM_M133_TEARS_OF_PASSION_UNEXPECTED,STOR_08_GOAL,,,,0.8,0.8,0.8,0.8,0.8,0.8,0.8,0.8,AGL0133,25,1,0,,0,AGL0133,26,1,1,,0,AGL0133,24,1,1,,0,,,,,,,,,,,,,,,,,,,,,,,,,,,,,,,,,,,,,,,,,,,4,0,,,,,,,,,,2000,1750,1500,1250,1000,0,-1,0,,
MODS_03_013,MODS_03_013_NAME,MODS_03_013_DESC,MODS_03_013_NAME,MODS_03_013_DESC,,7,70,10,4,0,FM04_02,RANDOM,SNDS_BGM_M074_GOD,SNDS_BGM_M074_GOD,SNDS_BGM_M074_GOD,SNDS_BGM_M074_GOD,STOR_08_GOAL,,,,15,5.5,12,5.5,12,5.5,12,5.5,AGM0091,1,1,0,,0,AGM0092,8,1,0,,0,AGM0093,9,1,0,,0,,,,,,,,,,,,,,,,,,,,,,,,,,,,,,,,,,,,,,,,,,,4,0,,,,,,,,,,2000,1750,1500,1250,1000,0,-1,0,,
MODS_03_014,MODS_03_014_NAME,MODS_03_014_DESC,MODS_03_014_NAME,MODS_03_014_DESC,,7,70,10,4,0,FM04_02,RANDOM,SNDS_BGM_M053_BATTLE_OTHER2,SNDS_BGM_M053_BATTLE_OTHER2,SNDS_BGM_M053_BATTLE_OTHER2,SNDS_BGM_M053_BATTLE_OTHER2,STOR_08_GOAL,,,,12,4,15,4,15,4,15,4,AGL0171,22,1,0,,0,AGL0172,26,1,0,,0,AGL0173,25,1,0,,0,AGL0174,10,1,0,,0,,,,,,,,,,,,,,,,,,,,,,,,,,,,,,,,,,,,,4,0,,,,,,,,,,2000,1750,1500,1250,1000,0,-1,0,,
MODS_03_015,MODS_03_015_NAME,MODS_03_015_DESC,MODS_03_015_NAME,MODS_03_015_DESC,,7,60,10,4,0,FM07_01,RANDOM,SNDS_BGM_M082_WINGS,SNDS_BGM_M082_WINGS,SNDS_BGM_M082_WINGS,SNDS_BGM_M082_WINGS,STOR_08_GOAL,,,,15,4,15,4,15,4,15,4,AGL0131,0,1,1,,5,AGL0141,26,1,1,,5,AGL0151,30,1,0,,5,AGL0161,7,1,1,,5,AGL0171,10,1,1,,5,,,,,,,,,,,,,,,,,,,,,,,,,,,,,,,4,0,,,,,,,,,,2000,1750,1500,1250,1000,,,0,,
MODS_03_016,MODS_03_016_NAME,MODS_03_016_DESC,MODS_03_016_NAME,MODS_03_016_DESC,,7,50,10,4,0,FM08_01,RANDOM,SNDS_BGM_M101_RES_LAST_BOSS,SNDS_BGM_M101_RES_LAST_BOSS,SNDS_BGM_M101_RES_LAST_BOSS,SNDS_BGM_M101_RES_LAST_BOSS,STOR_08_GOAL,,,,15,4,15,4,15,4,15,4,AGL0135,0,1,1,,5,AGL0016,26,1,1,,5,AGL0064,30,1,0,,5,AGL0153,7,1,1,,5,AGL0174,10,1,1,,5,,,,,,,,,,,,,,,,,,,,,,,,,,,,,,,4,0,,,,,,,,,,2000,1750,1500,1250,1000,,,0,,
MODS_03_017,MODS_03_017_NAME,MODS_03_017_DESC,MODS_03_017_NAME,MODS_03_017_DESC,,7,60,10,4,0,FM01_01,RANDOM,SNDS_BGM_M080_KING,SNDS_BGM_M104_DEO_VOLENTE,SNDS_BGM_M009_HUNTING,SNDS_BGM_M101_RES_LAST_BOSS,STOR_08_GOAL,,,,15,4,15,4,15,4,15,4,AGM0021,27,1,0,,5,AGM0021,29,1,0,,5,AGM0021,28,1,0,,5,,,,,,,,,,,,,,,,,,,,,,,,,,,,,,,,,,,,,,,,,,,4,0,,,,,,,,,,2000,1750,1500,1250,1000,,,0,,
MODS_03_018,MODS_03_018_NAME,MODS_03_018_DESC,MODS_03_018_NAME,MODS_03_018_DESC,,7,60,10,4,0,FM02_01,RANDOM,SNDS_BGM_M080_KING,SNDS_BGM_M104_DEO_VOLENTE,SNDS_BGM_M009_HUNTING,SNDS_BGM_M101_RES_LAST_BOSS,STOR_08_GOAL,,,,15,3,15,3,15,3,15,3,AGL0172,1,1,0,,5,AGL0171,9,1,0,,5,AGL0173,0,1,0,,5,,,,,,,,,,,,,,,,,,,,,,,,,,,,,,,,,,,,,,,,,,,4,0,,,,,,,,,,2000,1750,1500,1250,1000,,,0,,
