mission_id,put_index,passed_time_by_mission_start,judge_type,target_put_index,put_type,pop_hp_ratio,enemy_id_1,en_pos_no_1,is_target_1,en_pop_type_1,is_infinite_1,active_type_1,enemy_id_2,en_pos_no_2,is_target_2,en_pop_type_2,is_infinite_2,active_type_2,enemy_id_3,en_pos_no_3,is_target_3,en_pop_type_3,is_infinite_3,active_type_3,enemy_id_4,en_pos_no_4,is_target_4,en_pop_type_4,is_infinite_4,active_type_4,enemy_id_5,en_pos_no_5,is_target_5,en_pop_type_5,is_infinite_5,active_type_5,enemy_id_6,en_pos_no_6,is_target_6,en_pop_type_6,is_infinite_6,active_type_6,enemy_id_7,en_pos_no_7,is_target_7,en_pop_type_7,is_infinite_7,active_type_7,enemy_id_8,en_pos_no_8,is_target_8,en_pop_type_8,is_infinite_8,active_type_8,enemy_id_9,en_pos_no_9,is_target_9,en_pop_type_9,is_infinite_9,active_type_9,enemy_id_10,en_pos_no_10,is_target_10,en_pop_type_10,is_infinite_10,active_type_10,pop_quest_num
MSSP_01_004,1,,QUEST_ONLY,0,NORMAL,,AGM0021,0,1,0,,,,,,,,,,,,,,,,,,,,,,,,,,,,,,,,,,,,,,,,,,,,,,,,,,,,,,,,,
MSSP_01_004,2,,QUEST_ONLY,1,NORMAL,,AGM0061,0,1,0,,,,,,,,,,,,,,,,,,,,,,,,,,,,,,,,,,,,,,,,,,,,,,,,,,,,,,,,,
MSSP_01_005,1,0.2,TIME_ONLY,0,NORMAL,,AGM0031,7,1,0,,4,,,,,,,,,,,,,,,,,,,,,,,,,,,,,,,,,,,,,,,,,,,,,,,,,,,,,,,
MSSP_01_005,2,0.4,TIME_ONLY,0,NORMAL,,AGM0031,7,1,0,,4,,,,,,,,,,,,,,,,,,,,,,,,,,,,,,,,,,,,,,,,,,,,,,,,,,,,,,,
MSSP_01_006,1,,QUEST_ONLY,0,NORMAL,,AGL0051,1,1,0,,,,,,,,,,,,,,,,,,,,,,,,,,,,,,,,,,,,,,,,,,,,,,,,,,,,,,,,,
MSSP_01_006,2,,QUEST_ONLY,1,NORMAL,,AGL0013,1,1,0,,,,,,,,,,,,,,,,,,,,,,,,,,,,,,,,,,,,,,,,,,,,,,,,,,,,,,,,,
MSSP_01_007,1,,QUEST_ONLY,0,NORMAL,,AGL0111,4,1,0,,1,,,,,,,,,,,,,,,,,,,,,,,,,,,,,,,,,,,,,,,,,,,,,,,,,,,,,,,
MSSP_01_007,2,,QUEST_ONLY,1,NORMAL,,AGL0131,2,1,0,,1,,,,,,,,,,,,,,,,,,,,,,,,,,,,,,,,,,,,,,,,,,,,,,,,,,,,,,,
MODX_01_021,1,,HP_RATIO,0,NORMAL,,AGL0053,3,1,1,,5,,,,,,,,,,,,,,,,,,,,,,,,,,,,,,,,,,,,,,,,,,,,,,,,,,,,,,,
MODX_01_021,2,,HP_RATIO,1,NORMAL,,AGL0054,9,1,1,,5,,,,,,,,,,,,,,,,,,,,,,,,,,,,,,,,,,,,,,,,,,,,,,,,,,,,,,,
MODX_01_022,1,,QUEST_ONLY,0,NORMAL,,AGL0141,3,1,0,,,,,,,,,,,,,,,,,,,,,,,,,,,,,,,,,,,,,,,,,,,,,,,,,,,,,,,,,
MODX_01_023,1,,QUEST_ONLY,0,NORMAL,,AGL0151,3,1,0,,,,,,,,,,,,,,,,,,,,,,,,,,,,,,,,,,,,,,,,,,,,,,,,,,,,,,,,,
MODX_01_023,2,,QUEST_ONLY,1,NORMAL,,AGL0131,1,1,0,,,,,,,,,,,,,,,,,,,,,,,,,,,,,,,,,,,,,,,,,,,,,,,,,,,,,,,,,
MODX_01_024,1,,QUEST_ONLY,0,NORMAL,,AGL0014,4,1,0,,,,,,,,,,,,,,,,,,,,,,,,,,,,,,,,,,,,,,,,,,,,,,,,,,,,,,,,,
MODX_01_024,2,,QUEST_ONLY,1,NORMAL,,AGL0143,2,1,0,,,,,,,,,,,,,,,,,,,,,,,,,,,,,,,,,,,,,,,,,,,,,,,,,,,,,,,,,
MODX_01_025,1,,QUEST_ONLY,0,NORMAL,,AGL0054,0,1,0,,,,,,,,,,,,,,,,,,,,,,,,,,,,,,,,,,,,,,,,,,,,,,,,,,,,,,,,,
MODX_01_025,2,,QUEST_ONLY,1,NORMAL,,AGL0173,2,1,0,,,,,,,,,,,,,,,,,,,,,,,,,,,,,,,,,,,,,,,,,,,,,,,,,,,,,,,,,
MODX_01_026,1,,QUEST_ONLY,0,NORMAL,,AGL0142,11,1,1,,0,,,,,,,,,,,,,,,,,,,,,,,,,,,,,,,,,,,,,,,,,,,,,,,,,,,,,,,
MODX_01_027,1,,QUEST_ONLY,0,NORMAL,,AGL0152,3,1,0,,0,,,,,,,,,,,,,,,,,,,,,,,,,,,,,,,,,,,,,,,,,,,,,,,,,,,,,,,
MODX_01_027,2,,QUEST_ONLY,1,NORMAL,,AGL0132,1,1,1,,0,,,,,,,,,,,,,,,,,,,,,,,,,,,,,,,,,,,,,,,,,,,,,,,,,,,,,,,
MODX_01_028,1,,QUEST_ONLY,0,NORMAL,,AGL0111,4,1,1,,5,,,,,,,,,,,,,,,,,,,,,,,,,,,,,,,,,,,,,,,,,,,,,,,,,,,,,,,
MODX_01_028,2,,QUEST_ONLY,1,NORMAL,,AGL0062,1,1,1,,5,,,,,,,,,,,,,,,,,,,,,,,,,,,,,,,,,,,,,,,,,,,,,,,,,,,,,,,
