mission_id,title_text_id,contents_text_id,title_text_id_2,contents_text_id_2,goal_text_id,rank,limit_time,clear_free_time,type,mode,field_id,weather,bgm,cc_bgm,engage_bgm,start_jingle,open_progress,open_mission_id,next_mission_id,phase,hp_coefficient_1,attack_coefficient_1,hp_coefficient_2,attack_coefficient_2,hp_coefficient_3,attack_coefficient_3,hp_coefficient_4,attack_coefficient_4,enemy_id_1,en_pos_no_1,is_target_1,en_pop_type_1,is_infinite_1,active_type_1,enemy_id_2,en_pos_no_2,is_target_2,en_pop_type_2,is_infinite_2,active_type_2,enemy_id_3,en_pos_no_3,is_target_3,en_pop_type_3,is_infinite_3,active_type_3,enemy_id_4,en_pos_no_4,is_target_4,en_pop_type_4,is_infinite_4,active_type_4,enemy_id_5,en_pos_no_5,is_target_5,en_pop_type_5,is_infinite_5,active_type_5,enemy_id_6,en_pos_no_6,is_target_6,en_pop_type_6,is_infinite_6,active_type_6,enemy_id_7,en_pos_no_7,is_target_7,en_pop_type_7,is_infinite_7,active_type_7,enemy_id_8,en_pos_no_8,is_target_8,en_pop_type_8,is_infinite_8,active_type_8,enemy_id_9,en_pos_no_9,is_target_9,en_pop_type_9,is_infinite_9,active_type_9,enemy_id_10,en_pos_no_10,is_target_10,en_pop_type_10,is_infinite_10,active_type_10,join_num,player_pos_group,npc_chara_id_1,npc_chara_id_2,npc_chara_id_3,bk_chara_id,operator_chara_id,mission_lsd,start_event_id(battle),end_event_id(battle),rankB_clear_time,rankA_clear_time,rankAA_clear_time,rankS_clear_time,rankSS_clear_time,rankSSS_clear_time,platform,event_type,mission_motion_type,is_prohibit_enemy_dinner,special_mission_type
MSPU_01_001,MSPU_01_001_NAME,MSPU_01_001_DESC,MSPU_01_001_NAME,MSPU_01_001_DESC,,7,40,40,4,0,FM02_01,MAIN,,SNDS_BGM_M070_AKKI,,,STOR_08_GOAL,,,,3,1,3,1,3,1,3,1,AGM0093,9,1,0,,0,,,,,,,,,,,,,,,,,,,,,,,,,,,,,,,,,,,,,,,,,,,,,,,,,,,,,,,4,0,,,,,,,,,,780,660,540,480,420,,,,,
MSPU_01_002,MSPU_01_002_NAME,MSPU_01_002_DESC,MSPU_01_002_NAME,MSPU_01_002_DESC,,7,40,40,4,0,FM04_01,MAIN,,SNDS_BGM_M072_KAGE,,,STOR_08_GOAL,,,,3,1,3,1,3,1,3,1,AGL0014,31,1,1,,0,,,,,,,,,,,,,,,,,,,,,,,,,,,,,,,,,,,,,,,,,,,,,,,,,,,,,,,4,0,,,,,,,,,,780,720,660,600,540,,,,,
MSPU_01_003,MSPU_01_003_NAME,MSPU_01_003_DESC,MSPU_01_003_NAME,MSPU_01_003_DESC,,7,40,40,4,0,FM03_01,SUB2,,SNDS_BGM_M074_GOD,,,STOR_08_GOAL,,,,3,1,3,1,3,1,3,1,AGL0143,4,1,1,,0,,,,,,,,,,,,,,,,,,,,,,,,,,,,,,,,,,,,,,,,,,,,,,,,,,,,,,,4,0,,,,,,,,,,900,840,780,720,660,,,,,
MSPU_01_004,MSPU_01_004_NAME,MSPU_01_004_DESC,MSPU_01_004_NAME,MSPU_01_004_DESC,,7,40,40,4,0,FM01_01,SUB1,,SNDS_BGM_M082_WINGS,,,STOR_08_GOAL,,,,3,1,3,1,3,1,3,1,AGL0063,7,1,0,,0,,,,,,,,,,,,,,,,,,,,,,,,,,,,,,,,,,,,,,,,,,,,,,,,,,,,,,,4,0,,,,,,,,,,780,720,660,600,540,,,,,
MSPU_01_005,MSPU_01_005_NAME,MSPU_01_005_DESC,MSPU_01_005_NAME,MSPU_01_005_DESC,,7,40,40,4,0,FM02_02,SUB1,,SNDS_BGM_M080_KING,,,STOR_08_GOAL,,,,3,1,3,1,3,1,3,1,AGL0054,21,1,1,,0,,,,,,,,,,,,,,,,,,,,,,,,,,,,,,,,,,,,,,,,,,,,,,,,,,,,,,,4,3,,,,,,,,,,900,840,780,720,660,,,,,
MSPU_01_006,MSPU_01_006_NAME,MSPU_01_006_DESC,MSPU_01_006_NAME,MSPU_01_006_DESC,,7,40,40,4,0,FM06_01,MAIN,,SNDS_BGM_M104_DEO_VOLENTE,,,STOR_08_GOAL,,,,3,1,3,1,3,1,3,1,AGL0173,25,1,1,,0,,,,,,,,,,,,,,,,,,,,,,,,,,,,,,,,,,,,,,,,,,,,,,,,,,,,,,,4,0,,,,,,,,,,900,840,780,720,660,,,,,
MSPU_01_007,MSPU_01_007_NAME,MSPU_01_007_DESC,MSPU_01_007_NAME,MSPU_01_007_DESC,,7,40,40,4,0,FM06_02,MAIN,SNDS_BGM_M022_FM02,SNDS_BGM_M002_BATTLE_ASHBORN,,,STOR_08_GOAL,,,,2.2,1,2.2,1,2.2,1,2.2,1,AGL0132,7,1,0,,0,,,,,,,,,,,,,,,,,,,,,,,,,,,,,,,,,,,,,,,,,,,,,,,,,,,,,,,4,0,,,,,,,,,,780,720,660,600,540,,,,,
MODX_01_021,MODX_01_021_NAME,MODX_01_033_DESC,MODX_01_021_NAME,MODX_01_033_DESC,,7,40,40,4,0,FM01_01,RANDOM,SNDS_BGM_M102_NO_WAY_BACK,SNDS_BGM_M102_NO_WAY_BACK,SNDS_BGM_M102_NO_WAY_BACK,,STOR_08_GOAL,,,,3.5,2.5,3.5,2.5,3.5,2.5,3.5,2.5,AGL0051,7,1,1,,5,,,,,,,,,,,,,,,,,,,,,,,,,,,,,,,,,,,,,,,,,,,,,,,,,,,,,,,4,1,,,,,,,,,,1000,900,780,600,480,,,0,,
MODX_01_022,MSFR_07_509_NAME,MSFR_07_509_DESC,MSFR_07_509_NAME,MSFR_07_509_DESC,,7,40,40,4,2,FM06_02,RANDOM,SNDS_BGM_M025_FM06,SNDS_BGM_M009_HUNTING,,,STOR_08_DUSTY,MSFR_07_508,MODX_01_023,1,5,2,5,2,5,2,5,2,AGL0161,1,1,0,,,,,,,,,,,,,,,,,,,,,,,,,,,,,,,,,,,,,,,,,,,,,,,,,,,,,,,,,4,0,,,,,,,,,,1080,1020,960,900,840,0,-1,0,,
MODX_01_023,MSFR_07_509_NAME,MSFR_07_510_DESC,MSFR_07_509_NAME,MSFR_07_510_DESC,,7,40,40,4,1,FM06_01,RANDOM,SNDS_BGM_M025_FM06,SNDS_BGM_M053_BATTLE_OTHER2,,,STOR_08_DUSTY,MSFR_07_508,,2,4.5,2,4.5,2,4.5,2,4.5,2,AGL0171,4,1,3,,,,,,,,,,,,,,,,,,,,,,,,,,,,,,,,,,,,,,,,,,,,,,,,,,,,,,,,,4,0,,,,,,,,,,1500,1440,1380,1320,1260,0,-1,0,,
MODX_01_024,MSHD_01_031_NAME,MSHD_01_031_DESC,MSHD_01_031_NAME,MSHD_01_031_DESC,,7,40,40,4,2,FM01_01,RANDOM,SNDS_BGM_M023_FM03,SNDS_BGM_M010_BATTLE_LAST,,,STOR_08_GOAL,,MODX_01_025,1,4.5,2,4.5,2,4.5,2,4.5,2,AGM0093,16,1,1,,,,,,,,,,,,,,,,,,,,,,,,,,,,,,,,,,,,,,,,,,,,,,,,,,,,,,,,,4,0,,,,,,,,,,1380,1260,1140,1020,900,,,0,,
MODX_01_025,MSHD_01_031_NAME,MSHD_01_031_DESC,MSHD_01_031_NAME,MSHD_01_031_DESC,,7,40,40,4,1,FM01_02,RANDOM,SNDS_BGM_M023_FM03,SNDS_BGM_M001_MAIN_THEMA,,,STOR_08_GOAL,,,2,4.5,2,4.5,2,4.5,2,4.5,2,AGL0063,22,1,1,,,,,,,,,,,,,,,,,,,,,,,,,,,,,,,,,,,,,,,,,,,,,,,,,,,,,,,,,4,0,,,,,,,,,,1380,1260,1140,1020,900,,,0,,
MODX_01_026,MODX_01_006_NAME,MODX_01_006_DESC,MODX_01_006_NAME,MODX_01_006_DESC,,7,40,40,4,2,FM01_01,RANDOM,SNDS_BGM_M009_HUNTING,SNDS_BGM_M012_EVENT_RED_QUEEN,SNDS_BGM_M009_HUNTING,,STOR_08_GOAL,,MODX_01_027,1,5,2.5,5,2.5,5,2.5,5,2.5,AGL0162,7,1,0,,0,,,,,,,,,,,,,,,,,,,,,,,,,,,,,,,,,,,,,,,,,,,,,,,,,,,,,,,4,0,,,,,,,,,,1000,900,780,600,480,,,0,,
MODX_01_027,MODX_01_006_NAME,MODX_01_006_DESC,MODX_01_006_NAME,MODX_01_006_DESC,,7,40,40,4,1,FM06_01,RANDOM,SNDS_BGM_M053_BATTLE_OTHER2,SNDS_BGM_M002_BATTLE_ASHBORN,SNDS_BGM_M009_HUNTING,,STOR_08_GOAL,,,2,4.5,2.5,4.5,2.5,4.5,2.5,4.5,2.5,AGL0172,0,1,1,,0,,,,,,,,,,,,,,,,,,,,,,,,,,,,,,,,,,,,,,,,,,,,,,,,,,,,,,,4,0,,,,,,,,,,1000,900,780,600,480,,,0,,
MODX_01_028,MODX_01_004_NAME,MODX_01_004_DESC,MODX_01_004_NAME,MODX_01_004_DESC,,7,40,40,4,0,FM03_01,RANDOM,SNDS_BGM_M112_BACK_DOWN,SNDS_BGM_M093_BET,SNDS_BGM_M009_HUNTING,,STOR_08_GOAL,,,,5,2.5,5,2.5,5,2.5,5,2.5,AGL0101,1,1,1,,0,,,,,,,,,,,,,,,,,,,,,,,,,,,,,,,,,,,,,,,,,,,,,,,,,,,,,,,4,0,,,,,,,,,,1500,1260,1020,900,780,,,0,,
