mission_id,money,condition_id1,item_id1,prob1,condition_id2,item_id2,prob2,condition_id3,item_id3,prob3,condition_id4,item_id4,prob4,condition_id5,item_id5,prob5,condition_id6,item_id6,prob6,condition_id7,item_id7,prob7,condition_id8,item_id8,prob8,condition_id9,item_id9,prob9,condition_id10,item_id10,prob10,condition_id11,item_id11,prob11,condition_id12,item_id12,prob12,condition_id13,item_id13,prob13,condition_id14,item_id14,prob14,condition_id15,item_id15,prob15,condition_id16,item_id16,prob16,condition_id17,item_id17,prob17,condition_id18,item_id18,prob18,condition_id19,item_id19,prob19,condition_id20,item_id20,prob20,condition_id21,item_id21,prob21,condition_id22,item_id22,prob22,condition_id23,item_id23,prob23,condition_id24,item_id24,prob24,condition_id25,item_id25,prob25,condition_id26,item_id26,prob26,condition_id27,item_id27,prob27,condition_id28,item_id28,prob28,condition_id29,item_id29,prob29,condition_id30,item_id30,prob30,condition_id31,item_id31,prob31,condition_id32,item_id32,prob32,condition_id33,item_id33,prob33,condition_id34,item_id34,prob34,condition_id35,item_id35,prob35,condition_id36,item_id36,prob36,condition_id37,item_id37,prob37,condition_id38,item_id38,prob38,condition_id39,item_id39,prob39,condition_id40,item_id40,prob40,condition_id41,item_id41,prob41,condition_id42,item_id42,prob42,condition_id43,item_id43,prob43,condition_id44,item_id44,prob44,condition_id45,item_id45,prob45,condition_id46,item_id46,prob46,condition_id47,item_id47,prob47,condition_id48,item_id48,prob48,condition_id49,item_id49,prob49,condition_id50,item_id50,prob50,condition_id51,item_id51,prob51,condition_id52,item_id52,prob52,condition_id53,item_id53,prob53,condition_id54,item_id54,prob54,condition_id55,item_id55,prob55,condition_id56,item_id56,prob56,condition_id57,item_id57,prob57,condition_id58,item_id58,prob58,condition_id59,item_id59,prob59,condition_id60,item_id60,prob60,condition_id61,item_id61,prob61,condition_id62,item_id62,prob62,condition_id63,item_id63,prob63,condition_id64,item_id64,prob64,gap
MSPU_01_001,7750,MSN_CND_001,ITEM_MTL_M_0093_001,44,MSN_CND_001,ITEM_MTL_M_0093_002,44,MSN_CND_001,ITEM_MTL_M_0093_001,25,MSN_CND_001,ITEM_MTL_M_0093_002,25,MSN_CND_001,ITEM_MTL_M_0093_006,3,MSN_CND_012,ITEM_MTL_M_0093_003,25,MSN_CND_012,ITEM_MTL_M_0093_004,25,MSN_CND_012,ITEM_MTL_M_0093_005,25,MSN_CND_011,ITEM_MTL_M_0093_006,3,,,,,,,,,,,,,,,,,,,,,,,,,,,,,,,,,,,,,,,,,,,,,,,,,,,,,,,,,,,,,,,,,,,,,,,,,,,,,,,,,,MSN_CND_006,ITEM_MTL_E0010_007,50,MSN_CND_014,ITEM_MTL_E0010_014,50,MSN_CND_012,ITEM_BTL_003,50,MSN_CND_012,ITEM_BTL_006,30,MSN_CND_011,ITEM_GLD_007,20,,,,,,,,,,,,,,,,,,,,,,,,,,,,,,,,,,,,,,,,,,,,,,,,,,,,,,,,,,,,,,,,,,,,,,
MSPU_01_002,15000,MSN_CND_001,ITEM_MTL_L_0014_001,44,MSN_CND_001,ITEM_MTL_L_0014_002,44,MSN_CND_001,ITEM_MTL_L_0014_001,25,MSN_CND_001,ITEM_MTL_L_0014_002,25,MSN_CND_001,ITEM_MTL_L_0014_006,3,MSN_CND_012,ITEM_MTL_L_0014_003,25,MSN_CND_012,ITEM_MTL_L_0014_004,25,MSN_CND_012,ITEM_MTL_L_0014_005,25,MSN_CND_011,ITEM_MTL_L_0014_006,3,,,,,,,,,,,,,,,,,,,,,,,,,,,,,,,,,,,,,,,,,,,,,,,,,,,,,,,,,,,,,,,,,,,,,,,,,,,,,,,,,,MSN_CND_006,ITEM_MTL_E0010_007,50,MSN_CND_014,ITEM_MTL_E0010_014,50,MSN_CND_012,ITEM_BTL_003,50,MSN_CND_012,ITEM_BTL_006,30,MSN_CND_011,ITEM_GLD_007,20,,,,,,,,,,,,,,,,,,,,,,,,,,,,,,,,,,,,,,,,,,,,,,,,,,,,,,,,,,,,,,,,,,,,,,
MSPU_01_003,25000,MSN_CND_001,ITEM_MTL_L_0143_001,44,MSN_CND_001,ITEM_MTL_L_0143_002,44,MSN_CND_001,ITEM_MTL_L_0143_001,25,MSN_CND_001,ITEM_MTL_L_0143_002,25,MSN_CND_001,ITEM_MTL_L_0143_006,3,MSN_CND_012,ITEM_MTL_L_0143_003,25,MSN_CND_012,ITEM_MTL_L_0143_004,25,MSN_CND_012,ITEM_MTL_L_0143_005,25,MSN_CND_011,ITEM_MTL_L_0143_006,3,,,,,,,,,,,,,,,,,,,,,,,,,,,,,,,,,,,,,,,,,,,,,,,,,,,,,,,,,,,,,,,,,,,,,,,,,,,,,,,,,,MSN_CND_006,ITEM_MTL_E0010_007,50,MSN_CND_014,ITEM_MTL_E0010_014,50,MSN_CND_012,ITEM_BTL_003,50,MSN_CND_012,ITEM_BTL_006,30,MSN_CND_011,ITEM_GLD_007,20,,,,,,,,,,,,,,,,,,,,,,,,,,,,,,,,,,,,,,,,,,,,,,,,,,,,,,,,,,,,,,,,,,,,,,
MSPU_01_004,15000,MSN_CND_001,ITEM_MTL_L_0063_001,44,MSN_CND_001,ITEM_MTL_L_0063_002,44,MSN_CND_001,ITEM_MTL_L_0063_001,25,MSN_CND_001,ITEM_MTL_L_0063_002,25,MSN_CND_001,ITEM_MTL_L_0063_006,3,MSN_CND_012,ITEM_MTL_L_0063_003,25,MSN_CND_012,ITEM_MTL_L_0063_004,25,MSN_CND_012,ITEM_MTL_L_0063_005,25,MSN_CND_011,ITEM_MTL_L_0063_006,3,,,,,,,,,,,,,,,,,,,,,,,,,,,,,,,,,,,,,,,,,,,,,,,,,,,,,,,,,,,,,,,,,,,,,,,,,,,,,,,,,,MSN_CND_006,ITEM_MTL_E0010_007,50,MSN_CND_014,ITEM_MTL_E0010_014,50,MSN_CND_012,ITEM_BTL_003,50,MSN_CND_012,ITEM_BTL_006,30,MSN_CND_011,ITEM_GLD_007,20,,,,,,,,,,,,,,,,,,,,,,,,,,,,,,,,,,,,,,,,,,,,,,,,,,,,,,,,,,,,,,,,,,,,,,
MSPU_01_005,15000,MSN_CND_001,ITEM_MTL_L_0054_001,44,MSN_CND_001,ITEM_MTL_L_0054_002,44,MSN_CND_001,ITEM_MTL_L_0054_001,25,MSN_CND_001,ITEM_MTL_L_0054_002,25,MSN_CND_001,ITEM_MTL_L_0054_006,3,MSN_CND_012,ITEM_MTL_L_0054_003,25,MSN_CND_012,ITEM_MTL_L_0054_004,25,MSN_CND_012,ITEM_MTL_L_0054_005,25,MSN_CND_011,ITEM_MTL_L_0054_006,3,,,,,,,,,,,,,,,,,,,,,,,,,,,,,,,,,,,,,,,,,,,,,,,,,,,,,,,,,,,,,,,,,,,,,,,,,,,,,,,,,,MSN_CND_006,ITEM_MTL_E0010_007,50,MSN_CND_014,ITEM_MTL_E0010_014,50,MSN_CND_012,ITEM_BTL_003,50,MSN_CND_012,ITEM_BTL_006,30,MSN_CND_011,ITEM_GLD_007,20,,,,,,,,,,,,,,,,,,,,,,,,,,,,,,,,,,,,,,,,,,,,,,,,,,,,,,,,,,,,,,,,,,,,,,
MSPU_01_006,25000,MSN_CND_001,ITEM_MTL_L_0173_001,44,MSN_CND_001,ITEM_MTL_L_0173_002,44,MSN_CND_001,ITEM_MTL_L_0173_001,25,MSN_CND_001,ITEM_MTL_L_0173_002,25,MSN_CND_001,ITEM_MTL_L_0173_006,3,MSN_CND_012,ITEM_MTL_L_0173_003,25,MSN_CND_012,ITEM_MTL_L_0173_004,25,MSN_CND_012,ITEM_MTL_L_0173_005,25,MSN_CND_011,ITEM_MTL_L_0173_006,3,,,,,,,,,,,,,,,,,,,,,,,,,,,,,,,,,,,,,,,,,,,,,,,,,,,,,,,,,,,,,,,,,,,,,,,,,,,,,,,,,,MSN_CND_006,ITEM_MTL_E0010_007,50,MSN_CND_014,ITEM_MTL_E0010_014,50,MSN_CND_012,ITEM_BTL_003,50,MSN_CND_012,ITEM_BTL_006,30,MSN_CND_011,ITEM_GLD_007,20,,,,,,,,,,,,,,,,,,,,,,,,,,,,,,,,,,,,,,,,,,,,,,,,,,,,,,,,,,,,,,,,,,,,,,
MSPU_01_007,114514,MSN_CND_001,ITEM_BTL_007,100,MSN_CND_001,ITEM_BTL_007,50,MSN_CND_001,ITEM_MTL_L_0132_001,50,MSN_CND_001,ITEM_MTL_L_0132_002,25,MSN_CND_001,ITEM_MTL_L_0132_003,50,MSN_CND_012,ITEM_MTL_L_0132_004,25,MSN_CND_012,ITEM_MTL_L_0132_005,40,MSN_CND_012,ITEM_MTL_L_0132_006,30,MSN_CND_011,ITEM_MTL_L_0132_007,20,,,,,,,,,,,,,,,,,,,,,,,,,,,,,,,,,,,,,,,,,,,,,,,,,,,,,,,,,,,,,,,,,,,,,,,,,,,,,,,,,,MSN_CND_006,ITEM_MTL_E0010_007,50,MSN_CND_014,ITEM_MTL_E0010_014,50,MSN_CND_012,ITEM_BTL_003,50,MSN_CND_012,ITEM_BTL_006,30,MSN_CND_011,ITEM_GLD_007,20,,,,,,,,,,,,,,,,,,,,,,,,,,,,,,,,,,,,,,,,,,,,,,,,,,,,,,,,,,,,,,,,,,,,,,
MODX_01_021,114514,MSN_CND_001,ITEM_BTL_007,100,MSN_CND_001,ITEM_BTL_007,50,MSN_CND_001,ITEM_MTL_L_0132_001,50,MSN_CND_001,ITEM_MTL_L_0132_002,25,MSN_CND_001,ITEM_MTL_L_0132_003,50,MSN_CND_012,ITEM_MTL_L_0132_004,25,MSN_CND_012,ITEM_MTL_L_0132_005,40,MSN_CND_012,ITEM_MTL_L_0132_006,30,MSN_CND_011,ITEM_MTL_L_0132_007,20,,,,,,,,,,,,,,,,,,,,,,,,,,,,,,,,,,,,,,,,,,,,,,,,,,,,,,,,,,,,,,,,,,,,,,,,,,,,,,,,,,MSN_CND_006,ITEM_MTL_E0010_007,50,MSN_CND_014,ITEM_MTL_E0010_014,50,MSN_CND_012,ITEM_BTL_003,50,MSN_CND_012,ITEM_BTL_006,30,MSN_CND_011,ITEM_GLD_007,20,,,,,,,,,,,,,,,,,,,,,,,,,,,,,,,,,,,,,,,,,,,,,,,,,,,,,,,,,,,,,,,,,,,,,,
MODX_01_022,114514,MSN_CND_001,ITEM_MTL_L_0161_005,27,MSN_CND_001,ITEM_MTL_L_0161_010,27,MSN_CND_001,ITEM_MTL_L_0161_022,14,MSN_CND_001,ITEM_MTL_L_0161_025,10,MSN_CND_001,ITEM_MTL_C0030_016,10,MSN_CND_012,ITEM_MTL_L_0161_013,15,MSN_CND_012,ITEM_MTL_L_0161_016,15,MSN_CND_012,ITEM_MTL_L_0161_019,15,MSN_CND_011,ITEM_MTL_L_0161_026,3,MSN_CND_001,ITEM_MTL_L_0141_004,27,MSN_CND_001,ITEM_MTL_L_0141_008,27,MSN_CND_001,ITEM_MTL_L_0141_020,14,MSN_CND_001,ITEM_MTL_L_0141_023,10,MSN_CND_001,ITEM_MTL_C0030_012,10,MSN_CND_012,ITEM_MTL_L_0141_011,15,MSN_CND_012,ITEM_MTL_L_0141_014,15,MSN_CND_012,ITEM_MTL_L_0141_017,15,MSN_CND_011,ITEM_MTL_L_0141_024,3,,,,,,,,,,,,,,,,,,,,,,,,,,,,,,,,,,,,,,,,,,,,,,,,,,,,,,,MSN_CND_016,ITEM_MTL_E0010_007,70,MSN_CND_015,ITEM_MTL_E0010_014,70,MSN_CND_012,ITEM_BTL_003,50,MSN_CND_012,ITEM_BTL_040,70,MSN_CND_011,ITEM_GLD_007,10,,,,,,,,,,,,,,,,,,,,,,,,,,,,,,,,,,,,,,,,,,,,,,,,,,,,,,,,,,,,,,,,,,,,,,0
MODX_01_023,114514,MSN_CND_001,ITEM_MTL_L_0171_004,27,MSN_CND_001,ITEM_MTL_L_0171_008,27,MSN_CND_001,ITEM_MTL_L_0171_016,14,MSN_CND_001,ITEM_MTL_L_0171_018,10,MSN_CND_001,ITEM_MTL_C0030_012,10,MSN_CND_012,ITEM_MTL_L_0171_010,15,MSN_CND_012,ITEM_MTL_L_0171_012,15,MSN_CND_012,ITEM_MTL_L_0171_014,15,MSN_CND_011,ITEM_MTL_L_0171_019,3,MSN_CND_001,ITEM_MTL_L_0151_002,27,MSN_CND_001,ITEM_MTL_L_0151_004,27,MSN_CND_001,ITEM_MTL_L_0151_008,14,MSN_CND_001,ITEM_MTL_L_0151_009,10,MSN_CND_001,ITEM_MTL_C0030_012,10,MSN_CND_012,ITEM_MTL_L_0151_005,15,MSN_CND_012,ITEM_MTL_L_0151_006,15,MSN_CND_012,ITEM_MTL_L_0151_007,15,MSN_CND_011,ITEM_MTL_L_0151_010,3,MSN_CND_001,ITEM_MTL_L_0131_003,27,MSN_CND_001,ITEM_MTL_L_0131_006,27,MSN_CND_001,ITEM_MTL_L_0131_014,14,MSN_CND_001,ITEM_MTL_L_0131_016,10,MSN_CND_001,ITEM_MTL_C0030_016,10,MSN_CND_012,ITEM_MTL_L_0131_008,15,MSN_CND_012,ITEM_MTL_L_0131_010,15,MSN_CND_012,ITEM_MTL_L_0131_012,15,MSN_CND_011,ITEM_MTL_L_0131_017,3,,,,,,,,,,,,,,,,,,,,,,,,,,,,MSN_CND_008,ITEM_MTL_E0010_007,70,MSN_CND_016,ITEM_MTL_E0010_014,70,MSN_CND_012,ITEM_BTL_003,50,MSN_CND_012,ITEM_BTL_040,70,MSN_CND_011,ITEM_GLD_007,10,,,,,,,,,,,,,,,,,,,,,,,,,,,,,,,,,,,,,,,,,,,,,,,,,,,,,,,,,,,,,,,,,,,,,,1
MODX_01_024,80000,MSN_CND_001,ITEM_MTL_M_0093_001,44,MSN_CND_001,ITEM_MTL_M_0093_002,44,MSN_CND_001,ITEM_MTL_M_0093_001,25,MSN_CND_001,ITEM_MTL_M_0093_002,25,MSN_CND_001,ITEM_MTL_M_0093_006,3,,,,,,,,,,MSN_CND_011,ITEM_MTL_M_0093_006,3,MSN_CND_001,ITEM_MTL_L_0014_001,44,MSN_CND_001,ITEM_MTL_L_0014_002,44,MSN_CND_001,ITEM_MTL_L_0014_001,25,MSN_CND_001,ITEM_MTL_L_0014_002,25,MSN_CND_001,ITEM_MTL_L_0014_006,3,,,,,,,,,,MSN_CND_011,ITEM_MTL_L_0014_006,3,MSN_CND_001,ITEM_MTL_L_0143_001,44,MSN_CND_001,ITEM_MTL_L_0143_002,44,MSN_CND_001,ITEM_MTL_L_0143_001,25,MSN_CND_001,ITEM_MTL_L_0143_002,25,MSN_CND_001,ITEM_MTL_L_0143_006,3,,,,,,,,,,MSN_CND_011,ITEM_MTL_L_0143_006,3,,,,,,,,,,,,,,,,,,,,,,,,,,,,MSN_CND_008,ITEM_MTL_E0010_007,50,MSN_CND_016,ITEM_MTL_E0010_014,50,,,,,,,MSN_CND_011,ITEM_GLD_007,10,,,,,,,,,,,,,,,,,,,,,,,,,,,,,,,,,,,,,,,,,,,,,,,,,,,,,,,,,,,,,,,,,,,,,,
MODX_01_025,80000,MSN_CND_001,ITEM_MTL_L_0063_001,44,MSN_CND_001,ITEM_MTL_L_0063_002,44,MSN_CND_001,ITEM_MTL_L_0063_001,25,MSN_CND_001,ITEM_MTL_L_0063_002,25,MSN_CND_001,ITEM_MTL_L_0063_006,3,,,,,,,,,,MSN_CND_011,ITEM_MTL_L_0063_006,3,MSN_CND_001,ITEM_MTL_L_0054_001,44,MSN_CND_001,ITEM_MTL_L_0054_002,44,MSN_CND_001,ITEM_MTL_L_0054_001,25,MSN_CND_001,ITEM_MTL_L_0054_002,25,MSN_CND_001,ITEM_MTL_L_0054_006,3,,,,,,,,,,MSN_CND_011,ITEM_MTL_L_0054_006,3,MSN_CND_001,ITEM_MTL_L_0173_001,44,MSN_CND_001,ITEM_MTL_L_0173_002,44,MSN_CND_001,ITEM_MTL_L_0173_001,25,MSN_CND_001,ITEM_MTL_L_0173_002,25,MSN_CND_001,ITEM_MTL_L_0173_006,3,,,,,,,,,,MSN_CND_011,ITEM_MTL_L_0173_006,3,,,,,,,,,,,,,,,,,,,,,,,,,,,,MSN_CND_008,ITEM_MTL_E0010_007,50,MSN_CND_016,ITEM_MTL_E0010_014,50,,,,,,,MSN_CND_011,ITEM_GLD_007,10,,,,,,,,,,,,,,,,,,,,,,,,,,,,,,,,,,,,,,,,,,,,,,,,,,,,,,,,,,,,,,,,,,,,,,1
MODX_01_026,114514,MSN_CND_001,ITEM_BTL_007,100,MSN_CND_001,ITEM_BTL_007,100,MSN_CND_001,ITEM_BTL_007,100,MSN_CND_001,ITEM_MTL_M_0083_006,100,MSN_CND_001,ITEM_MTL_M_0081_026,100,MSN_CND_012,ITEM_MTL_M_0081_026,100,MSN_CND_012,ITEM_MTL_M_0081_026,100,MSN_CND_012,ITEM_MTL_L_0013_010,100,MSN_CND_012,ITEM_MTL_L_0013_010,100,MSN_CND_012,ITEM_MTL_L_0013_010,100,MSN_CND_012,ITEM_MTL_L_0101_017,100,MSN_CND_012,ITEM_MTL_L_0101_017,100,MSN_CND_012,ITEM_MTL_L_0101_017,100,MSN_CND_012,ITEM_MTL_L_0141_024,100,MSN_CND_012,ITEM_MTL_L_0141_024,100,MSN_CND_012,ITEM_MTL_L_0141_024,100,,,,,,,,,,,,,,,,,,,,,,,,,,,,,,,,,,,,,,,,,,,,,,,,,,,,,,,,,,,,,MSN_CND_006,ITEM_MTL_E0010_007,50,MSN_CND_014,ITEM_MTL_E0010_014,50,MSN_CND_012,ITEM_BTL_003,50,MSN_CND_012,ITEM_BTL_006,30,MSN_CND_011,ITEM_GLD_007,20,,,,,,,,,,,,,,,,,,,,,,,,,,,,,,,,,,,,,,,,,,,,,,,,,,,,,,,,,,,,,,,,,,,,,,
MODX_01_027,114514,MSN_CND_001,ITEM_BTL_007,100,MSN_CND_001,ITEM_BTL_007,100,MSN_CND_001,ITEM_BTL_007,100,MSN_CND_001,ITEM_MTL_M_0083_006,100,MSN_CND_001,ITEM_MTL_M_0081_026,100,MSN_CND_012,ITEM_MTL_M_0081_026,100,MSN_CND_012,ITEM_MTL_M_0081_026,100,MSN_CND_012,ITEM_MTL_L_0013_010,100,MSN_CND_012,ITEM_MTL_L_0013_010,100,MSN_CND_012,ITEM_MTL_L_0013_010,100,MSN_CND_012,ITEM_MTL_L_0101_017,100,MSN_CND_012,ITEM_MTL_L_0101_017,100,MSN_CND_012,ITEM_MTL_L_0101_017,100,MSN_CND_012,ITEM_MTL_L_0141_024,100,MSN_CND_012,ITEM_MTL_L_0141_024,100,MSN_CND_012,ITEM_MTL_L_0141_024,100,,,,,,,,,,,,,,,,,,,,,,,,,,,,,,,,,,,,,,,,,,,,,,,,,,,,,,,,,,,,,MSN_CND_006,ITEM_MTL_E0010_007,50,MSN_CND_014,ITEM_MTL_E0010_014,50,MSN_CND_012,ITEM_BTL_003,50,MSN_CND_012,ITEM_BTL_006,30,MSN_CND_011,ITEM_GLD_007,20,,,,,,,,,,,,,,,,,,,,,,,,,,,,,,,,,,,,,,,,,,,,,,,,,,,,,,,,,,,,,,,,,,,,,,
MODX_01_028,114514,MSN_CND_001,ITEM_BTL_007,100,MSN_CND_001,ITEM_BTL_007,100,MSN_CND_001,ITEM_BTL_007,100,MSN_CND_001,ITEM_MTL_M_0083_006,100,MSN_CND_001,ITEM_MTL_M_0081_026,100,MSN_CND_012,ITEM_MTL_M_0081_026,100,MSN_CND_012,ITEM_MTL_M_0081_026,100,MSN_CND_012,ITEM_MTL_L_0013_010,100,MSN_CND_012,ITEM_MTL_L_0013_010,100,MSN_CND_012,ITEM_MTL_L_0013_010,100,MSN_CND_012,ITEM_MTL_L_0101_017,100,MSN_CND_012,ITEM_MTL_L_0101_017,100,MSN_CND_012,ITEM_MTL_L_0101_017,100,MSN_CND_012,ITEM_MTL_L_0141_024,100,MSN_CND_012,ITEM_MTL_L_0141_024,100,MSN_CND_012,ITEM_MTL_L_0141_024,100,,,,,,,,,,,,,,,,,,,,,,,,,,,,,,,,,,,,,,,,,,,,,,,,,,,,,,,,,,,,,MSN_CND_006,ITEM_MTL_E0010_007,50,MSN_CND_014,ITEM_MTL_E0010_014,50,MSN_CND_012,ITEM_BTL_003,50,MSN_CND_012,ITEM_BTL_006,30,MSN_CND_011,ITEM_GLD_007,20,,,,,,,,,,,,,,,,,,,,,,,,,,,,,,,,,,,,,,,,,,,,,,,,,,,,,,,,,,,,,,,,,,,,,,
