mission_id,title_text_id,contents_text_id,title_text_id_2,contents_text_id_2,goal_text_id,rank,limit_time,clear_free_time,type,mode,field_id,weather,bgm,cc_bgm,engage_bgm,start_jingle,open_progress,open_mission_id,next_mission_id,phase,hp_coefficient_1,attack_coefficient_1,hp_coefficient_2,attack_coefficient_2,hp_coefficient_3,attack_coefficient_3,hp_coefficient_4,attack_coefficient_4,enemy_id_1,en_pos_no_1,is_target_1,en_pop_type_1,is_infinite_1,active_type_1,enemy_id_2,en_pos_no_2,is_target_2,en_pop_type_2,is_infinite_2,active_type_2,enemy_id_3,en_pos_no_3,is_target_3,en_pop_type_3,is_infinite_3,active_type_3,enemy_id_4,en_pos_no_4,is_target_4,en_pop_type_4,is_infinite_4,active_type_4,enemy_id_5,en_pos_no_5,is_target_5,en_pop_type_5,is_infinite_5,active_type_5,enemy_id_6,en_pos_no_6,is_target_6,en_pop_type_6,is_infinite_6,active_type_6,enemy_id_7,en_pos_no_7,is_target_7,en_pop_type_7,is_infinite_7,active_type_7,enemy_id_8,en_pos_no_8,is_target_8,en_pop_type_8,is_infinite_8,active_type_8,enemy_id_9,en_pos_no_9,is_target_9,en_pop_type_9,is_infinite_9,active_type_9,enemy_id_10,en_pos_no_10,is_target_10,en_pop_type_10,is_infinite_10,active_type_10,join_num,player_pos_group,npc_chara_id_1,npc_chara_id_2,npc_chara_id_3,bk_chara_id,operator_chara_id,mission_lsd,start_event_id(battle),end_event_id(battle),rankB_clear_time,rankA_clear_time,rankAA_clear_time,rankS_clear_time,rankSS_clear_time,rankSSS_clear_time,platform,event_type,mission_motion_type,is_prohibit_enemy_dinner,special_mission_type
MSHD_01_002,MSHD_01_002_NAME,MSHD_01_002_DESC,MSHD_01_002_NAME,MSHD_01_002_DESC,,7,40,40,1,0,FM07_01,MAIN,SNDS_BGM_M025_FM06,,,,STOR_08_GOAL,,,,3,2,3,2,3,2,3.5,3,AGS0011,9,1,0,,,AGS0011,15,1,0,,,AGS0011,20,1,0,,,AGS0011,6,1,0,,,AGS0011,7,1,0,,,AGS0011,11,1,0,,,AGS0031,10,1,0,,,AGS0031,12,1,0,,,AGS0031,8,1,0,,,,,,,,,4,0,,,,,,,,,,960,720,540,480,420,,,0,,
MSHD_01_003,MSHD_01_003_NAME,MSHD_01_003_DESC,MSHD_01_003_NAME,MSHD_01_003_DESC,,7,40,40,1,0,FM06_02,RANDOM,SNDS_BGM_M025_FM06,,,,STOR_08_GOAL,,,,6.5,2.5,7,2.5,7,2.5,7,2.5,AGL0021,0,1,0,,,,,,,,,,,,,,,,,,,,,,,,,,,,,,,,,,,,,,,,,,,,,,,,,,,,,,,,,4,0,,,,,,,,,,1800,1500,1260,1020,900,,,0,,
MSHD_01_004,MSHD_01_004_NAME,MSHD_01_004_DESC,MSHD_01_004_NAME,MSHD_01_004_DESC,,7,40,40,1,0,FM01_02,RANDOM,SNDS_BGM_M021_FM01,,,,STOR_08_GOAL,,,,4,2,4,2,4,2,4,3,AGS0021,30,1,0,,3,AGS0021,15,1,0,,3,AGS0021,16,1,0,,3,AGS0021,11,1,0,,3,AGS0021,37,1,0,,3,AGS0021,10,1,0,,3,AGS0021,33,1,0,,3,AGS0021,31,1,0,,3,,,,,,,,,,,,,4,0,,,,,,,,,,1500,1260,1020,900,780,,,0,,
MSHD_01_005,MSHD_01_005_NAME,MSHD_01_005_DESC,MSHD_01_005_NAME,MSHD_01_005_DESC,,7,40,40,1,0,FM01_01,RANDOM,SNDS_BGM_M021_FM01,,,,STOR_08_GOAL,,,,3.5,2,3.5,2,3.5,2,3.5,2,AGM0031,7,1,0,,,,,,,,,,,,,,,,,,,,,,,,,,,,,,,,,,,,,,,,,,,,,,,,,,,,,,,,,4,0,,,,,,,,,,1440,1200,960,840,720,,,0,,
MSHD_01_006,MSHD_01_006_NAME,MSHD_01_006_DESC,MSHD_01_006_NAME,MSHD_01_006_DESC,,7,40,40,1,2,FM03_02,RANDOM,SNDS_BGM_M023_FM03,,,,STOR_08_GOAL,,MSHD_01_007,1,2.7,2,2.7,2,2.7,2,2.7,2,AGL0011,22,1,1,,,,,,,,,,,,,,,,,,,,,,,,,,,,,,,,,,,,,,,,,,,,,,,,,,,,,,,,,4,0,,,,,,,,,,1920,1680,1440,1320,1200,,,0,,
MSHD_01_007,MSHD_01_007_NAME,MSHD_01_007_DESC,MSHD_01_007_NAME,MSHD_01_007_DESC,,7,40,40,1,1,FM03_01,RANDOM,SNDS_BGM_M023_FM03,SNDS_BGM_M002_BATTLE_ASHBORN,,,STOR_08_GOAL,,,2,2.7,2,2.7,2,2.7,2,2.7,2,AGL0062,2,1,0,,1,,,,,,,,,,,,,,,,,,,,,,,,,,,,,,,,,,,,,,,,,,,,,,,,,,,,,,,4,0,,,,,,,,,,1920,1680,1440,1320,1200,,,0,,
MSHD_01_008,MSHD_01_008_NAME,MSHD_01_008_DESC,MSHD_01_008_NAME,MSHD_01_008_DESC,,7,40,40,1,0,FM01_02,RANDOM,SNDS_BGM_M021_FM01,,,,STOR_08_GOAL,,,,3,2.1,3,2.1,3,2.1,0.5,2.1,AGS0072,48,1,0,,5,AGS0072,49,1,0,,5,AGS0072,50,1,0,,5,AGS0072,51,1,0,,5,AGS0072,52,1,0,,5,AGS0072,53,1,0,,5,AGS0072,54,1,0,,5,,,,,,,,,,,,,,,,,,,4,8,,,,,,,,,,30,25,20,15,10,,,0,,
MSHD_01_009,MSHD_01_009_NAME,MSHD_01_009_DESC,MSHD_01_009_NAME,MSHD_01_009_DESC,,7,40,40,1,0,FM02_02,RANDOM,SNDS_BGM_M022_FM02,SNDS_BGM_M002_BATTLE_ASHBORN,,,STOR_08_GOAL,,,,1.7,2.1,2,2.1,2,2.1,2,2.1,AGL0131,9,1,1,,,,,,,,,,,,,,,,,,,,,,,,,,,,,,,,,,,,,,,,,,,,,,,,,,,,,,,,,4,0,NPC_NONE,NPC_NONE,NPC_NONE,,,,,,,1200,960,720,600,480,,,0,,
MSHD_01_010,MSHD_01_010_NAME,MSHD_01_010_DESC,MSHD_01_010_NAME,MSHD_01_010_DESC,,7,40,40,1,0,FM02_01,RANDOM,SNDS_BGM_M022_FM02,,,,STOR_08_GOAL,,,,3.5,2.1,3.5,2.1,3.5,2.1,3.5,2.1,AGM0051,27,1,1,,,,,,,,,,,,,,,,,,,,,,,,,,,,,,,,,,,,,,,,,,,,,,,,,,,,,,,,,4,0,,,,,,,,,,1500,1260,1020,900,780,,,0,,
MSHD_01_011,MSHD_01_011_NAME,MSHD_01_011_DESC,MSHD_01_011_NAME,MSHD_01_011_DESC,,7,40,40,1,0,FM04_01,RANDOM,SNDS_BGM_M024_FM04,,,,STOR_08_GOAL,,,,1,2.1,1,2.1,0.5,2.1,2,2.1,AGM0081,14,1,1,,2,AGM0081,27,1,1,,2,,,,,,,,,,,,,,,,,,,,,,,,,,,,,,,,,,,,,,,,,,,,,,,,,4,0,,,,,,,,,,1440,1200,960,840,720,,,0,,
MSHD_01_012,MSHD_01_012_NAME,MSHD_01_012_DESC,MSHD_01_012_NAME,MSHD_01_012_DESC,,7,40,40,1,0,FM01_02,RANDOM,SNDS_BGM_M021_FM01,,,,STOR_08_GOAL,,,,3,1.6,3.5,1.6,4,1.6,4,1.6,AGL0013,1,1,1,,,AGL0101,3,1,1,,,,,,,,,,,,,,,,,,,,,,,,,,,,,,,,,,,,,,,,,,,,,,,,,,,4,0,,,,,,,,,,1920,1680,1440,1320,1200,,,0,,
MSHD_01_014,MSHD_01_014_NAME,MSHD_01_014_DESC,MSHD_01_014_NAME,MSHD_01_014_DESC,,7,40,40,1,0,FM01_01,RANDOM,SNDS_BGM_M080_KING,,,,STOR_08_GOAL,,,,3,2,2,4.5,3,2,5,1,AGL0051,7,0,0,,5,AGS0062,14,1,0,,1,AGS0062,11,1,0,,1,AGS0062,17,1,0,,1,AGS0062,32,1,0,,1,,,,,,,,,,,,,,,,,,,,,,,,,,,,,,,4,0,,,,,,,,,,720,600,480,420,360,,,0,1,
MSHD_01_013,MSHD_01_013_NAME,MSHD_01_013_DESC,MSHD_01_013_NAME,MSHD_01_013_DESC,,7,40,40,1,0,FM07_01,MAIN,SNDS_BGM_M026_FM07,,,,STOR_08_GOAL,,,,3,2,3,2,3,2,3,10,AGS0051,9,1,0,,,AGS0051,15,1,0,,,AGS0051,20,1,0,,,AGS0051,6,1,0,,,AGS0051,7,1,0,,,AGS0051,11,1,0,,,AGS0051,16,1,0,,,AGS0051,21,1,0,,,,,,,,,,,,,,,4,0,,,,,,,,,,540,420,300,240,180,,,0,,
MSHD_01_017,MSHD_01_017_NAME,MSHD_01_017_DESC,MSHD_01_017_NAME,MSHD_01_017_DESC,,7,40,40,1,0,FM06_01,RANDOM,SNDS_BGM_M087_DEFENSE,,,SNDS_BGM_M087_DEFENSE,STOR_08_GOAL,,,,3,2,3,4,2,4,3.5,5,,,,,,,,,,,,,,,,,,,,,,,,,,,,,,,,,,,,,,,,,,,,,,,,,,,,,,,,,,,,,4,0,,,,,,,,,,860,740,620,560,500,,,0,1,1
MSHD_01_016,MSHD_01_016_NAME,MSHD_01_016_DESC,MSHD_01_016_NAME,MSHD_01_016_DESC,,7,40,40,1,0,FM04_02,RANDOM,SNDS_BGM_M086_CONNECTION,,,,STOR_08_GOAL,,,,3,2,2.8,2.5,3,2,3,2,AGL0053,5,1,0,,,AGS0031,7,0,0,,,AGS0031,12,0,0,,,AGS0031,16,0,0,,,AGS0031,25,0,0,,,,,,,,,,,,,,,,,,,,,,,,,,,,,,,,,4,0,,,,,,,,,,1440,1200,960,840,720,,,0,,
MSHD_01_015,MSHD_01_015_NAME,MSHD_01_015_DESC,MSHD_01_015_NAME,MSHD_01_015_DESC,,7,40,40,1,0,FM03_02,RANDOM,SNDS_BGM_M082_WINGS,,,,STOR_08_GOAL,,,,3,2,3,2,2,4,4,4,AGL0062,22,1,1,,2,AGM0011,5,1,0,,,AGS0061,27,1,0,,,AGS0061,28,1,0,,,AGS0061,6,1,0,,,AGS0061,7,1,0,,,,,,,,,,,,,,,,,,,,,,,,,,,4,0,,,,,,,,,,1485,1245,1005,885,765,,,0,,
MSHD_01_018,MSHD_01_018_NAME,MSHD_01_018_DESC,MSHD_01_018_NAME,MSHD_01_018_DESC,,7,2,40,1,0,FM01_02,RANDOM,SNDS_BGM_M021_FM01,,,,STOR_08_GOAL,,,,3,2,3,2,0.1,20,0.1,20,AGS0051,14,1,0,,,AGS0051,12,1,0,,,AGS0051,57,1,0,,,AGS0071,56,1,0,,,AGS0071,33,1,0,,,AGS0071,10,1,0,,,,,,,,,,,,,,,,,,,,,,,,,,,4,0,,,,,,,,,,120,110,100,80,70,,,0,,
MSHD_01_019,MSHD_01_019_NAME,MSHD_01_019_DESC,MSHD_01_019_NAME,MSHD_01_019_DESC,,7,40,40,1,0,FM03_02,RANDOM,SNDS_BGM_M023_FM03,SNDS_BGM_M012_EVENT_RED_QUEEN,,,STOR_08_GOAL,,,,1.4,2,1.5,2,1.8,3,2,2,AGL0141,33,1,1,,,AGM0062,17,1,1,,,,,,,,,,,,,,,,,,,,,,,,,,,,,,,,,,,,,,,,,,,,,,,,,,,4,0,,,,,,,,,,960,900,840,780,720,,,0,,
MSHD_01_022,MSHD_01_021_NAME,MSHD_01_021_DESC,MSHD_01_021_NAME,MSHD_01_021_DESC,,7,40,40,1,0,FM07_01,RANDOM,SNDS_BGM_M087_DEFENSE,,,SNDS_BGM_M087_DEFENSE,STOR_08_GOAL,,,,1.5,1.2,1,1,1,4,2,4,AGL0161,25,1,0,,,AGS0062,26,1,0,,,AGS0062,27,1,0,,,,,,,,,,,,,,,,,,,,,,,,,,,,,,,,,,,,,,,,,,,,,4,0,,,,,,,,,,900,600,480,420,360,,,0,1,1
MSHD_01_023,MSHD_01_022_NAME,MSHD_01_022_DESC,MSHD_01_022_NAME,MSHD_01_022_DESC,,7,40,40,1,0,FM06_02,RANDOM,SNDS_BGM_M087_DEFENSE,,,SNDS_BGM_M087_DEFENSE,STOR_08_GOAL,,,,3,2,3,4,2,4,3,7,AGS0072,9,1,0,,,AGS0072,20,1,0,,,AGS0072,7,1,0,,,AGS0072,37,1,0,,,AGS0072,6,1,0,,,,,,,,,,,,,,,,,,,,,,,,,,,,,,,,,4,0,,,,,,,,,,420,360,300,240,180,,,0,1,1
MSHD_01_020,MSHD_01_020_NAME,MSHD_01_020_DESC,MSHD_01_020_NAME,MSHD_01_020_DESC,,7,40,40,1,2,FM04_01,RANDOM,SNDS_BGM_M024_FM04,SNDS_BGM_M009_HUNTING,,,STOR_08_GOAL,,MSHD_01_021,1,1,2,3,2,3,2,3,2,AGL0161,9,1,1,,5,,,,,,,,,,,,,,,,,,,,,,,,,,,,,,,,,,,,,,,,,,,,,,,,,,,,,,,4,6,,,,,,,,,,600,480,360,300,240,,,0,,
MSHD_01_021,MSHD_01_020_NAME,MSHD_01_020_DESC,MSHD_01_020_NAME,MSHD_01_020_DESC,,7,40,40,1,1,FM04_02,RANDOM,SNDS_BGM_M024_FM04,SNDS_BGM_M012_EVENT_RED_QUEEN,,,STOR_08_GOAL,,MSHD_01_024,2,1,2,3,2,3,2,3,2,AGL0141,31,1,1,,5,,,,,,,,,,,,,,,,,,,,,,,,,,,,,,,,,,,,,,,,,,,,,,,,,,,,,,,4,7,,,,,,,,,,600,480,360,300,240,,,0,,
MSHD_01_024,MSHD_01_020_NAME,MSHD_01_020_DESC,MSHD_01_020_NAME,MSHD_01_020_DESC,,7,40,40,1,1,FM06_01,RANDOM,SNDS_BGM_M025_FM06,SNDS_BGM_M053_BATTLE_OTHER2,,,STOR_08_GOAL,,MSHD_01_025,3,1,2,3,2,3,2,3,2,AGL0171,6,1,1,,5,,,,,,,,,,,,,,,,,,,,,,,,,,,,,,,,,,,,,,,,,,,,,,,,,,,,,,,4,6,,,,,,,,,,600,480,360,300,240,,,0,,
MSHD_01_025,MSHD_01_020_NAME,MSHD_01_020_DESC,MSHD_01_020_NAME,MSHD_01_020_DESC,,7,40,40,1,1,FM06_02,RANDOM,SNDS_BGM_M025_FM06,SNDS_BGM_M013_EVENT_ANXLETY,,,STOR_08_GOAL,,MSHD_01_026,4,1,2,3,2,3,2,3,2,AGL0151,26,1,1,,5,,,,,,,,,,,,,,,,,,,,,,,,,,,,,,,,,,,,,,,,,,,,,,,,,,,,,,,4,4,,,,,,,,,,600,480,360,300,240,,,0,,
MSHD_01_026,MSHD_01_020_NAME,MSHD_01_020_DESC,MSHD_01_020_NAME,MSHD_01_020_DESC,,7,40,40,1,1,FM07_01,MAIN,SNDS_BGM_M026_FM07,SNDS_BGM_M002_BATTLE_ASHBORN,,,STOR_08_GOAL,,,5,1,2,3,2,3,2,3,2,AGL0131,6,1,1,,5,,,,,,,,,,,,,,,,,,,,,,,,,,,,,,,,,,,,,,,,,,,,,,,,,,,,,,,4,1,,,,,,,,,,600,480,360,300,240,,,0,,
MSHD_01_027,MSHD_01_027_NAME,MSHD_01_027_DESC,MSHD_01_027_NAME,MSHD_01_027_DESC,,7,40,40,1,0,FM06_01,RANDOM,SNDS_BGM_M025_FM06,,,,STOR_08_GOAL,,,,3,2,3,2,3,2,0.1,2,AGS0051,45,1,0,,,AGS0051,46,1,0,,,AGS0051,47,1,0,,,AGS0051,48,1,0,,,AGS0051,49,1,0,,,AGS0051,34,1,0,,,AGS0071,21,1,0,,,AGS0071,50,1,0,,,AGS0071,51,1,0,,,,,,,,,4,9,,,,,,,,,,30,25,20,15,10,,,0,,
MSHD_01_028,MSHD_01_028_NAME,MSHD_01_028_DESC,MSHD_01_028_NAME,MSHD_01_028_DESC,,7,40,40,1,0,FM04_02,RANDOM,SNDS_BGM_M087_DEFENSE,,,SNDS_BGM_M087_DEFENSE,STOR_08_GOAL,,,,3,2,3,2,0.1,4,0.1,7,AGS0072,28,1,0,,,AGS0072,38,1,0,,,AGS0072,39,1,0,,,AGS0072,37,1,0,,,,,,,,,,,,,,,,,,,,,,,,,,,,,,,,,,,,,,,4,6,,,,,,,,,,300,240,180,120,90,,,0,1,1
MSHD_01_029,MSHD_01_029_NAME,MSHD_01_029_DESC,MSHD_01_029_NAME,MSHD_01_029_DESC,,7,40,40,1,0,FM04_01,RANDOM,SNDS_BGM_M080_KING,SNDS_BGM_M090_EROSION,,,STOR_08_GOAL,,,,1.5,2,1.5,2,3,2,3,2,AGL0051,24,1,1,,2,AGL0053,15,1,1,,5,,,,,,,,,,,,,,,,,,,,,,,,,,,,,,,,,,,,,,,,,,,,,,,,,4,0,,,,,,,,,,1140,1080,1020,960,900,,,0,,
MSHD_01_030,MSHD_01_030_NAME,MSHD_01_030_DESC,MSHD_01_030_NAME,MSHD_01_030_DESC,,7,40,40,1,0,FM02_01,MAIN,SNDS_BGM_M087_DEFENSE,,,SNDS_BGM_M087_DEFENSE,STOR_08_GOAL,,,,1,1.5,1.5,2,3,2,2,2,AGL0133,9,1,0,,,,,,,,,,,,,,,,,,,,,,,,,,,,,,,,,,,,,,,,,,,,,,,,,,,,,,,,,4,0,,,,,,,,,,600,540,480,420,360,,,0,1,1
MSHD_01_031,MSHD_01_031_NAME,MSHD_01_031_DESC,MSHD_01_031_NAME,MSHD_01_031_DESC,,7,40,40,1,2,FM03_01,RANDOM,SNDS_BGM_M023_FM03,SNDS_BGM_M010_BATTLE_LAST,,,STOR_08_GOAL,,MSHD_01_032,1,1.2,1.7,3,2,3,2,3,2,AGM0093,16,1,1,,,,,,,,,,,,,,,,,,,,,,,,,,,,,,,,,,,,,,,,,,,,,,,,,,,,,,,,,4,0,,,,,,,,,,1380,1260,1140,1020,900,,,0,,
MSHD_01_032,MSHD_01_031_NAME,MSHD_01_031_DESC,MSHD_01_031_NAME,MSHD_01_031_DESC,,7,40,40,1,1,FM03_02,RANDOM,SNDS_BGM_M023_FM03,SNDS_BGM_M001_MAIN_THEMA,,,STOR_08_GOAL,,,2,1.2,1.7,3,2,3,2,3,2,AGL0063,22,1,1,,,,,,,,,,,,,,,,,,,,,,,,,,,,,,,,,,,,,,,,,,,,,,,,,,,,,,,,,4,0,,,,,,,,,,1380,1260,1140,1020,900,,,0,,
MODM_01_001,MODM_01_001_NAME,MODM_01_001_DESC,MODM_01_001_NAME,MODM_01_001_DESC,,7,99,40,1,0,FM02_01,MAIN,SNDS_BGM_M095_BEE,SNDS_BGM_M070_AKKI,SNDS_BGM_M009_HUNTING,SNDS_BGM_M101_RES_LAST_BOSS,STOR_08_GOAL,,,,3.5,3.5,3.5,3.5,3.5,3.5,3.5,3.5,AGM0083,1,1,0,,0,AGM0082,9,1,0,,0,,,,,,,,,,,,,,,,,,,,,,,,,,,,,,,,,,,,,,,,,,,,,,,,,4,6,NPC_NONE,NPC_NONE,NPC_NONE,,,,,,,1500,1260,1020,900,780,,,0,,
MODM_01_002,MODM_01_002_NAME,MODM_01_002_DESC,MODM_01_002_NAME,MODM_01_002_DESC,,7,99,40,1,0,FM03_02,MAIN,SNDS_BGM_M093_BET,SNDS_BGM_M018_BATTLE_BOSS2,SNDS_BGM_M009_HUNTING,SNDS_BGM_M055_BATTLE_EDM,STOR_08_GOAL,,,,3,3.5,3,3.5,3,3.5,3,3.5,AGL0133,22,1,0,,0,AGL0163_2,25,0,0,,0,AGL0163_2,26,0,0,,0,,,,,,,,,,,,,,,,,,,,,,,,,,,,,,,,,,,,,,,,,,,4,7,NPC_NONE,NPC_NONE,NPC_NONE,,,,,,,1500,1260,1020,900,780,,,0,,
MODM_00_001,MODM_01_000_NAME,MODM_01_000_DESC,MODM_01_000_NAME,MODM_01_000_DESC,,7,99,40,1,2,FM02_01,MAIN,SNDS_BGM_M095_BEE,SNDS_BGM_M070_AKKI,SNDS_BGM_M009_HUNTING,SNDS_BGM_M101_RES_LAST_BOSS,STOR_08_GOAL,,MODM_00_002,1,3.5,3.5,3.5,3.5,3.5,3.5,3.5,3.5,AGM0083,1,1,0,,0,AGM0082,9,1,0,,0,,,,,,,,,,,,,,,,,,,,,,,,,,,,,,,,,,,,,,,,,,,,,,,,,4,6,NPC_NONE,NPC_NONE,NPC_NONE,,,,,,,1500,1260,1020,900,780,,,0,,
MODM_00_002,MODM_01_000_NAME,MODM_01_000_DESC,MODM_01_000_NAME,MODM_01_000_DESC,,7,99,40,1,1,FM03_02,MAIN,SNDS_BGM_M093_BET,SNDS_BGM_M018_BATTLE_BOSS2,SNDS_BGM_M009_HUNTING,SNDS_BGM_M055_BATTLE_EDM,STOR_08_GOAL,,,2,3,3.5,3,3.5,3,3.5,3,3.5,AGL0133,22,1,0,,0,AGL0163_2,25,0,0,,0,AGL0163_2,26,0,0,,0,,,,,,,,,,,,,,,,,,,,,,,,,,,,,,,,,,,,,,,,,,,4,7,NPC_NONE,NPC_NONE,NPC_NONE,,,,,,,1500,1260,1020,900,780,,,0,,
MODS_01_001,MODS_01_001_NAME,MODS_01_001_DESC,MODS_01_001_NAME,MODS_01_001_DESC,,7,99,10,4,0,FM02_01,RANDOM,SNDS_BGM_M080_KING,SNDS_BGM_M104_DEO_VOLENTE,SNDS_BGM_M009_HUNTING,SNDS_BGM_M101_RES_LAST_BOSS,STOR_08_GOAL,,,,7,4.5,7,4.5,7,4.5,7,4.5,AGL0172,1,1,0,,5,AGL0171,9,1,0,,5,,,,,,,,,,,,,,,,,,,,,,,,,,,,,,,,,,,,,,,,,,,,,,,,,4,6,,,,,,,,,,1500,1260,1020,900,780,,,0,,
MODS_01_002,MODS_01_002_NAME,MODS_01_002_DESC,MODS_01_002_NAME,MODS_01_002_DESC,,7,99,10,4,0,FM04_01,RANDOM,SNDS_BGM_M082_WINGS,SNDS_BGM_M072_KAGE,SNDS_BGM_M009_HUNTING,SNDS_BGM_M055_BATTLE_EDM,STOR_08_GOAL,,,,7,4.5,7,4.5,7,4.5,7,4.5,AGM0093,22,1,0,,5,AGL0163_2,25,0,0,,5,AGL0163_2,26,0,0,,0,,,,,,,,,,,,,,,,,,,,,,,,,,,,,,,,,,,,,,,,,,,4,7,,,,,,,,,,1500,1260,1020,900,780,,,0,,
MODS_01_003,MODS_01_003_NAME,MODS_01_003_DESC,MODS_01_003_NAME,MODS_01_003_DESC,,7,99,10,4,0,FM07_01,RANDOM,SNDS_BGM_M074_GOD,SNDS_BGM_M074_GOD,SNDS_BGM_M009_HUNTING,SNDS_BGM_M055_BATTLE_EDM,STOR_08_GOAL,,,,7,5,7,5,7,5,7,5,AGL0133,0,1,0,,5,AGL0162,26,1,0,,5,AGL0163,30,1,0,,0,,,,,,,,,,,,,,,,,,,,,,,,,,,,,,,,,,,,,,,,,,,4,0,,,,,,,,,,1500,1260,1020,900,780,,,0,,
MODS_01_004,MODS_01_004_NAME,MODS_01_004_DESC,MODS_01_004_NAME,MODS_01_004_DESC,,7,99,10,4,0,FM08_01,RANDOM,SNDS_BGM_M072_KAGE,SNDS_BGM_M082_WINGS,,,STOR_08_GOAL,,,,7,7,7,7,7,7,7,7,AGM0084,22,1,0,,5,AGS0026,25,0,0,,5,AGS0026,26,0,0,,0,,,,,,,,,,,,,,,,,,,,,,,,,,,,,,,,,,,,,,,,,,,4,7,,,,,,,,,,1500,1260,1020,900,780,,,0,,
MODS_00_001,MODS_01_000_NAME,MODS_01_000_DESC,MODS_01_000_NAME,MODS_01_000_DESC,,7,99,10,4,2,FM02_01,RANDOM,SNDS_BGM_M080_KING,SNDS_BGM_M104_DEO_VOLENTE,SNDS_BGM_M009_HUNTING,SNDS_BGM_M101_RES_LAST_BOSS,STOR_08_GOAL,,MODS_00_002,1,6,4,6,4,6,4,6,4,AGL0172,1,1,0,,0,AGL0171,9,1,0,,0,,,,,,,,,,,,,,,,,,,,,,,,,,,,,,,,,,,,,,,,,,,,,,,,,4,6,,,,,,,,,,1500,1260,1020,900,780,,,0,,
MODS_00_002,MODS_01_000_NAME,MODS_01_000_DESC,MODS_01_000_NAME,MODS_01_000_DESC,,7,99,10,4,1,FM04_01,RANDOM,SNDS_BGM_M082_WINGS,SNDS_BGM_M072_KAGE,SNDS_BGM_M009_HUNTING,SNDS_BGM_M055_BATTLE_EDM,STOR_08_GOAL,,MODS_00_003,2,6,4,6,4,6,4,6,4,AGM0093,22,1,0,,0,AGL0163_2,25,0,0,,0,AGL0163_2,26,0,0,,0,,,,,,,,,,,,,,,,,,,,,,,,,,,,,,,,,,,,,,,,,,,4,7,,,,,,,,,,1500,1260,1020,900,780,,,0,,
MODS_00_003,MODS_01_000_NAME,MODS_01_000_DESC,MODS_01_000_NAME,MODS_01_000_DESC,,7,99,10,4,1,FM07_01,RANDOM,SNDS_BGM_M074_GOD,SNDS_BGM_M074_GOD,SNDS_BGM_M009_HUNTING,SNDS_BGM_M055_BATTLE_EDM,STOR_08_GOAL,,MODS_00_004,3,6,4,6,4,6,4,6,4,AGL0133,0,1,0,,0,AGL0162,26,1,0,,0,AGL0163,30,1,0,,0,,,,,,,,,,,,,,,,,,,,,,,,,,,,,,,,,,,,,,,,,,,4,0,,,,,,,,,,1500,1260,1020,900,780,,,0,,
MODS_00_004,MODS_01_000_NAME,MODS_01_000_DESC,MODS_01_000_NAME,MODS_01_000_DESC,,7,99,10,4,1,FM01_01,RANDOM,SNDS_BGM_M072_KAGE,SNDS_BGM_M082_WINGS,,,STOR_08_GOAL,,,4,6,4,6,4,6,4,6,4,AGM0084,22,1,0,,0,AGS0026,25,1,0,,0,AGS0026,26,1,0,,0,,,,,,,,,,,,,,,,,,,,,,,,,,,,,,,,,,,,,,,,,,,4,7,,,,,,,,,,1500,1260,1020,900,780,,,0,,
MODS_00_008,MODS_01_008_NAME,MODS_01_008_DESC,MODS_01_008_NAME,MODS_01_008_DESC,,7,40,10,4,2,FM06_01,RANDOM,SNDS_BGM_M104_DEO_VOLENTE,SNDS_BGM_M104_DEO_VOLENTE,SNDS_BGM_M104_DEO_VOLENTE,SNDS_BGM_M104_DEO_VOLENTE,STOR_08_GOAL,,MODS_00_009,1,12,4,12,4,12,4,12,4,AGL0051,25,1,0,,0,AGM0031,22,1,0,,0,AGM0031,27,1,0,,0,,,,,,,,,,,,,,,,,,,,,,,,,,,,,,,,,,,,,,,,,,,4,23,,,,,,,,,,1500,1260,1020,900,780,,,0,,
MODS_00_009,MODS_01_008_NAME,MODS_01_008_DESC,MODS_01_008_NAME,MODS_01_008_DESC,,7,99,10,4,1,FM02_02,RANDOM,SNDS_BGM_M082_WINGS,SNDS_BGM_M082_WINGS,SNDS_BGM_M082_WINGS,SNDS_BGM_M082_WINGS,STOR_08_GOAL,,MODS_00_010,2,12,4,12,4,12,4,12,4,AGL0011,22,1,0,,0,,,,,,,,,,,,0,,,,,,,,,,,,,,,,,,,,,,,,,,,,,,,,,,,,,,,,,,,4,7,,,,,,,,,,1500,1260,1020,900,780,,,0,,
MODS_00_010,MODS_01_008_NAME,MODS_01_008_DESC,MODS_01_008_NAME,MODS_01_008_DESC,,7,99,10,4,1,FM03_01,RANDOM,SNDS_BGM_M072_KAGE,SNDS_BGM_M072_KAGE,SNDS_BGM_M072_KAGE,SNDS_BGM_M072_KAGE,STOR_08_GOAL,,MODS_00_011,3,12,5.5,12,5.5,12,5.5,12,5.5,AGL0053,22,1,0,,0,AGM0061,18,1,0,,0,AGM0062,10,1,0,,0,,,,,,,,,,,,,,,,,,,,,,,,,,,,,,,,,,,,,,,,,,,4,0,,,,,,,,,,1500,1260,1020,900,780,,,0,,
MODS_00_011,MODS_01_008_NAME,MODS_01_008_DESC,MODS_01_008_NAME,MODS_01_008_DESC,,7,99,10,4,1,FM06_02,RANDOM,SNDS_BGM_M018_BATTLE_BOSS2,SNDS_BGM_M018_BATTLE_BOSS2,SNDS_BGM_M018_BATTLE_BOSS2,SNDS_BGM_M018_BATTLE_BOSS2,STOR_08_GOAL,,,4,12,5.5,12,5.5,12,5.5,12,5.5,AGL0101,22,1,0,,0,AGL0021,25,1,0,,0,AGL0031,27,1,0,,0,,,,,,,,,,,,,,,,,,,,,,,,,,,,,,,,,,,,,,,,,,,4,23,,,,,,,,,,1500,1260,1020,900,780,,,0,,
MODS_01_005,MODS_01_005_NAME,MODS_01_005_DESC,MODS_01_005_NAME,MODS_01_005_DESC,,7,35,10,4,0,FM06_02,RANDOM,SNDS_BGM_M072_KAGE,SNDS_BGM_M082_WINGS,,,STOR_08_GOAL,,,,9,6,9,6,9,6,9,6,AGL0101,22,1,0,,0,AGM0011,25,1,0,,0,AGM0021,26,1,0,,0,,,,,,,,,,,,,,,,,,,,,,,,,,,,,,,,,,,,,,,,,,,4,7,,,,,,,,,,1500,1260,1020,900,780,,,0,,
MODS_01_006,MODS_01_006_NAME,MODS_01_006_DESC,MODS_01_006_NAME,MODS_01_006_DESC,,7,35,10,4,0,FM03_02,RANDOM,SNDS_BGM_M080_KING,SNDS_BGM_M095_BEE,,,STOR_08_GOAL,,,,12,4,12,4,12,4,12,4,AGL0111,22,1,0,,0,AGL0111,25,1,0,,0,AGL0111,26,1,0,,0,AGL0111,21,1,0,,0,AGL0111,10,1,0,,0,,,,,,,,,,,,,,,,,,,,,,,,,,,,,,,4,7,,,,,,,,,,1500,1260,1020,900,780,,,0,,
MODS_01_007,MODS_01_007_NAME,MODS_01_007_DESC,MODS_01_007_NAME,MODS_01_007_DESC,,7,35,10,4,0,FM03_02,RANDOM,SNDS_BGM_M074_GOD,SNDS_BGM_M074_GOD,SNDS_BGM_M074_GOD,SNDS_BGM_M074_GOD,STOR_08_GOAL,,,,8,7,8,7,8,7,8,7,AGL0054,22,1,0,,0,AGL0054,21,1,0,,0,,,,,,,,,,,,,,,,,,,,,,,,,,,,,,,,,,,,,,,,,,,,,,,,,4,20,,,,,,,,,,1500,1260,1020,900,780,,,0,,
MODS_01_012,MODS_01_012_NAME,MODS_01_012_DESC,MODS_01_012_NAME,MODS_01_012_DESC,,7,99,10,4,0,FM04_02,RANDOM,SNDS_BGM_M080_KING,SNDS_BGM_M080_KING,,,STOR_08_GOAL,,,,10,3.5,10,3.5,10,3.5,10,3.5,AGL0171,22,1,0,,0,AGL0172,26,1,0,,0,AGL0173,25,1,0,,0,AGL0174,10,1,0,,0,,,,,,,,,,,,,,,,,,,,,,,,,,,,,,,,,,,,,4,0,,,,,,,,,,1500,1260,1020,900,780,,,0,,
MODS_01_013,MODS_01_013_NAME,MODS_01_013_DESC,MODS_01_013_NAME,MODS_01_013_DESC,,7,99,10,4,0,FM07_01,RANDOM,SNDS_BGM_M104_DEO_VOLENTE,SNDS_BGM_M104_DEO_VOLENTE,,,STOR_08_GOAL,,,,8,3.5,8,3.5,8,3.5,8,3.5,AGL0151,0,1,1,,0,AGL0152,26,1,1,,0,AGL0153,30,1,1,,0,AGM0051,10,1,1,,1,,,,,,,,,,,,,,,,,,,,,,,,,,,,,,,,,,,,,4,0,,,,,,,,,,1500,1260,1020,900,780,,,0,,
MODS_01_014,MODS_01_014_NAME,MODS_01_014_DESC,MODS_01_014_NAME,MODS_01_014_DESC,,7,99,10,4,0,FM04_02,RANDOM,SNDS_BGM_M072_KAGE,SNDS_BGM_M072_KAGE,,,STOR_08_GOAL,,,,5,6.5,5,6.5,5,6.5,5,6.5,AGM0061,0,1,0,,0,AGM0062,26,1,0,,0,AGM0082,30,1,0,,0,AGM0083,28,1,0,,0,AGM0084,8,1,0,,0,,,,,,,,,,,,,,,,,,,,,,,,,,,,,,,4,0,,,,,,,,,,1500,1260,1020,900,780,,,0,,
MODS_01_015,MODS_01_015_NAME,MODS_01_015_DESC,MODS_01_015_NAME,MODS_01_015_DESC,,7,99,10,4,0,FM06_02,RANDOM,SNDS_BGM_M070_AKKI,SNDS_BGM_M070_AKKI,,,STOR_08_GOAL,,,,5,5,5,5,5,5,5,5,AGL0133,22,1,1,,0,AGL0132,25,1,1,,0,AGL0131,27,1,1,,0,,,,,,,,,,,,,,,,,,,,,,,,,,,,,,,,,,,,,,,,,,,4,0,,,,,,,,,,1500,1260,1020,900,780,,,0,,
MODS_01_016,MODS_01_016_NAME,MODS_01_016_DESC,MODS_01_016_NAME,MODS_01_016_DESC,,7,99,10,4,0,FM01_01,RANDOM,SNDS_BGM_M009_HUNTING,SNDS_BGM_M009_HUNTING,,,STOR_08_GOAL,,,,8,3,8,3,8,3,8,3,AGM0072,28,1,0,,0,AGL0041,29,1,0,,0,AGM0071,27,1,0,,0,AGS0031,30,1,0,,5,AGS0031,20,1,0,,5,AGS0031,18,1,0,,5,AGS0031,16,1,0,,5,,,,,,,,,,,,,,,,,,,4,23,,,,,,,,,,1500,1260,1020,900,780,,,0,,
MODS_01_017,MODS_01_017_NAME,MODS_01_017_DESC,MODS_01_017_NAME,MODS_01_017_DESC,,7,99,10,4,0,FM07_01,RANDOM,SNDS_BGM_M074_GOD,SNDS_BGM_M074_GOD,SNDS_BGM_M074_GOD,SNDS_BGM_M074_GOD,STOR_08_GOAL,,,,10,3,10,3,10,3,10,3,AGL0141,28,1,1,,0,AGL0142,25,1,1,,0,AGL0143,30,1,1,,0,AGS0072,20,0,,,5,AGS0051,22,0,0,,5,AGS0051,23,0,0,,5,AGS0051,29,0,0,,5,AGS0072,20,0,0,,5,AGS0051,24,0,0,,5,AGS0072,25,0,0,,5,4,0,,,,,,,,,,1500,1260,1020,900,780,,,0,,
MODS_01_018,MODS_01_018_NAME,MODS_01_018_DESC,MODS_01_018_NAME,MODS_01_018_DESC,,7,99,10,4,0,FM06_01,RANDOM,SNDS_BGM_M093_BET,SNDS_BGM_M093_BET,SNDS_BGM_M093_BET,SNDS_BGM_M093_BET,STOR_08_GOAL,,,,12,3,12,3,12,3,12,3,AGL0171,1,1,0,,5,AGL0172,26,1,1,,5,AGL0173,30,1,1,,5,AGL0174,10,1,0,,5,,,,,,,,,,,,,,,,,,,,,,,,,,,,,,,,,,,,,4,0,,,,,,,,,,1500,1260,1020,900,780,,,0,,
MODS_01_019,MODS_01_019_NAME,MODS_01_019_DESC,MODS_01_019_NAME,MODS_01_019_DESC,,7,99,10,4,0,FM03_02,RANDOM,SNDS_BGM_M104_DEO_VOLENTE,SNDS_BGM_M104_DEO_VOLENTE,SNDS_BGM_M104_DEO_VOLENTE,SNDS_BGM_M104_DEO_VOLENTE,STOR_08_GOAL,,,,10,4,10,4,10,4,10,4,AGL0054,22,1,0,,0,AGL0054,10,1,0,,0,AGL0054,25,1,0,,0,AGL0054,26,1,0,,0,,,,,,,,,,,,,,,,,,,,,,,,,,,,,,,,,,,,,4,20,,,,,,,,,,1500,1260,1020,900,780,,,0,,
MODS_01_020,MODS_01_020_NAME,MODS_01_020_DESC,MODS_01_020_NAME,MODS_01_020_DESC,,7,99,10,4,0,FM02_02,RANDOM,SNDS_BGM_M055_BATTLE_EDM,SNDS_BGM_M055_BATTLE_EDM,SNDS_BGM_M055_BATTLE_EDM,SNDS_BGM_M055_BATTLE_EDM,STOR_08_GOAL,,,,10,7,10,7,10,7,10,7,AGL0011,22,1,0,,0,AGL0013_2,10,1,0,,0,AGL0014,25,1,0,,0,AGL0016,26,1,0,,0,,,,,,,,,,,,,,,,,,,,,,,,,,,,,,,,,,,,,4,20,,,,,,,,,,1500,1260,1020,900,780,,,0,,
MODS_01_021,MODS_01_021_NAME,MODS_01_021_DESC,MODS_01_021_NAME,MODS_01_021_DESC,,7,99,10,4,0,FM01_01,RANDOM,SNDS_BGM_M101_RES_LAST_BOSS,SNDS_BGM_M101_RES_LAST_BOSS,SNDS_BGM_M101_RES_LAST_BOSS,SNDS_BGM_M101_RES_LAST_BOSS,STOR_08_GOAL,,,,8,4,8,4,8,4,8,4,AGM0072,27,1,0,,0,AGM0083,29,1,0,,0,AGM0083,28,1,0,,0,,,,,,,,,,,,,,,,,,,,,,,,,,,,,,,,,,,,,,,,,,,4,0,,,,,,,,,,1500,1260,1020,900,780,,,0,,
MODS_01_022,MODS_01_022_NAME,MODS_01_022_DESC,MODS_01_022_NAME,MODS_01_022_DESC,,7,99,10,4,0,FM01_01,RANDOM,SNDS_BGM_M018_BATTLE_BOSS2,SNDS_BGM_M018_BATTLE_BOSS2,SNDS_BGM_M018_BATTLE_BOSS2,SNDS_BGM_M018_BATTLE_BOSS2,STOR_08_GOAL,,,,30,15,30,15,30,15,30,15,AGS0051,24,1,0,,5,AGS0011,25,1,0,,5,AGL0054,29,0,0,,0,AGS0072,23,1,0,,5,AGS0072,22,1,0,,5,AGS0031,20,1,0,,5,AGS0031,18,1,0,,5,AGS0062,16,1,0,,5,AGS0062,14,1,0,,5,AGL0173,30,0,0,,0,4,10,,,,,,,,,,1500,1260,1020,900,780,,,0,,
MODS_01_023,MODS_01_023_NAME,MODS_01_023_DESC,MODS_01_023_NAME,MODS_01_023_DESC,,7,99,10,4,0,FM06_02,RANDOM,SNDS_BGM_M082_WINGS,SNDS_BGM_M082_WINGS,SNDS_BGM_M082_WINGS,SNDS_BGM_M082_WINGS,STOR_08_GOAL,,,,8,3.5,8,3.5,8,3.5,8,3.5,AGL0135,22,1,1,,5,AGL0131,25,1,1,,5,AGL0132,27,1,1,,5,AGL0133,1,1,0,,5,,,,,,,,,,,,,,,,,,,,,,,,,,,,,,,,,,,,,4,0,,,,,,,,,,1500,1260,1020,900,780,,,0,,
MODS_01_024,MODS_01_024_NAME,MODS_01_024_DESC,MODS_01_024_NAME,MODS_01_024_DESC,,7,99,10,4,0,FM06_01,RANDOM,SNDS_BGM_M101_RES_LAST_BOSS,SNDS_BGM_M101_RES_LAST_BOSS,SNDS_BGM_M101_RES_LAST_BOSS,SNDS_BGM_M101_RES_LAST_BOSS,STOR_08_GOAL,,,,8,3,8,3,8,3,8,3,AGL0132,22,1,1,,5,AGL0132,8,1,1,,5,AGL0132,9,1,1,,5,AGL0132,13,1,0,,5,,,,,,,,,,,,,,,,,,,,,,,,,,,,,,,,,,,,,4,0,,,,,,,,,,1500,1260,1020,900,780,,,0,,
MODS_01_025,MODS_01_025_NAME,MODS_01_025_DESC,MODS_01_025_NAME,MODS_01_025_DESC,,7,99,10,4,0,FM01_02,RANDOM,SNDS_BGM_M072_KAGE,SNDS_BGM_M072_KAGE,SNDS_BGM_M072_KAGE,SNDS_BGM_M072_KAGE,STOR_08_GOAL,,,,5.5,5.5,5.5,5.5,5.5,5.5,5.5,5.5,AGL0021,16,1,0,,0,AGL0031,22,1,0,,0,AGL0041,20,1,0,,0,,,,,,,,,,,,,,,,,,,,,,,,,,,,,,,,,,,,,,,,,,,4,7,,,,,,,,,,1500,1260,1020,900,780,,,0,,
MODS_01_026,MODS_01_026_NAME,MODS_01_026_DESC,MODS_01_026_NAME,MODS_01_026_DESC,,7,99,10,4,0,FM02_01,RANDOM,SNDS_BGM_M074_GOD,SNDS_BGM_M074_GOD,SNDS_BGM_M074_GOD,SNDS_BGM_M074_GOD,STOR_08_GOAL,,,,5,5.5,5,5.5,5,5.5,5,5.5,AGL0016,1,1,0,,0,AGL0016,9,1,0,,0,AGL0013_2,6,1,0,,0,AGL0013_2,0,1,0,,0,,,,,,,,,,,,,,,,,,,,,,,,,,,,,,,,,,,,,4,0,,,,,,,,,,2000,1750,1500,1250,1000,,,0,,
MODS_01_027,MODS_01_027_NAME,MODS_01_027_DESC,MODS_01_027_NAME,MODS_01_027_DESC,,7,90,10,4,0,FM04_01,RANDOM,SNDS_BGM_M070_AKKI,SNDS_BGM_M070_AKKI,SNDS_BGM_M070_AKKI,SNDS_BGM_M070_AKKI,STOR_08_GOAL,,,,5,5,5,5,5,5,5,5,AGL0132,1,1,0,,0,,,,,,,,,,,,,,,,,,,,,,,,,,,,,,,,,,,,,,,,,,,,,,,,,,,,,,,4,0,,,,,,,,,,2000,1750,1500,1250,1000,,,0,,
MODS_01_028,MODS_01_028_NAME,MODS_01_028_DESC,MODS_01_028_NAME,MODS_01_028_DESC,,7,90,10,4,0,FM06_01,RANDOM,SNDS_BGM_M072_KAGE,SNDS_BGM_M072_KAGE,SNDS_BGM_M072_KAGE,SNDS_BGM_M072_KAGE,STOR_08_GOAL,,,,6,5,6,5,6,5,6,5,AGL0143,1,1,0,,0,AGL0143,8,1,0,,0,AGL0143,9,1,0,,0,AGL0143,13,1,0,,0,,,,,,,,,,,,,,,,,,,,,,,,,,,,,,,,,,,,,4,0,,,,,,,,,,2000,1750,1500,1250,1000,,,0,,
MODS_01_029,MODS_01_029_NAME,MODS_01_029_DESC,MODS_01_029_NAME,MODS_01_029_DESC,,7,90,10,4,0,FM04_02,RANDOM,SNDS_BGM_M074_GOD,SNDS_BGM_M074_GOD,SNDS_BGM_M074_GOD,SNDS_BGM_M074_GOD,STOR_08_GOAL,,,,5,5.5,5,5.5,5,5.5,5,5.5,AGM0091,1,1,0,,0,AGM0092,8,1,0,,0,AGM0093,9,1,0,,0,,,,,,,,,,,,,,,,,,,,,,,,,,,,,,,,,,,,,,,,,,,4,0,,,,,,,,,,2000,1750,1500,1250,1000,,,0,,
MODS_01_030,MODS_01_030_NAME,MODS_01_030_DESC,MODS_01_030_NAME,MODS_01_030_DESC,,7,90,10,4,0,FM07_01,RANDOM,SNDS_BGM_M082_WINGS,SNDS_BGM_M082_WINGS,SNDS_BGM_M082_WINGS,SNDS_BGM_M082_WINGS,STOR_08_GOAL,,,,5,3.5,5,3.5,5,3.5,5,3.5,AGL0131,0,1,1,,5,AGL0141,26,1,1,,5,AGL0151,30,1,0,,5,AGL0161,7,1,1,,5,AGL0171,10,1,1,,5,,,,,,,,,,,,,,,,,,,,,,,,,,,,,,,4,0,,,,,,,,,,2000,1750,1500,1250,1000,,,0,,
MODS_01_031,MODS_01_031_NAME,MODS_01_031_DESC,MODS_01_031_NAME,MODS_01_031_DESC,,7,90,10,4,0,FM07_01,RANDOM,SNDS_BGM_M080_KING,SNDS_BGM_M080_KING,SNDS_BGM_M080_KING,SNDS_BGM_M080_KING,STOR_08_GOAL,,,,5,4,5,4,5,4,5,4,AGL0132,0,1,1,,5,AGL0142,26,1,1,,5,AGL0152,30,1,0,,5,AGL0162,7,1,1,,5,AGL0172,10,1,1,,5,,,,,,,,,,,,,,,,,,,,,,,,,,,,,,,4,0,,,,,,,,,,2000,1750,1500,1250,1000,,,0,,
MODS_01_032,MODS_01_032_NAME,MODS_01_032_DESC,MODS_01_032_NAME,MODS_01_032_DESC,,7,90,10,4,0,FM07_01,RANDOM,SNDS_BGM_M104_DEO_VOLENTE,SNDS_BGM_M104_DEO_VOLENTE,SNDS_BGM_M104_DEO_VOLENTE,SNDS_BGM_M104_DEO_VOLENTE,STOR_08_GOAL,,,,5,4,5,4,5,4,5,4,AGL0133,0,1,1,,5,AGL0143,26,1,1,,5,AGL0063,30,1,0,,5,AGL0163,7,1,1,,5,AGL0173,10,1,1,,5,,,,,,,,,,,,,,,,,,,,,,,,,,,,,,,4,0,,,,,,,,,,2000,1750,1500,1250,1000,,,0,,
MODS_01_033,MODS_01_033_NAME,MODS_01_033_DESC,MODS_01_033_NAME,MODS_01_033_DESC,,7,50,10,4,0,FM08_01,RANDOM,SNDS_BGM_M072_KAGE,SNDS_BGM_M072_KAGE,SNDS_BGM_M072_KAGE,SNDS_BGM_M072_KAGE,STOR_08_GOAL,,,,5,3,5,3,5,3,5,3,AGL0135,0,1,1,,5,AGL0016,26,1,1,,5,AGL0064,30,1,0,,5,AGL0153,7,1,1,,5,AGL0174,10,1,1,,5,,,,,,,,,,,,,,,,,,,,,,,,,,,,,,,4,0,,,,,,,,,,2000,1750,1500,1250,1000,,,0,,
MODS_01_034,MODS_01_034_NAME,MODS_01_034_DESC,MODS_01_034_NAME,MODS_01_034_DESC,,7,80,10,4,0,FM02_01,RANDOM,SNDS_BGM_M101_RES_LAST_BOSS,SNDS_BGM_M101_RES_LAST_BOSS,SNDS_BGM_M101_RES_LAST_BOSS,SNDS_BGM_M101_RES_LAST_BOSS,STOR_08_GOAL,,,,5,3,5,3,5,3,5,3,AGL0172,1,1,0,,5,AGL0171,9,1,0,,5,AGL0173,0,1,0,,5,,,,,,,,,,,,,,,,,,,,,,,,,,,,,,,,,,,,,,,,,,,4,0,,,,,,,,,,2000,1750,1500,1250,1000,,,0,,
MODS_01_035,MODS_01_035_NAME,MODS_01_035_DESC,MODS_01_035_NAME,MODS_01_035_DESC,,7,80,10,4,0,FM01_01,RANDOM,SNDS_BGM_M104_DEO_VOLENTE,SNDS_BGM_M104_DEO_VOLENTE,SNDS_BGM_M104_DEO_VOLENTE,SNDS_BGM_M104_DEO_VOLENTE,STOR_08_GOAL,,,,6,3,6,3,6,3,6,3,AGM0021,27,1,0,,5,AGM0021,29,1,0,,5,AGM0021,28,1,0,,5,,,,,,,,,,,,,,,,,,,,,,,,,,,,,,,,,,,,,,,,,,,4,0,,,,,,,,,,2000,1750,1500,1250,1000,,,0,,
MODS_01_036,MODS_01_036_NAME,MODS_01_036_DESC,MODS_01_036_NAME,MODS_01_036_DESC,,7,50,10,4,0,FM01_02,RANDOM,SNDS_BGM_M072_KAGE,SNDS_BGM_M072_KAGE,SNDS_BGM_M072_KAGE,SNDS_BGM_M072_KAGE,STOR_08_GOAL,,,,5,4,5,4,5,4,5,4,AGL0111,0,1,1,,5,AGL0111,26,,1,,5,AGL0111,30,,1,,5,,,,,,,,,,,,,,,,,,,,,,,,,,,,,,,,,,,,,,,,,,,4,0,,,,,,,,,,1500,1260,1020,900,780,,,0,,
MODS_01_037,MODS_01_037_NAME,MODS_01_037_DESC,MODS_01_037_NAME,MODS_01_037_DESC,,7,50,10,4,0,FM06_01,RANDOM,SNDS_BGM_M074_GOD,SNDS_BGM_M074_GOD,SNDS_BGM_M074_GOD,SNDS_BGM_M074_GOD,STOR_08_GOAL,,,,5,5,5,5,5,5,5,5,AGL0161,1,1,1,,5,,,,,,,,,,,,,,,,,,,,,,,,,,,,,,,,,,,,,,,,,,,,,,,,,,,,,,,4,0,,,,,,,,,,1500,1260,1020,900,780,,,0,,
MODS_01_038,MODS_01_038_NAME,MODS_01_038_DESC,MODS_01_038_NAME,MODS_01_038_DESC,,7,60,10,4,0,FM04_01,RANDOM,SNDS_BGM_M087_DEFENSE,SNDS_BGM_M087_DEFENSE,SNDS_BGM_M087_DEFENSE,SNDS_BGM_M087_DEFENSE,STOR_08_GOAL,,,,5,5,5,5,5,5,5,5,AGL0163,25,1,1,,5,AGL0143,26,1,1,,5,,,,,,,,,,,,,,,,,,,,,,,,,,,,,,,,,,,,,,,,,,,,,,,,,4,0,,,,,,,,,,1500,1260,1020,900,780,,,0,,
MODS_01_039,MODS_01_039_NAME,MODS_01_039_DESC,MODS_01_039_NAME,MODS_01_039_DESC,,7,90,10,4,0,FM08_01,RANDOM,SNDS_BGM_M009_HUNTING,SNDS_BGM_M009_HUNTING,SNDS_BGM_M009_HUNTING,SNDS_BGM_M009_HUNTING,STOR_08_GOAL,,,,14,5,14,5,14,5,14,5,AGL0051,1,1,1,,5,,,,,,,,,,,,,,,,,,,,,,,,,,,,,,,,,,,,,,,,,,,,,,,,,,,,,,,4,0,,,,,,,,,,1500,1260,1020,900,780,,,0,,
MODS_01_040,MODS_01_040_NAME,MODS_01_040_DESC,MODS_01_040_NAME,MODS_01_040_DESC,,7,90,10,4,0,FM08_01,RANDOM,SNDS_BGM_M087_DEFENSE,SNDS_BGM_M087_DEFENSE,SNDS_BGM_M087_DEFENSE,SNDS_BGM_M087_DEFENSE,STOR_08_GOAL,,,,14,5,14,5,14,5,14,5,AGL0051,1,1,1,,5,AGL0054,2,1,1,,5,,,,,,,,,,,,,,,,,,,,,,,,,,,,,,,,,,,,,,,,,,,,,,,,,4,0,,,,,,,,,,1500,1260,1020,900,780,,,0,,
MODS_01_041,MODS_01_041_NAME,MODS_01_041_DESC,MODS_01_041_NAME,MODS_01_041_DESC,,7,90,10,4,0,FM03_02,RANDOM,SNDS_BGM_M002_BATTLE_ASHBORN,SNDS_BGM_M002_BATTLE_ASHBORN,SNDS_BGM_M002_BATTLE_ASHBORN,SNDS_BGM_M002_BATTLE_ASHBORN,STOR_08_GOAL,,,,14,5,14,5,14,5,14,5,AGL0051,25,1,1,,5,AGL0051,26,1,1,,5,,,,,,,,,,,,,,,,,,,,,,,,,,,,,,,,,,,,,,,,,,,,,,,,,4,0,,,,,,,,,,1500,1260,1020,900,780,,,0,,
MODS_01_042,MODS_01_042_NAME,MODS_01_042_DESC,MODS_01_042_NAME,MODS_01_042_DESC,,7,90,10,4,0,FM03_02,RANDOM,SNDS_BGM_M055_BATTLE_EDM,SNDS_BGM_M055_BATTLE_EDM,SNDS_BGM_M055_BATTLE_EDM,SNDS_BGM_M055_BATTLE_EDM,STOR_08_GOAL,,,,12,5,12,5,12,5,12,5,AGL0051,22,1,1,,5,AGL0051,10,1,1,,5,AGL0051,25,1,1,,5,AGL0051,26,1,1,,5,,,,,,,,,,,,,,,,,,,,,,,,,,,,,,,,,,,,,4,0,,,,,,,,,,1500,1260,1020,900,780,,,0,,
MODS_01_043,MODS_01_043_NAME,MODS_01_043_DESC,MODS_01_043_NAME,MODS_01_043_DESC,,7,90,10,4,0,FM03_01,RANDOM,SNDS_BGM_M080_KING,SNDS_BGM_M080_KING,SNDS_BGM_M080_KING,SNDS_BGM_M080_KING,STOR_08_GOAL,,,,6,5,6,5,6,5,6,5,AGL0053,22,1,1,,5,AGL0053,26,1,1,,5,AGL0053,25,1,1,,5,,,,,,,,,,,,,,,,,,,,,,,,,,,,,,,,,,,,,,,,,,,4,0,,,,,,,,,,1500,1260,1020,900,780,,,0,,
MODS_01_044,MODS_01_044_NAME,MODS_01_044_DESC,MODS_01_044_NAME,MODS_01_044_DESC,,7,90,10,4,0,FM01_02,RANDOM,SNDS_BGM_M095_BEE,SNDS_BGM_M095_BEE,SNDS_BGM_M095_BEE,SNDS_BGM_M095_BEE,STOR_08_GOAL,,,,5,5,5,5,5,5,5,5,AGM0061,22,1,1,,5,AGM0061,26,1,1,,5,,,,,,,,,,,,,,,,,,,,,,,,,,,,,,,,,,,,,,,,,,,,,,,,,4,0,,,,,,,,,,1500,1260,1020,900,780,,,0,,
MODS_01_045,MODS_01_045_NAME,MODS_01_045_DESC,MODS_01_045_NAME,MODS_01_045_DESC,,7,99,10,4,0,FM01_01,RANDOM,SNDS_BGM_M018_BATTLE_BOSS2,SNDS_BGM_M018_BATTLE_BOSS2,SNDS_BGM_M018_BATTLE_BOSS2,SNDS_BGM_M018_BATTLE_BOSS2,STOR_08_GOAL,,,,250,15,250,15,250,15,250,15,AGS0021,24,1,1,,5,AGS0021,25,1,1,,5,AGS0021,29,1,1,,5,AGS0021,23,1,1,,5,AGS0021,22,1,1,,5,AGS0021,20,1,1,,5,AGS0021,18,1,1,,5,AGL0054,16,0,0,,5,AGL0132,14,0,0,,5,AGL0132,30,0,0,,5,4,10,,,,,,,,,,1500,1260,1020,900,780,,,0,,
MODS_01_046,MODS_01_046_NAME,MODS_01_046_DESC,MODS_01_046_NAME,MODS_01_046_DESC,,7,99,10,4,0,FM08_01,RANDOM,SNDS_BGM_M070_AKKI,SNDS_BGM_M070_AKKI,SNDS_BGM_M070_AKKI,SNDS_BGM_M070_AKKI,STOR_08_GOAL,,,,6,5,6,5,6,5,6,5,AGM0073,1,1,1,,5,,,,,,,,,,,,,,,,,,,,,,,,,,,,,,,,,,,,,,,,,,,,,,,,,,,,,,,4,10,,,,,,,,,,1500,1260,1020,900,780,,,0,,
MODS_01_047,MODS_01_047_NAME,MODS_01_047_DESC,MODS_01_047_NAME,MODS_01_047_DESC,,7,99,10,4,0,FM03_02,RANDOM,SNDS_BGM_M093_BET,SNDS_BGM_M018_BATTLE_BOSS2,SNDS_BGM_M009_HUNTING,SNDS_BGM_M055_BATTLE_EDM,STOR_08_GOAL,,,,6,3,6,3,6,3,6,3,AGL0132,22,1,1,,5,AGL0162,25,1,1,,5,AGL0162,26,1,1,,5,,,,,,,,,,,,,,,,,,,,,,,,,,,,,,,,,,,,,,,,,,,4,7,,,,,,,,,,1500,1260,1020,900,780,,,0,,
MODS_01_048,MODS_01_048_NAME,MODS_01_048_DESC,MODS_01_048_NAME,MODS_01_048_DESC,,7,99,10,4,0,FM04_02,RANDOM,SNDS_BGM_M072_KAGE,SNDS_BGM_M072_KAGE,,,STOR_08_GOAL,,,,7,3.5,7,3.5,7,3.5,7,3.5,AGL0051,0,1,0,,5,AGL0053,26,1,1,,5,AGL0054,30,1,1,,5,AGL0162,28,1,1,,5,AGL0132,8,1,1,,5,,,,,,,,,,,,,,,,,,,,,,,,,,,,,,,4,0,,,,,,,,,,1500,1260,1020,900,780,,,0,,
MODS_01_049,MODS_01_049_NAME,MODS_01_049_DESC,MODS_01_049_NAME,MODS_01_049_DESC,,7,99,10,4,0,FM03_02,RANDOM,SNDS_BGM_M093_BET,SNDS_BGM_M018_BATTLE_BOSS2,SNDS_BGM_M009_HUNTING,SNDS_BGM_M055_BATTLE_EDM,STOR_08_GOAL,,,,7,3,7,3,7,3,7,3,AGL0051,26,1,1,,5,AGL0051,25,1,1,,5,,,,,,,,,,,,,,,,,,,,,,,,,,,,,,,,,,,,,,,,,,,,,,,,,4,7,,,,,,,,,,1500,1260,1020,900,780,,,0,,
MODS_00_050,MODS_00_050_NAME,MODS_00_050_DESC,MODS_01_050_NAME,MODS_01_050_DESC,,7,60,10,4,2,FM04_01,RANDOM,SNDS_BGM_M133_TEARS_OF_PASSION_UNEXPECTED,SNDS_BGM_M133_TEARS_OF_PASSION_UNEXPECTED,SNDS_BGM_M133_TEARS_OF_PASSION_UNEXPECTED,SNDS_BGM_M133_TEARS_OF_PASSION_UNEXPECTED,STOR_08_GOAL,,MODS_00_051,1,6,3.5,6,3.5,6,3.5,6,3.5,AGL0031,26,1,1,,5,AGL0031,25,1,1,,5,AGL0031,20,1,1,,5,AGL0031,18,1,1,,5,,,,,,,,,,,,,,,,,,,,,,,,,,,,,,,,,,,,,4,7,,,,,,,,,,1500,1260,1020,900,780,,,0,,
MODS_00_051,MODS_00_050_NAME,MODS_00_050_DESC,MODS_01_051_NAME,MODS_01_051_DESC,,7,60,10,4,1,FM03_02,RANDOM,SNDS_BGM_M013_EVENT_ANXLETY,SNDS_BGM_M013_EVENT_ANXLETY,SNDS_BGM_M013_EVENT_ANXLETY,SNDS_BGM_M013_EVENT_ANXLETY,STOR_08_GOAL,,MODS_00_052,2,5,3.5,5,3.5,5,3.5,5,3.5,AGL0132,26,1,1,,5,AGL0162,25,1,1,,5,AGL0162,22,1,1,,5,,,,,,,,,,,,,,,,,,,,,,,,,,,,,,,,,,,,,,,,,,,4,7,,,,,,,,,,1500,1260,1020,900,780,,,0,,
MODS_00_052,MODS_00_050_NAME,MODS_00_050_DESC,MODS_01_052_NAME,MODS_01_052_DESC,,7,60,10,4,1,FM06_01,RANDOM,SNDS_BGM_M018_BATTLE_BOSS2,SNDS_BGM_M018_BATTLE_BOSS2,SNDS_BGM_M018_BATTLE_BOSS2,SNDS_BGM_M018_BATTLE_BOSS2,STOR_08_GOAL,,MODS_00_053,3,5.5,3.5,5.5,3.5,5.5,3.5,5.5,3.5,AGM0072,27,1,1,,5,AGM0051,25,1,1,,5,AGM0051,22,1,1,,5,,,,,,,,,,,,,,,,,,,,,,,,,,,,,,,,,,,,,,,,,,,4,7,,,,,,,,,,1500,1260,1020,900,780,,,0,,
MODS_00_053,MODS_00_050_NAME,MODS_00_050_DESC,MODS_01_053_NAME,MODS_01_053_DESC,,7,60,10,4,1,FM06_02,RANDOM,SNDS_BGM_M082_WINGS,SNDS_BGM_M082_WINGS,SNDS_BGM_M082_WINGS,SNDS_BGM_M082_WINGS,STOR_08_GOAL,,MODS_00_054,4,6,3.5,6,3.5,6,3.5,6,3.5,AGM0011,27,1,1,,5,AGM0011,25,1,1,,5,AGM0011,22,1,1,,5,,,,,,,,,,,,,,,,,,,,,,,,,,,,,,,,,,,,,,,,,,,4,0,,,,,,,,,,1500,1260,1020,900,780,,,0,,
MODS_00_054,MODS_00_050_NAME,MODS_00_050_DESC,MODS_01_054_NAME,MODS_01_054_DESC,,7,60,10,4,1,FM08_01,RANDOM,SNDS_BGM_M070_AKKI,SNDS_BGM_M070_AKKI,SNDS_BGM_M070_AKKI,SNDS_BGM_M070_AKKI,STOR_08_GOAL,,,5,5.5,3.5,5.5,3.5,5.5,3.5,5.5,3.5,AGM0073,1,1,1,,5,,,,,,,,,,,,,,,,,,,,,,,,,,,,,,,,,,,,,,,,,,,,,,,,,,,,,,,4,10,,,,,,,,,,1500,1260,1020,900,780,,,0,,
MODS_01_055,MODS_01_055_NAME,MODS_01_055_DESC,MODS_01_055_NAME,MODS_01_055_DESC,,7,40,10,4,0,FM04_01,RANDOM,SNDS_BGM_M012_EVENT_RED_QUEEN,SNDS_BGM_M012_EVENT_RED_QUEEN,SNDS_BGM_M012_EVENT_RED_QUEEN,SNDS_BGM_M012_EVENT_RED_QUEEN,STOR_08_GOAL,,,,7,5,7,5,7,5,7,5,AGL0031,26,1,1,,5,AGL0031,25,1,1,,5,AGL0031,20,1,1,,5,AGL0031,18,1,1,,5,,,,,,,,,,,,,,,,,,,,,,,,,,,,,,,,,,,,,4,7,,,,,,,,,,1500,1260,1020,900,780,,,0,,
MODS_01_056,MODS_01_056_NAME,MODS_01_056_DESC,MODS_01_056_NAME,MODS_01_056_DESC,,7,40,10,4,0,FM03_02,RANDOM,SNDS_BGM_M102_NO_WAY_BACK,SNDS_BGM_M102_NO_WAY_BACK,SNDS_BGM_M102_NO_WAY_BACK,SNDS_BGM_M102_NO_WAY_BACK,STOR_08_GOAL,,,,6,4,6,4,6,4,6,4,AGL0132,26,1,1,,5,AGL0162,25,1,1,,5,AGL0162,22,1,1,,5,,,,,,,,,,,,,,,,,,,,,,,,,,,,,,,,,,,,,,,,,,,4,7,,,,,,,,,,1500,1260,1020,900,780,,,0,,
MODS_01_057,MODS_01_057_NAME,MODS_01_057_DESC,MODS_01_057_NAME,MODS_01_057_DESC,,7,40,10,4,0,FM06_01,RANDOM,SNDS_BGM_M090_EROSION,SNDS_BGM_M090_EROSION,SNDS_BGM_M090_EROSION,SNDS_BGM_M090_EROSION,STOR_08_GOAL,,,,7,5,7,5,7,5,7,5,AGM0072,27,1,1,,5,AGM0051,25,1,1,,5,AGM0051,22,1,1,,5,,,,,,,,,,,,,,,,,,,,,,,,,,,,,,,,,,,,,,,,,,,4,7,,,,,,,,,,1500,1260,1020,900,780,,,0,,
MODS_01_058,MODS_01_058_NAME,MODS_01_058_DESC,MODS_01_058_NAME,MODS_01_058_DESC,,7,40,10,4,0,FM06_02,RANDOM,SNDS_BGM_M082_WINGS,SNDS_BGM_M082_WINGS,SNDS_BGM_M082_WINGS,SNDS_BGM_M082_WINGS,STOR_08_GOAL,,,,8,4.5,8,4.5,8,4.5,8,4.5,AGM0011,27,1,1,,5,AGM0011,25,1,1,,5,,,,,,,,,,,,,,,,,,,,,,,,,,,,,,,,,,,,,,,,,,,,,,,,,4,0,,,,,,,,,,1500,1260,1020,900,780,,,0,,
MODS_01_059,MODS_01_059_NAME,MODS_01_059_DESC,MODS_01_059_NAME,MODS_01_059_DESC,,7,40,10,4,0,FM08_01,RANDOM,SNDS_BGM_M070_AKKI,SNDS_BGM_M070_AKKI,SNDS_BGM_M070_AKKI,SNDS_BGM_M070_AKKI,STOR_08_GOAL,,,,8,4.5,8,4.5,8,4.5,8,4.5,AGM0073,1,1,1,,5,,,,,,,,,,,,,,,,,,,,,,,,,,,,,,,,,,,,,,,,,,,,,,,,,,,,,,,4,10,,,,,,,,,,1500,1260,1020,900,780,,,0,,
MODS_01_060,MODS_01_060_NAME,MODS_01_060_DESC,MODS_01_060_NAME,MODS_01_060_DESC,,7,60,10,4,0,FM02_01,RANDOM,SNDS_BGM_M101_RES_LAST_BOSS,SNDS_BGM_M101_RES_LAST_BOSS,SNDS_BGM_M101_RES_LAST_BOSS,SNDS_BGM_M101_RES_LAST_BOSS,STOR_08_GOAL,,,,7,4,7,4,7,4,7,4,AGL0161,1,1,0,,5,AGL0162,9,1,0,,5,AGL0163,0,1,0,,5,,,,,,,,,,,,,,,,,,,,,,,,,,,,,,,,,,,,,,,,,,,4,0,,,,,,,,,,2000,1750,1500,1250,1000,,,0,,
MODS_01_061,MODS_01_061_NAME,MODS_01_061_DESC,MODS_01_061_NAME,MODS_01_061_DESC,,7,40,10,4,0,FM07_01,RANDOM,SNDS_BGM_M101_RES_LAST_BOSS,SNDS_BGM_M101_RES_LAST_BOSS,SNDS_BGM_M101_RES_LAST_BOSS,SNDS_BGM_M101_RES_LAST_BOSS,STOR_08_GOAL,,,,8,4,8,4,8,4,8,4,AGL0131,0,1,1,,5,AGL0141,26,1,1,,5,AGL0151,30,1,0,,5,AGL0161,7,1,1,,5,AGL0171,10,1,1,,5,,,,,,,,,,,,,,,,,,,,,,,,,,,,,,,4,0,,,,,,,,,,2000,1750,1500,1250,1000,,,0,,
MODS_01_062,MODS_01_062_NAME,MODS_01_062_DESC,MODS_01_062_NAME,MODS_01_062_DESC,,7,40,10,4,0,FM08_01,RANDOM,SNDS_BGM_M082_WINGS,SNDS_BGM_M082_WINGS,SNDS_BGM_M082_WINGS,SNDS_BGM_M082_WINGS,STOR_08_GOAL,,,,8,2,8,2,8,2,8,2,AGL0135,22,1,1,,5,AGL0131,25,1,1,,5,AGL0132,27,1,1,,5,AGL0133,10,1,0,,5,AGL0134,22,1,0,,5,,,,,,,,,,,,,,,,,,,,,,,,,,,,,,,4,0,,,,,,,,,,1500,1260,1020,900,780,,,0,,
MODS_01_063,MODS_01_063_NAME,MODS_01_063_DESC,MODS_01_063_NAME,MODS_01_063_DESC,,7,40,10,4,0,FM02_02,RANDOM,SNDS_BGM_M110_OVER_THE_CLOUDS,SNDS_BGM_M110_OVER_THE_CLOUDS,SNDS_BGM_M101_RES_LAST_BOSS,SNDS_BGM_M101_RES_LAST_BOSS,STOR_08_GOAL,,,,10,3,10,3,10,3,10,3,AGL0101,1,1,0,,5,AGL0101,6,1,0,,5,AGM0031,10,1,0,,5,AGM0031,14,1,0,,5,AGM0021,18,1,0,,5,AGM0021,22,1,0,,5,,,,,,,,,,,,,,,,,,,,,,,,,4,0,,,,,,,,,,2000,1750,1500,1250,1000,,,0,,
MODS_01_064,MODS_01_064_NAME,MODS_01_064_DESC,MODS_01_064_NAME,MODS_01_064_DESC,,7,40,10,4,0,FM02_02,RANDOM,SNDS_BGM_M104_DEO_VOLENTE,SNDS_BGM_M104_DEO_VOLENTE,SNDS_BGM_M104_DEO_VOLENTE,SNDS_BGM_M104_DEO_VOLENTE,STOR_08_GOAL,,,,12,2.5,12,2.5,12,2.5,12,2.5,AGL0041,1,1,0,,5,AGL0041,6,1,0,,5,AGL0041,10,1,0,,5,AGM0011,14,0,0,,0,AGM0011,18,0,0,,0,,,,,,,,,,,,,,,,,,,,,,,,,,,,,,,4,0,,,,,,,,,,2000,1750,1500,1250,1000,,,0,,
MODS_01_065,MODS_01_065_NAME,MODS_01_065_DESC,MODS_01_065_NAME,MODS_01_065_DESC,,7,40,10,4,0,FM08_01,RANDOM,SNDS_BGM_M053_BATTLE_OTHER2,SNDS_BGM_M053_BATTLE_OTHER2,SNDS_BGM_M053_BATTLE_OTHER2,SNDS_BGM_M053_BATTLE_OTHER2,STOR_08_GOAL,,,,150,3,150,3,150,3,150,3,AGS0021,1,1,0,,5,AGS0021,6,1,0,,5,AGS0072,10,1,0,,5,AGS0072,22,1,0,,5,AGS0072,30,1,0,,5,,,,,,,,,,,,,,,,,,,,,,,,,,,,,,,4,0,,,,,,,,,,2000,1750,1500,1250,1000,,,0,,
MODS_01_066,MODS_01_066_NAME,MODS_01_066_DESC,MODS_01_066_NAME,MODS_01_066_DESC,,7,40,10,4,0,FM07_01,RANDOM,SNDS_BGM_M053_BATTLE_OTHER2,SNDS_BGM_M053_BATTLE_OTHER2,SNDS_BGM_M053_BATTLE_OTHER2,SNDS_BGM_M053_BATTLE_OTHER2,STOR_08_GOAL,,,,12,2.5,12,2.5,12,2.5,12,2.5,AGL0053,22,1,0,,5,AGL0182,6,0,1,,0,AGL0182,10,0,1,,0,AGL0182,22,0,1,,0,AGL0182,30,0,1,,0,AGL0182,1,0,1,,0,,,,,,,,,,,,,,,,,,,,,,,,,4,0,,,,,,,,,,2000,1750,1500,1250,1000,,,0,,
MODS_01_067,MODS_01_067_NAME,MODS_01_067_DESC,MODS_01_067_NAME,MODS_01_067_DESC,,7,40,10,4,0,FM06_02,RANDOM,SNDS_BGM_M018_BATTLE_BOSS2,SNDS_BGM_M018_BATTLE_BOSS2,SNDS_BGM_M018_BATTLE_BOSS2,SNDS_BGM_M018_BATTLE_BOSS2,STOR_08_GOAL,,,,15,3,15,3,15,3,15,3,AGL0013_2,22,1,1,,5,AGL0011,23,0,1,,5,AGL0011,24,0,1,,5,,,,,,,,,,,,,,,,,,,,,,,,,,,,,,,,,,,,,,,,,,,4,5,,,,,,,,,,1500,1260,1020,900,780,,,0,,
MODX_00_000,MODX_00_000_NAME,MODX_00_000_DESC,MODX_00_000_NAME,MODX_00_000_DESC,,7,40,10,4,0,FM08_01,RANDOM,SNDS_BGM_M025_FM06,SNDS_BGM_M133_TEARS_OF_PASSION_UNEXPECTED,,,STOR_08_GOAL,,,,8,2.5,8,2.5,8,2.5,8,2.5,AGL0151,0,1,1,,5,AGL0131,11,1,1,,5,,,,,,,,,,,,,,,,,,,,,,,,,,,,,,,,,,,,,,,,,,,,,,,,,4,0,,,,,,,,,,1920,1680,1440,1320,1200,,,0,,
MODX_01_001,MODX_01_001_NAME,MODX_01_001_DESC,MODX_01_001_NAME,MODX_01_001_DESC,,7,40,10,4,0,FM08_01,RANDOM,SNDS_BGM_M133_TEARS_OF_PASSION_UNEXPECTED,,SNDS_BGM_M009_HUNTING,,STOR_08_GOAL,,,,7,2.5,7,2.5,7,2.5,7,2.5,AGL0133,0,1,1,,5,AGL0163,11,1,1,,5,AGL0173,3,1,1,,5,,,,,,,,,,,,,,,,,,,,,,,,,,,,,,,,,,,,,,,,,,,4,0,,,,,,,,,,1500,1260,1020,900,780,,,0,,
MODX_01_002,MODX_01_002_NAME,MODX_01_002_DESC,MODX_01_002_NAME,MODX_01_002_DESC,,7,40,10,4,0,FM01_01,RANDOM,SNDS_BGM_M072_KAGE,SNDS_BGM_M082_WINGS,SNDS_BGM_M009_HUNTING,,STOR_08_GOAL,,,,9,2.5,9,2.5,9,2.5,9,2.5,AGM0061,7,1,1,,0,AGM0091,3,1,0,,5,,,,,,,,,,,,,,,,,,,,,,,,,,,,,,,,,,,,,,,,,,,,,,,,,4,0,,,,,,,,,,1500,1260,1020,900,780,,,0,,
MODX_01_003,MODX_01_003_NAME,MODX_01_003_DESC,MODX_01_003_NAME,MODX_01_003_DESC,,7,40,10,4,0,FM07_01,RANDOM,SNDS_BGM_M080_KING,SNDS_BGM_M009_HUNTING,SNDS_BGM_M009_HUNTING,,STOR_08_GOAL,,,,12.5,2.5,12.5,2.5,12.5,2.5,12.5,2.5,AGL0163,9,1,1,,0,,,,,,,,,,,,,,,,,,,,,,,,,,,,,,,,,,,,,,,,,,,,,,,,,,,,,,,4,0,,,,,,,,,,1500,1260,1020,900,780,,,0,,
MODX_01_004,MODX_01_004_NAME,MODX_01_004_DESC,MODX_01_004_NAME,MODX_01_004_DESC,,7,40,10,4,0,FM03_01,RANDOM,SNDS_BGM_M112_BACK_DOWN,SNDS_BGM_M093_BET,SNDS_BGM_M009_HUNTING,,STOR_08_GOAL,,,,7,2.5,7,2.5,7,2.5,7,2.5,AGL0101,1,1,1,,0,AGL0111,9,1,1,,0,,,,,,,,,,,,,,,,,,,,,,,,,,,,,,,,,,,,,,,,,,,,,,,,,4,0,,,,,,,,,,1500,1260,1020,900,780,,,0,,
MODX_01_005,MODX_01_005_NAME,MODX_01_005_DESC,MODX_01_005_NAME,MODX_01_005_DESC,,7,40,10,4,0,FM07_01,RANDOM,SNDS_BGM_M133_TEARS_OF_PASSION_UNEXPECTED,SNDS_BGM_M082_WINGS,SNDS_BGM_M009_HUNTING,,STOR_08_GOAL,,,,12.5,2,12.5,2,12.5,2,12.5,2,AGL0133,9,1,1,,0,,,,,,,,,,,,,,,,,,,,,,,,,,,,,,,,,,,,,,,,,,,,,,,,,,,,,,,4,0,,,,,,,,,,1000,900,780,600,480,,,0,,
MODX_00_001,MODX_01_006_NAME,MODX_01_006_DESC,MODX_01_006_NAME,MODX_01_006_DESC,,7,40,10,4,2,FM01_01,RANDOM,SNDS_BGM_M009_HUNTING,SNDS_BGM_M012_EVENT_RED_QUEEN,SNDS_BGM_M009_HUNTING,,STOR_08_GOAL,,MODX_00_002,1,9,2,9,2,9,2,9,2,AGL0162,7,1,0,,0,,,,,,,,,,,,,,,,,,,,,,,,,,,,,,,,,,,,,,,,,,,,,,,,,,,,,,,4,0,,,,,,,,,,1000,900,780,600,480,,,0,,
MODX_00_002,MODX_01_006_NAME,MODX_01_006_DESC,MODX_01_006_NAME,MODX_01_006_DESC,,7,40,10,4,1,FM06_01,RANDOM,SNDS_BGM_M053_BATTLE_OTHER2,SNDS_BGM_M002_BATTLE_ASHBORN,SNDS_BGM_M009_HUNTING,,STOR_08_GOAL,,,2,8,2,8,2,8,2,8,2,AGL0172,0,1,1,,0,,,,,,,,,,,,,,,,,,,,,,,,,,,,,,,,,,,,,,,,,,,,,,,,,,,,,,,4,0,,,,,,,,,,1000,900,780,600,480,,,0,,
MODX_04_000,MODX_01_000_NAME,MODX_01_000_DESC,MODX_01_000_NAME,MODX_01_000_DESC,,7,40,10,4,2,FM06_01,RANDOM,SNDS_BGM_M024_FM04,SNDS_BGM_M009_HUNTING,,,STOR_08_GOAL,,MODX_04_001,1,8,2,8,2,8,2,8,2,AGL0162,9,1,1,,5,AGL0161,9,1,1,,5,,,,,,,,,,,,,,,,,,,,,,,,,,,,,,,,,,,,,,,,,,,,,,,,,4,6,,,,,,,,,,1000,900,780,600,480,,,0,,
MODX_04_001,MODX_01_000_NAME,MODX_01_000_DESC,MODX_01_000_NAME,MODX_01_000_DESC,,7,40,10,4,1,FM04_01,RANDOM,SNDS_BGM_M024_FM04,SNDS_BGM_M012_EVENT_RED_QUEEN,,,STOR_08_GOAL,,MODX_04_002,2,9,2,9,2,9,2,9,2,AGL0142,9,1,1,,5,AGL0141,9,1,1,,5,,,,,,,,,,,,,,,,,,,,,,,,,,,,,,,,,,,,,,,,,,,,,,,,,4,6,,,,,,,,,,1000,900,780,600,480,,,0,,
MODX_04_002,MODX_01_000_NAME,MODX_01_000_DESC,MODX_01_000_NAME,MODX_01_000_DESC,,7,40,10,4,1,FM03_02,RANDOM,SNDS_BGM_M025_FM06,SNDS_BGM_M053_BATTLE_OTHER2,,,STOR_08_GOAL,,MODX_04_003,3,8,2,8,2,8,2,8,2,AGL0172,22,1,1,,5,AGL0171,22,1,1,,5,,,,,,,,,,,,,,,,,,,,,,,,,,,,,,,,,,,,,,,,,,,,,,,,,4,0,,,,,,,,,,1000,900,780,600,480,,,0,,
MODX_04_003,MODX_01_000_NAME,MODX_01_000_DESC,MODX_01_000_NAME,MODX_01_000_DESC,,7,40,10,4,1,FM01_01,RANDOM,SNDS_BGM_M025_FM06,SNDS_BGM_M013_EVENT_ANXLETY,,,STOR_08_GOAL,,MODX_04_004,4,8,2,8,2,8,2,8,2,AGL0152,11,1,1,,5,AGL0151,11,1,1,,5,,,,,,,,,,,,,,,,,,,,,,,,,,,,,,,,,,,,,,,,,,,,,,,,,4,2,,,,,,,,,,1000,900,780,600,480,,,0,,
MODX_04_004,MODX_01_000_NAME,MODX_01_000_DESC,MODX_01_000_NAME,MODX_01_000_DESC,,7,40,10,4,1,FM06_02,RANDOM,SNDS_BGM_M026_FM07,SNDS_BGM_M002_BATTLE_ASHBORN,,,STOR_08_GOAL,,,5,9,2,9,2,9,2,9,2,AGL0132,30,1,1,,5,AGL0131,30,1,1,,5,,,,,,,,,,,,,,,,,,,,,,,,,,,,,,,,,,,,,,,,,,,,,,,,,4,7,,,,,,,,,,1000,900,780,600,480,,,0,,
MODX_01_007,MODX_01_007_NAME,MODX_01_007_DESC,MODX_01_007_NAME,MODX_01_007_DESC,,7,40,10,4,0,FM07_01,RANDOM,SNDS_BGM_M026_FM07,SNDS_BGM_M102_NO_WAY_BACK,SNDS_BGM_M009_HUNTING,,STOR_08_GOAL,,,,12.5,2,12.5,2,12.5,2,12.5,2,AGL0013_2,9,1,1,,0,,,,,,,,,,,,,,,,,,,,,,,,,,,,,,,,,,,,,,,,,,,,,,,,,,,,,,,4,0,,,,,,,,,,1000,900,780,600,480,,,0,,
MODX_01_009,MODX_01_009_NAME,MODX_01_009_DESC,MODX_01_009_NAME,MODX_01_009_DESC,,7,40,10,4,0,FM07_01,RANDOM,SNDS_BGM_M072_KAGE,SNDS_BGM_M082_WINGS,SNDS_BGM_M009_HUNTING,,STOR_08_GOAL,,,,5,2.5,5,2.5,5,2.5,5,2.5,AGL0182,3,1,1,,5,AGL0182,10,1,1,,0,AGL0182,9,1,1,,0,AGS0011,7,0,0,,0,AGS0011,7,0,0,,0,AGS0011,7,0,0,,0,,,,,,,,,,,,,,,,,,,,,,,,,4,0,,,,,,,,,,1000,900,780,600,480,,,0,,
MODX_01_010,MODX_01_010_NAME,MODX_01_010_DESC,MODX_01_010_NAME,MODX_01_010_DESC,,7,40,10,4,0,FM06_02,RANDOM,SNDS_BGM_M022_FM02,SNDS_BGM_M002_BATTLE_ASHBORN,SNDS_BGM_M009_HUNTING,,STOR_08_GOAL,,,,15,2,15,2,15,2,15,2,AGL0132,3,1,1,,5,,,,,,,,,,,,,,,,,,,,,,,,,,,,,,,,,,,,,,,,,,,,,,,,,,,,,,,4,7,,,,,,,,,,1000,900,780,600,480,,,0,,
MODX_02_001,MODX_01_011_NAME,MODX_01_011_DESC,MODX_01_011_NAME,MODX_01_011_DESC,,7,40,10,4,2,FM01_02,RANDOM,SNDS_BGM_M072_KAGE,SNDS_BGM_M090_EROSION,SNDS_BGM_M009_HUNTING,,STOR_08_GOAL,,MODX_02_002,1,8,2.5,8,2.5,8,2.5,8,2.5,AGL0011,1,1,1,,0,,,,,,,,,,,,,,,,,,,,,,,,,,,,,,,,,,,,,,,,,,,,,,,,,,,,,,,4,3,,,,,,,,,,1000,900,780,600,480,,,0,,
MODX_02_002,MODX_01_011_NAME,MODX_01_011_DESC,MODX_01_011_NAME,MODX_01_011_DESC,,7,40,10,4,1,FM01_01,RANDOM,SNDS_BGM_M072_KAGE,SNDS_BGM_M082_WINGS,SNDS_BGM_M009_HUNTING,,STOR_08_GOAL,,,2,8,2.5,8,2.5,8,2.5,8,2.5,AGL0062,1,1,1,,0,,,,,,,,,,,,,,,,,,,,,,,,,,,,,,,,,,,,,,,,,,,,,,,,,,,,,,,4,3,,,,,,,,,,1000,900,780,600,480,,,0,,
MODX_03_001,MODX_01_012_NAME,MODX_01_012_DESC,MODX_01_012_NAME,MODX_01_012_DESC,,7,40,10,4,2,FM06_02,RANDOM,SNDS_BGM_M010_BATTLE_LAST,SNDS_BGM_M012_EVENT_RED_QUEEN,SNDS_BGM_M009_HUNTING,,STOR_08_GOAL,,MODX_03_002,1,6.5,2,6.5,2,6.5,2,6.5,2,AGM0093,1,1,1,,0,AGM0091,1,0,0,,0,,,,,,,,,,,,,,,,,,,,,,,,,,,,,,,,,,,,,,,,,,,,,,,,,4,3,,,,,,,,,,1000,900,780,600,480,,,0,,
MODX_03_002,MODX_01_012_NAME,MODX_01_012_DESC,MODX_01_012_NAME,MODX_01_012_DESC,,7,40,10,4,1,FM06_01,RANDOM,SNDS_BGM_M001_MAIN_THEMA,SNDS_BGM_M053_BATTLE_OTHER2,SNDS_BGM_M009_HUNTING,,STOR_08_GOAL,,,2,6.5,2,6.5,2,6.5,2,6.5,2,AGL0063,1,1,1,,0,AGL0062,1,0,0,,0,,,,,,,,,,,,,,,,,,,,,,,,,,,,,,,,,,,,,,,,,,,,,,,,,4,3,,,,,,,,,,1000,900,780,600,480,,,0,,
MODX_01_015,MODX_01_015_NAME,MODX_01_015_DESC,MODX_01_015_NAME,MODX_01_015_DESC,,7,40,10,4,0,FM03_02,RANDOM,SNDS_BGM_M072_KAGE,SNDS_BGM_M013_EVENT_ANXLETY,SNDS_BGM_M009_HUNTING,,STOR_08_GOAL,,,,12.5,2,12.5,2,12.5,2,12.5,2,AGL0151,3,1,1,,5,,,,,,,,,,,,,,,,,,,,,,,,,,,,,,,,,,,,,,,,,,,,,,,,,,,,,,,4,5,,,,,,,,,,1000,900,780,600,480,,,0,,
MODX_01_016,MODX_01_016_NAME,MODX_01_016_DESC,MODX_01_016_NAME,MODX_01_016_DESC,,7,40,10,4,0,FM03_01,RANDOM,SNDS_BGM_M072_KAGE,SNDS_BGM_M082_WINGS,SNDS_BGM_M009_HUNTING,,STOR_08_GOAL,,,,6.5,2.5,6.5,2.5,6.5,2.5,6.5,2.5,AGM0062,1,1,1,,5,AGL0053,9,1,0,,5,AGL0143,3,1,0,,5,AGS0072,11,0,0,,5,AGS0072,11,0,0,,5,AGS0072,11,0,0,,5,AGS0072,11,0,0,,5,,,,,,,,,,,,,,,,,,,4,0,,,,,,,,,,1000,900,780,600,480,,,0,,
MODX_01_017,MODX_01_017_NAME,MODX_01_017_DESC,MODX_01_017_NAME,MODX_01_017_DESC,,7,40,10,4,0,FM01_01,RANDOM,SNDS_BGM_M072_KAGE,SNDS_BGM_M082_WINGS,SNDS_BGM_M009_HUNTING,,STOR_08_GOAL,,,,6.5,2.5,6.5,2.5,6.5,2.5,6.5,2.5,AGM0092,7,1,1,,5,AGL0161,5,1,0,,5,AGL0062,3,1,0,,5,AGS0062,11,0,0,,5,AGS0062,11,0,0,,5,AGS0062,11,0,0,,5,AGS0062,11,0,0,,5,,,,,,,,,,,,,,,,,,,4,0,,,,,,,,,,1000,900,780,600,480,,,0,,
MODX_01_018,MODX_01_018_NAME,MODX_01_018_DESC,MODX_01_018_NAME,MODX_01_018_DESC,,7,40,10,4,0,FM06_02,RANDOM,SNDS_BGM_M072_KAGE,SNDS_BGM_M082_WINGS,SNDS_BGM_M009_HUNTING,,STOR_08_GOAL,,,,6.5,2.5,6.5,2.5,6.5,2.5,6.5,2.5,AGL0013_2,3,1,1,,5,AGL0101,0,1,0,,5,AGM0082,1,1,0,,5,,,,,,,,,,,,,,,,,,,,,,,,,,,,,,,,,,,,,,,,,,,4,0,,,,,,,,,,1000,900,780,600,480,,,0,,
MODX_01_019,MODX_01_019_NAME,MODX_01_019_DESC,MODX_01_019_NAME,MODX_01_019_DESC,,7,40,10,4,0,FM06_01,RANDOM,SNDS_BGM_M053_BATTLE_OTHER2,SNDS_BGM_M053_BATTLE_OTHER2,SNDS_BGM_M009_HUNTING,,STOR_08_GOAL,,,,6.5,2.5,6.5,2.5,6.5,2.5,6.5,2.5,AGL0173,1,1,1,,10,,,,,,,,,,,,,,,,,,,,,,,,,,,,,,,,,,,,,,,,,,,,,,,,,,,,,,,4,0,,,,,,,,,,1000,900,780,600,480,,,0,,
MODX_01_020,MODX_01_020_NAME,MODX_01_020_DESC,MODX_01_020_NAME,MODX_01_020_DESC,,7,40,10,4,0,FM08_01,RANDOM,SNDS_BGM_M072_KAGE,SNDS_BGM_M082_WINGS,SNDS_BGM_M009_HUNTING,,STOR_08_GOAL,,,,6.5,2.5,6.5,2.5,6.5,2.5,6.5,2.5,AGM0081,11,1,1,,5,AGM0082,9,1,1,,5,AGM0083,1,1,1,,5,,,,,,,,,,,,,,,,,,,,,,,,,,,,,,,,,,,,,,,,,,,4,1,,,,,,,,,,1000,900,780,600,480,,,0,,
MODX_01_033,MODX_01_021_NAME,MODX_01_033_DESC,MODX_01_021_NAME,MODX_01_033_DESC,,7,40,10,4,0,FM01_01,RANDOM,SNDS_BGM_M102_NO_WAY_BACK,SNDS_BGM_M102_NO_WAY_BACK,SNDS_BGM_M102_NO_WAY_BACK,,STOR_08_GOAL,,,,11,2,11,2,11,2,11,2,AGL0051,7,1,1,,5,,,,,,,,,,,,,,,,,,,,,,,,,,,,,,,,,,,,,,,,,,,,,,,,,,,,,,,4,1,,,,,,,,,,1000,900,780,600,480,,,0,,
MODX_01_029,MODX_01_029_NAME,MODX_01_029_DESC,MODX_01_029_NAME,MODX_01_029_DESC,,7,40,10,4,0,FM01_01,RANDOM,SNDS_BGM_M110_OVER_THE_CLOUDS,SNDS_BGM_M110_OVER_THE_CLOUDS,,SNDS_BGM_M114_LIDAN,STOR_08_GOAL,,,,10,2,10,2,10,2,10,2,AGS0021,3,1,0,,0,,,,,,,,,,,,,,,,,,,,,,,,,,,,,,,,,,,,,,,,,,,,,,,,,,,,,,,4,0,,,,,,,,,,1000,900,780,600,480,,,0,,
MODX_01_030,MODX_01_030_NAME,MODX_01_030_DESC,MODX_01_030_NAME,MODX_01_030_DESC,,7,40,10,4,0,FM01_02,RANDOM,SNDS_BGM_M111_F_A_T_E,SNDS_BGM_M111_F_A_T_E,,,STOR_08_GOAL,,,,10,2,10,2,10,2,10,2,AGM0051,48,1,0,,5,AGL0062,51,1,0,,5,AGL0053,54,1,0,,5,,,,,,,,,,,,,,,,,,,,,,,,,,,,,,,,,,,,,,,,,,,4,8,,,,,,,,,,1000,900,780,600,480,,,0,,
MODX_01_031,MODX_01_031_NAME,MODX_01_031_DESC,MODX_01_031_NAME,MODX_01_031_DESC,,7,40,10,4,0,FM07_01,RANDOM,SNDS_BGM_M112_STEREO_FUTURE,SNDS_BGM_M112_STEREO_FUTURE,,,STOR_08_GOAL,,,,7.5,2,7.5,2,7.5,2,7.5,2,AGM0091,6,1,0,,5,AGM0061,9,1,0,,5,AGM0071,15,1,0,,5,AGM0081,3,1,0,,5,,,,,,,,,,,,,,,,,,,,,,,,,,,,,,,,,,,,,4,1,,,,,,,,,,1000,900,780,600,480,,,0,,
MODX_01_032,MODX_01_032_NAME,MODX_01_032_DESC,MODX_01_032_NAME,MODX_01_032_DESC,,7,40,10,4,0,FM08_01,RANDOM,SNDS_BGM_M113_GET_YOUR_WORLD,SNDS_BGM_M113_GET_YOUR_WORLD,,,STOR_08_GOAL,,,,7.5,2,7.5,2,7.5,2,7.5,2,AGM0093,1,1,0,,5,AGM0083,3,1,0,,5,AGM0072,5,1,0,,5,,,,,,,,,,,,,,,,,,,,,,,,,,,,,,,,,,,,,,,,,,,4,1,,,,,,,,,,1000,900,780,600,480,,,0,,
MODX_01_034,MODX_01_034_NAME,MODX_01_034_DESC,MODX_01_034_NAME,MODX_01_034_DESC,,7,80,10,4,0,FM07_01,RANDOM,SNDS_BGM_M024_FM04,SNDS_BGM_M024_FM04,SNDS_BGM_M024_FM04,,STOR_08_GOAL,,,,6.5,2,6.5,2,6.5,2,6.5,2,AGM0081,0,1,0,,5,AGM0093,26,1,0,,5,,,,,,,,,,,,,,,,,,,,,,,,,,,,,,,,,,,,,,,,,,,,,,,,,4,0,,,,,,,,,,1200,1000,900,780,600,,,0,,
MODK_01_000,MODK_01_000_NAME,MODK_01_000_DESC,MODK_01_000_NAME,MODK_01_000_DESC,,7,40,10,4,0,FM08_01,MAIN,SNDS_BGM_M026_FM07,SNDS_BGM_M082_WINGS,SNDS_BGM_M009_HUNTING,,STOR_08_GOAL,,,,9,3,9,3,9,3,9,3,AGL0021,20,1,1,,1,AGL0111,13,,0,,5,AGL0111,15,,1,,5,AGM0031,1,,0,,5,,,,,,,,,,,,,,,,,,,,,,,,,,,,,,,,,,,,,4,1,,,,,,,,,,1000,900,780,600,480,,,,,
MODK_01_001,MODK_01_001_NAME,MODK_01_001_DESC,MODK_01_001_NAME,MODK_01_001_DESC,,7,40,10,4,0,FM08_01,MAIN,SNDS_BGM_M072_KAGE,SNDS_BGM_M072_KAGE,SNDS_BGM_M104_DEO_VOLENTE,,STOR_08_GOAL,,,,8.5,3.5,8.5,3.5,8.5,3.5,8.5,3.5,AGL0153,2,1,1,,5,AGL0132,13,,0,,5,AGL0132,15,,0,,5,AGM0084,1,,0,,5,,,,,,,,,,,,,,,,,,,,,,,,,,,,,,,,,,,,,4,1,,,,,,,,,,1000,900,780,600,480,,,,,
