mission_id,title_text_id,contents_text_id,title_text_id_2,contents_text_id_2,goal_text_id,rank,limit_time,clear_free_time,type,mode,field_id,weather,bgm,cc_bgm,engage_bgm,start_jingle,open_progress,open_mission_id,next_mission_id,phase,hp_coefficient_1,attack_coefficient_1,hp_coefficient_2,attack_coefficient_2,hp_coefficient_3,attack_coefficient_3,hp_coefficient_4,attack_coefficient_4,enemy_id_1,en_pos_no_1,is_target_1,en_pop_type_1,is_infinite_1,active_type_1,enemy_id_2,en_pos_no_2,is_target_2,en_pop_type_2,is_infinite_2,active_type_2,enemy_id_3,en_pos_no_3,is_target_3,en_pop_type_3,is_infinite_3,active_type_3,enemy_id_4,en_pos_no_4,is_target_4,en_pop_type_4,is_infinite_4,active_type_4,enemy_id_5,en_pos_no_5,is_target_5,en_pop_type_5,is_infinite_5,active_type_5,enemy_id_6,en_pos_no_6,is_target_6,en_pop_type_6,is_infinite_6,active_type_6,enemy_id_7,en_pos_no_7,is_target_7,en_pop_type_7,is_infinite_7,active_type_7,enemy_id_8,en_pos_no_8,is_target_8,en_pop_type_8,is_infinite_8,active_type_8,enemy_id_9,en_pos_no_9,is_target_9,en_pop_type_9,is_infinite_9,active_type_9,enemy_id_10,en_pos_no_10,is_target_10,en_pop_type_10,is_infinite_10,active_type_10,join_num,player_pos_group,npc_chara_id_1,npc_chara_id_2,npc_chara_id_3,bk_chara_id,operator_chara_id,mission_lsd,start_event_id(battle),end_event_id(battle),rankB_clear_time,rankA_clear_time,rankAA_clear_time,rankS_clear_time,rankSS_clear_time,rankSSS_clear_time,platform,event_type,mission_motion_type,is_prohibit_enemy_dinner,special_mission_type
EVTA_01_001,EVTA_01_001_NAME,EVTA_01_001_DESC,EVTA_01_001_NAME,EVTA_01_001_DESC,,7,20,40,4,17,FM02_01,MAIN,SNDS_BGM_M022_FM02,,,,STOR_07_BATTLE_AFTER_ENDING1,,,,3.5,1,3.5,1,3.5,1,1,1,AGM0061,41,1,1,,5,AGS0061,42,1,1,,5,AGS0061,43,1,1,,5,,,,,,,,,,,,,,,,,,,,,,,,,,,,,,,,,,,,,,,,,,,4,8,,,,,,,,,,1000,1000,1000,1000,1000,0,0,0,1,
EVTA_01_002,EVTA_01_002_NAME,EVTA_01_002_DESC,EVTA_01_002_NAME,EVTA_01_002_DESC,,7,20,40,4,17,FM04_01,MAIN,SNDS_BGM_M024_FM04,SNDS_BGM_M012_EVENT_RED_QUEEN,,,STOR_07_BATTLE_AFTER_ENDING1,,,,3.5,1,3.5,1,3.5,1,1,1,AGM0081,9,1,1,,5,,,,,,,,,,,,,,,,,,,,,,,,,,,,,,,,,,,,,,,,,,,,,,,,,,,,,,,4,6,,,,,,,,,,1000,1000,1000,1000,1000,0,0,0,1,
EVTA_01_003,EVTA_01_003_NAME,EVTA_01_003_DESC,EVTA_01_003_NAME,EVTA_01_003_DESC,,7,20,40,4,17,FM07_01,MAIN,SNDS_BGM_M026_FM07,SNDS_BGM_M009_HUNTING,,,STOR_07_BATTLE_AFTER_ENDING1,,,,3.5,1,3.5,1,3.5,1,1,1,AGL0131,6,1,1,,5,,,,,,,,,,,,,,,,,,,,,,,,,,,,,,,,,,,,,,,,,,,,,,,,,,,,,,,4,2,,,,,,,,,,1000,1000,1000,1000,1000,0,0,0,1,
MSTA_04_001,MSTA_04_001_NAME,MSTA_04_001_DESC,MSTA_04_001_NAME,MSTA_04_001_DESC,,7,15,40,4,17,FM04_01,MAIN,SNDS_BGM_M024_FM04,SNDS_BGM_M070_AKKI,,,STOR_07_BATTLE_AFTER_ENDING1,,,,3.5,1.4,3.5,1.4,3.5,1.4,1,1.4,AGM0093,9,1,1,,5,,,,,,,,,,,,,,,,,,,,,,,,,,,,,,,,,,,,,,,,,,,,,,,,,,,,,,,4,6,,,,,,,,,,1000,1000,1000,1000,1000,0,0,0,1,
MSTA_04_002,MSTA_04_002_NAME,MSTA_04_002_DESC,MSTA_04_002_NAME,MSTA_04_002_DESC,,7,15,40,4,17,FM07_01,MAIN,SNDS_BGM_M026_FM07,,,,STOR_07_BATTLE_AFTER_ENDING1,,,,3.5,1.4,3.5,1.4,3.5,1.4,1,1.4,AGS0062,15,1,0,,,AGS0062,14,1,0,,,AGS0062,13,1,0,,,AGS0031,18,1,0,,,AGS0031,16,1,0,,,AGS0031,7,1,0,,,,,,,,,,,,,,,,,,,,,,,,,,,4,0,,,,,,,,,,1000,1000,1000,1000,1000,0,0,0,1,
MSTA_04_006,MSTA_04_003_NAME,MSTA_04_003_DESC,MSTA_04_003_NAME,MSTA_04_003_DESC,,7,15,40,4,17,FM04_02,MAIN,SNDS_BGM_M024_FM04,,,,STOR_07_BATTLE_AFTER_ENDING1,,,,3.5,1.4,3.5,1.4,3.5,1.4,1,1.4,AGM0051,21,1,1,,5,AGM0031,6,1,1,,3,,,,,,,,,,,,,,,,,,,,,,,,,,,,,,,,,,,,,,,,,,,,,,,,,4,0,,,,,,,,,,1000,1000,1000,1000,1000,0,0,0,1,
MSTA_04_003,MSTA_04_004_NAME,MSTA_04_004_DESC,MSTA_04_004_NAME,MSTA_04_004_DESC,,7,15,40,4,17,FM03_01,MAIN,SNDS_BGM_M023_FM03,,,,STOR_07_BATTLE_AFTER_ENDING1,,,,3.5,1.4,3.5,1.4,3.5,1.4,1,1.4,AGS0011,14,1,1,,,AGS0011,26,1,1,,,AGS0011,29,1,1,,,AGS0011,30,1,1,,,,,,,,,,,,,,,,,,,,,,,,,,,,,,,,,,,,,,,4,2,,,,,,,,,,1000,1000,1000,1000,1000,0,0,0,1,
MSTA_04_004,MSTA_04_005_NAME,MSTA_04_005_DESC,MSTA_04_005_NAME,MSTA_04_005_DESC,,7,15,40,4,17,FM04_02,MAIN,SNDS_BGM_M024_FM04,,,,STOR_07_BATTLE_AFTER_ENDING1,,,,3.5,1.4,3.5,1.4,3.5,1.4,1,1.4,AGM0021,49,1,1,,5,,,,,,,,,,,,,,,,,,,,,,,,,,,,,,,,,,,,,,,,,,,,,,,,,,,,,,,4,6,,,,,,,,,,1000,1000,1000,1000,1000,0,0,0,1,
MSTA_04_005,MSTA_04_006_NAME,MSTA_04_006_DESC,MSTA_04_006_NAME,MSTA_04_006_DESC,,7,15,40,4,17,FM02_01,MAIN,SNDS_BGM_M022_FM02,SNDS_BGM_M009_HUNTING,,,STOR_07_BATTLE_AFTER_ENDING1,,,,3.5,1.4,3.5,1.4,3.5,1.4,1,1.4,AGL0053,41,1,1,,5,,,,,,,,,,,,,,,,,,,,,,,,,,,,,,,,,,,,,,,,,,,,,,,,,,,,,,,4,8,,,,,,,,,,1000,1000,1000,1000,1000,0,0,0,1,
MSTA_04_007,MSTA_04_007_NAME,MSTA_04_007_DESC,MSTA_04_007_NAME,MSTA_04_007_DESC,,7,15,40,4,17,FM07_01,MAIN,SNDS_BGM_M026_FM07,SNDS_BGM_M013_EVENT_ANXLETY,,,STOR_07_BATTLE_AFTER_ENDING1,,,,3.5,1.4,3.5,1.4,3.5,1.4,1,1.4,AGM0062,9,1,1,,5,AGL0151,4,1,1,,0,,,,,,,,,,,,,,,,,,,,,,,,,,,,,,,,,,,,,,,,,,,,,,,,,4,0,,,,,,,,,,1000,1000,1000,1000,1000,0,0,0,1,
MSTA_05_001,MSTA_05_001_NAME,MSTA_05_001_DESC,MSTA_05_001_NAME,MSTA_05_001_DESC,,7,15,40,4,17,FM06_01,MAIN,SNDS_BGM_M025_FM06,SNDS_BGM_M072_KAGE,,,STOR_07_BATTLE_AFTER_ENDING1,,,,3.5,1.4,3.5,1.4,3.5,1.4,1,1.4,AGL0014,32,1,1,,5,,,,,,,,,,,,,,,,,,,,,,,,,,,,,,,,,,,,,,,,,,,,,,,,,,,,,,,4,8,,,,,,,,,,1000,1000,1000,1000,1000,0,0,0,1,
MSTA_05_002,MSTA_05_002_NAME,MSTA_05_002_DESC,MSTA_05_002_NAME,MSTA_05_002_DESC,,7,15,40,4,17,FM01_02,MAIN,SNDS_BGM_M021_FM01,,,,STOR_07_BATTLE_AFTER_ENDING1,,,,3.5,1.4,3.5,1.4,3.5,1.4,1,1.4,AGL0041,19,1,1,,5,,,,,,,,,,,,,,,,,,,,,,,,,,,,,,,,,,,,,,,,,,,,,,,,,,,,,,,4,7,,,,,,,,,,1000,1000,1000,1000,1000,0,0,0,1,
MSTA_05_003,MSTA_05_003_NAME,MSTA_05_003_DESC,MSTA_05_003_NAME,MSTA_05_003_DESC,,7,15,40,4,17,FM04_02,MAIN,SNDS_BGM_M024_FM04,SNDS_BGM_M053_BATTLE_OTHER2,,,STOR_07_BATTLE_AFTER_ENDING1,,,,3.5,1.4,3.5,1.4,3.5,1.4,1,1.4,AGM0072,50,1,1,,5,,,,,,,,,,,,,,,,,,,,,,,,,,,,,,,,,,,,,,,,,,,,,,,,,,,,,,,4,1,,,,,,,,,,1000,1000,1000,1000,1000,0,0,0,1,
MSTA_05_004,MSTA_05_004_NAME,MSTA_05_004_DESC,MSTA_05_004_NAME,MSTA_05_004_DESC,,7,15,40,4,17,FM01_02,MAIN,SNDS_BGM_M021_FM01,,,,STOR_07_BATTLE_AFTER_ENDING1,,,,3.5,1.4,3.5,1.4,3.5,1.4,1,1.4,AGM0082,9,1,0,,3,AGM0083,1,1,0,,2,,,,,,,,,,,,,,,,,,,,,,,,,,,,,,,,,,,,,,,,,,,,,,,,,4,0,,,,,,,,,,1000,1000,1000,1000,1000,0,0,0,1,
MSTA_06_001,MSTA_06_001_NAME,MSTA_06_001_DESC,MSTA_06_001_NAME,MSTA_06_001_DESC,,7,15,40,4,17,FM06_02,SUB2,SNDS_BGM_M025_FM06,SNDS_BGM_M074_GOD,,,STOR_07_BATTLE_AFTER_ENDING1,,,,3.5,1.4,3.5,1.4,3.5,1.4,1,1.4,AGL0143,34,1,1,,5,,,,,,,,,,,,,,,,,,,,,,,,,,,,,,,,,,,,,,,,,,,,,,,,,,,,,,,4,10,,,,,,,,,,1000,1000,1000,1000,1000,0,0,0,1,
MSTA_06_002,MSTA_06_002_NAME,MSTA_06_002_DESC,MSTA_06_002_NAME,MSTA_06_002_DESC,,7,15,40,4,17,FM04_01,MAIN,SNDS_BGM_M024_FM04,,,,STOR_07_BATTLE_AFTER_ENDING1,,,,3.5,1.4,3.5,1.4,3.5,1.4,1,1.4,AGL0031,26,1,1,,5,,,,,,,,,,,,,,,,,,,,,,,,,,,,,,,,,,,,,,,,,,,,,,,,,,,,,,,4,3,,,,,,,,,,1000,1000,1000,1000,1000,0,0,0,1,
MSTA_06_003,MSTA_06_003_NAME,MSTA_06_003_DESC,MSTA_06_003_NAME,MSTA_06_003_DESC,,7,15,40,4,17,FM02_02,MAIN,SNDS_BGM_M022_FM02,SNDS_BGM_M072_KAGE,,,STOR_07_BATTLE_AFTER_ENDING1,,,,3.5,1.4,3.5,1.4,3.5,1.4,1,1.4,AGL0062,21,1,1,,5,,,,,,,,,,,,,,,,,,,,,,,,,,,,,,,,,,,,,,,,,,,,,,,,,,,,,,,4,3,,,,,,,,,,1000,1000,1000,1000,1000,0,0,0,1,
MSTA_06_004,MSTA_06_004_NAME,MSTA_06_004_DESC,MSTA_06_004_NAME,MSTA_06_004_DESC,,7,15,40,4,17,FM06_01,MAIN,SNDS_BGM_M025_FM06,SNDS_BGM_M002_BATTLE_ASHBORN,,,STOR_07_BATTLE_AFTER_ENDING1,,,,3.5,1.4,3.5,1.4,3.5,1.4,1,1.4,AGL0133,1,1,0,,1,AGL0051,2,1,0,,2,,,,,,,,,,,,,,,,,,,,,,,,,,,,,,,,,,,,,,,,,,,,,,,,,4,0,,,,,,,,,,1000,1000,1000,1000,1000,0,0,0,1,
MSTA_07_001,MSTA_07_001_NAME,MSTA_07_001_DESC,MSTA_07_001_NAME,MSTA_07_001_DESC,,7,15,40,4,17,FM04_01,MAIN,SNDS_BGM_M024_FM04,SNDS_BGM_M082_WINGS,,,STOR_07_BATTLE_AFTER_ENDING1,,,,3.5,1.4,3.5,1.4,3.5,1.4,1,1.4,AGL0063,23,1,1,,0,,,,,,,,,,,,,,,,,,,,,,,,,,,,,,,,,,,,,,,,,,,,,,,,,,,,,,,4,0,,,,,,,,,,1000,1000,1000,1000,1000,0,0,0,1,
MSTA_07_002,MSTA_07_002_NAME,MSTA_07_002_DESC,MSTA_07_002_NAME,MSTA_07_002_DESC,,7,15,40,4,17,FM02_01,MAIN,SNDS_BGM_M022_FM02,,,,STOR_07_BATTLE_AFTER_ENDING1,,,,3.5,1.4,3.5,1.4,3.5,1.4,1,1.4,AGL0011,9,1,0,,1,,,,,,,,,,,,,,,,,,,,,,,,,,,,,,,,,,,,,,,,,,,,,,,,,,,,,,,4,0,,,,,,,,,,1000,1000,1000,1000,1000,0,0,0,1,
MSTA_07_003,MSTA_07_003_NAME,MSTA_07_003_DESC,MSTA_07_003_NAME,MSTA_07_003_DESC,,7,15,40,4,17,FM04_01,MAIN,SNDS_BGM_M024_FM04,,,,STOR_07_BATTLE_AFTER_ENDING1,,,,3.5,1.4,3.5,1.4,3.5,1.4,1,1.4,AGM0071,11,1,1,,1,,,,,,,,,,,,,,,,,,,,,,,,,,,,,,,,,,,,,,,,,,,,,,,,,,,,,,,4,2,,,,,,,,,,1000,1000,1000,1000,1000,0,0,0,1,
MSTA_07_004,MSTA_07_004_NAME,MSTA_07_004_DESC,MSTA_07_004_NAME,MSTA_07_004_DESC,,7,15,40,4,17,FM07_01,MAIN,SNDS_BGM_M026_FM07,SNDS_BGM_M002_BATTLE_ASHBORN,,,STOR_07_BATTLE_AFTER_ENDING1,,,,3.5,1.4,3.5,1.4,3.5,1.4,1,1.4,AGL0131,1,1,1,,3,AGL0101,12,1,1,,3,,,,,,,,,,,,,,,,,,,,,,,,,,,,,,,,,,,,,,,,,,,,,,,,,4,0,,,,,,,,,,1000,1000,1000,1000,1000,0,0,0,1,
MSTA_08_001,MSTA_08_001_NAME,MSTA_08_001_DESC,MSTA_08_001_NAME,MSTA_08_001_DESC,,7,15,40,4,17,FM04_02,SUB2,SNDS_BGM_M024_FM04,SNDS_BGM_M080_KING,,,STOR_07_BATTLE_AFTER_ENDING1,,,,3.5,1.4,3.5,1.4,3.5,1.4,1,1.4,AGL0054,24,1,1,,3,,,,,,,,,,,,,,,,,,,,,,,,,,,,,,,,,,,,,,,,,,,,,,,,,,,,,,,4,1,,,,,,,,,,1000,1000,1000,1000,1000,0,0,0,1,
MSTA_08_002,MSTA_08_002_NAME,MSTA_08_002_DESC,MSTA_08_002_NAME,MSTA_08_002_DESC,,7,15,40,4,17,FM03_01,MAIN,SNDS_BGM_M023_FM03,,,,STOR_07_BATTLE_AFTER_ENDING1,,,,3.5,1.4,3.5,1.4,3.5,1.4,1,1.4,AGM0082,8,1,1,,5,,,,,,,,,,,,,,,,,,,,,,,,,,,,,,,,,,,,,,,,,,,,,,,,,,,,,,,4,4,,,,,,,,,,1000,1000,1000,1000,1000,0,0,0,1,
MSTA_08_003,MSTA_08_003_NAME,MSTA_08_003_DESC,MSTA_08_003_NAME,MSTA_08_003_DESC,,7,15,40,4,17,FM02_01,MAIN,SNDS_BGM_M022_FM02,,,,STOR_07_BATTLE_AFTER_ENDING1,,,,3.5,1.4,3.5,1.4,3.5,1.4,1,1.4,AGL0051,9,1,0,,3,,,,,,,,,,,,,,,,,,,,,,,,,,,,,,,,,,,,,,,,,,,,,,,,,,,,,,,4,0,,,,,,,,,,1000,1000,1000,1000,1000,0,0,0,1,
MSTA_08_004,MSTA_08_004_NAME,MSTA_08_004_DESC,MSTA_08_004_NAME,MSTA_08_004_DESC,,7,15,40,4,17,FM07_01,MAIN,SNDS_BGM_M026_FM07,SNDS_BGM_M074_GOD,,,STOR_07_BATTLE_AFTER_ENDING1,,,,3.5,1.4,3.5,1.4,3.5,1.4,1,1.4,AGM0062,5,1,1,,3,AGL0143,2,1,1,,3,,,,,,,,,,,,,,,,,,,,,,,,,,,,,,,,,,,,,,,,,,,,,,,,,4,0,,,,,,,,,,1000,1000,1000,1000,1000,0,0,0,1,
MSTA_09_001,MSTA_09_001_NAME,MSTA_09_001_DESC,MSTA_09_001_NAME,MSTA_09_001_DESC,,7,15,40,4,17,FM03_02,MAIN,SNDS_BGM_M023_FM03,SNDS_BGM_M104_DEO_VOLENTE,,,STOR_07_BATTLE_AFTER_ENDING1,,,,3.5,1.4,3.5,1.4,3.5,1.4,1,1.4,AGL0173,33,1,1,,5,,,,,,,,,,,,,,,,,,,,,,,,,,,,,,,,,,,,,,,,,,,,,,,,,,,,,,,4,7,,,,,,,,,,1000,1000,1000,1000,1000,0,0,0,1,
MSTA_09_002,MSTA_09_002_NAME,MSTA_09_002_DESC,MSTA_09_002_NAME,MSTA_09_002_DESC,,7,15,40,4,17,FM01_02,MAIN,SNDS_BGM_M021_FM01,SNDS_BGM_M072_KAGE,,,STOR_07_BATTLE_AFTER_ENDING1,,,,3.5,1.4,3.5,1.4,3.5,1.4,1,1.4,AGL0014,1,1,0,,5,,,,,,,,,,,,,,,,,,,,,,,,,,,,,,,,,,,,,,,,,,,,,,,,,,,,,,,4,3,,,,,,,,,,1000,1000,1000,1000,1000,0,0,0,1,
MSTA_09_003,MSTA_09_003_NAME,MSTA_09_003_DESC,MSTA_09_003_NAME,MSTA_09_003_DESC,,7,15,40,4,17,FM02_01,MAIN,SNDS_BGM_M022_FM02,SNDS_BGM_M070_AKKI,,,STOR_07_BATTLE_AFTER_ENDING1,,,,3.5,1.4,3.5,1.4,3.5,1.4,1,1.4,AGM0093,41,1,1,,5,,,,,,,,,,,,,,,,,,,,,,,,,,,,,,,,,,,,,,,,,,,,,,,,,,,,,,,4,8,,,,,,,,,,1000,1000,1000,1000,1000,0,0,0,1,
MSTA_09_004,MSTA_09_004_NAME,MSTA_09_004_DESC,MSTA_09_004_NAME,MSTA_09_004_DESC,,7,20,40,4,17,FM06_02,MAIN,SNDS_BGM_M025_FM06,SNDS_BGM_M082_WINGS,,,STOR_07_BATTLE_AFTER_ENDING1,,,,3.5,1.4,3.5,1.4,3.5,1.4,1,1.4,AGL0063,34,1,1,,3,,,,,,,,,,,,,,,,,,,,,,,,,,,,,,,,,,,,,,,,,,,,,,,,,,,,,,,4,10,,,,,,,,,,1300,1300,1300,1300,1300,0,0,0,1,
MSTA_01_001,MSTA_01_001_NAME,MSTA_01_001_DESC,MSTA_01_001_NAME,MSTA_01_001_DESC,,7,15,40,4,17,FM06_02,MAIN,SNDS_BGM_M025_FM06,,,,STOR_07_BATTLE_AFTER_ENDING1,,,,1.3,1.4,1.3,1.4,1.3,1.4,1,1.4,AGS0061,6,1,0,,,AGS0061,23,1,0,,,AGS0061,8,1,1,,,AGS0061,9,1,0,,,AGS0061,14,1,0,,,AGS0061,19,1,0,,,AGS0061,17,1,0,,,AGS0061,21,1,0,,,AGS0061,13,1,0,,,AGS0061,11,1,0,,,4,0,,,,,,,,,,1000,1000,1000,1000,1000,0,0,0,1,
MSTA_01_002,MSTA_01_002_NAME,MSTA_01_002_DESC,MSTA_01_002_NAME,MSTA_01_002_DESC,,7,15,40,4,17,FM03_01,SUB1,SNDS_BGM_M023_FM03,,,,STOR_07_BATTLE_AFTER_ENDING1,,,,1.3,1.4,1.3,1.4,1.3,1.4,1,1.4,AGS0062,16,1,0,,,AGS0062,8,1,0,,,,,,,,,,,,,,,,,,,,,,,,,,,,,,,,,,,,,,,,,,,,,,,,,,,4,0,,,,,,,,,,1000,1000,1000,1000,1000,0,0,0,1,
MSTA_01_003,MSTA_01_003_NAME,MSTA_01_003_DESC,MSTA_01_003_NAME,MSTA_01_003_DESC,,7,15,40,4,17,FM02_02,SUB2,SNDS_BGM_M022_FM02,,,,STOR_07_BATTLE_AFTER_ENDING1,,,,1.3,1.4,1.3,1.4,1.3,1.4,1,1.4,AGS0071,8,1,0,,,AGS0071,19,1,0,,,AGS0071,18,1,0,,,AGS0071,34,1,0,,,AGS0071,12,1,0,,,AGS0071,24,1,0,,,AGS0071,21,1,0,,,AGS0071,17,1,0,,,,,,,,,,,,,,,4,0,,,,,,,,,,1000,1000,1000,1000,1000,0,0,0,1,
MSTA_01_004,MSTA_01_004_NAME,MSTA_01_004_DESC,MSTA_01_004_NAME,MSTA_01_004_DESC,,7,15,40,4,17,FM03_02,SUB1,SNDS_BGM_M023_FM03,,,,STOR_07_BATTLE_AFTER_ENDING1,,,,1.3,1.4,1.3,1.4,1.3,1.4,1,1.4,AGS0072,6,1,0,,,AGS0072,26,1,0,,,AGS0072,13,1,0,,,AGS0072,25,1,0,,,AGS0072,15,1,0,,,AGS0072,24,1,0,,,,,,,,,,,,,,,,,,,,,,,,,,,4,0,,,,,,,,,,1000,1000,1000,1000,1000,0,0,0,1,
MSTA_01_005,MSTA_01_005_NAME,MSTA_01_005_DESC,MSTA_01_005_NAME,MSTA_01_005_DESC,,7,15,40,4,17,FM07_01,MAIN,SNDS_BGM_M026_FM07,,,,STOR_07_BATTLE_AFTER_ENDING1,,,,1.3,1.4,1.3,1.4,1.3,1.4,1,1.4,AGS0021,6,1,0,,,AGS0021,7,1,0,,,AGS0021,8,1,0,,,AGS0021,9,1,0,,,AGS0021,10,1,0,,,AGS0021,11,1,0,,,AGS0021,12,1,0,,,AGS0021,13,1,0,,,AGS0021,14,1,0,,,AGS0021,15,1,0,,,4,0,,,,,,,,,,1000,1000,1000,1000,1000,0,0,0,1,
MSTA_01_006,MSTA_01_006_NAME,MSTA_01_006_DESC,MSTA_01_006_NAME,MSTA_01_006_DESC,,7,15,40,4,17,FM01_01,MAIN,SNDS_BGM_M021_FM01,,,,STOR_07_BATTLE_AFTER_ENDING1,,,,1.3,1.4,1.3,1.4,1.3,1.4,1,1.4,AGS0031,2,1,0,,,AGS0031,19,1,0,,,AGS0031,13,1,0,,,AGS0031,21,1,0,,,AGS0031,3,1,0,,,AGS0031,18,1,0,,,AGS0031,23,1,0,,,,,,,,,,,,,,,,,,,,,4,0,,,,,,,,,,1000,1000,1000,1000,1000,0,0,0,1,
MSTA_01_007,MSTA_01_007_NAME,MSTA_01_007_DESC,MSTA_01_007_NAME,MSTA_01_007_DESC,,7,15,40,4,17,FM03_02,SUB1,SNDS_BGM_M023_FM03,,,,STOR_07_BATTLE_AFTER_ENDING1,,,,1.3,1.4,1.3,1.4,1.3,1.4,1,1.4,AGS0051,21,1,0,,,AGS0051,13,1,0,,,AGS0051,22,1,0,,,AGS0051,12,1,0,,,AGS0051,10,1,0,,,AGS0051,11,1,0,,,AGS0051,26,1,0,,,AGS0051,32,1,0,,,AGS0051,15,1,0,,,AGS0051,6,1,0,,,4,0,,,,,,,,,,1000,1000,1000,1000,1000,0,0,0,1,
MSTA_01_008,MSTA_01_008_NAME,MSTA_01_008_DESC,MSTA_01_008_NAME,MSTA_01_008_DESC,,7,15,40,4,17,FM01_02,SUB1,SNDS_BGM_M021_FM01,,,,STOR_07_BATTLE_AFTER_ENDING1,,,,1.3,1.4,1.3,1.4,1.3,1.4,1,1.4,AGS0011,13,1,0,,,AGS0011,12,1,0,,,AGS0011,33,1,0,,,AGS0011,10,1,0,,,AGS0011,11,1,0,,,,,,,,,,,,,,,,,,,,,,,,,,,,,,,,,4,0,,,,,,,,,,1000,1000,1000,1000,1000,0,0,0,1,
MSTA_02_010,MSTA_02_001_NAME,MSTA_02_001_DESC,MSTA_02_001_NAME,MSTA_02_001_DESC,,7,15,40,4,17,FM06_02,MAIN,SNDS_BGM_M025_FM06,,,,STOR_07_BATTLE_AFTER_ENDING1,,,,1.5,1.4,1.5,1.4,1.5,1.4,1,1.4,AGM0011,32,1,1,,5,,,,,,,,,,,,,,,,,,,,,,,,,,,,,,,,,,,,,,,,,,,,,,,,,,,,,,,4,8,,,,,,,,,,1000,1000,1000,1000,1000,0,0,0,1,
MSTA_02_011,MSTA_02_002_NAME,MSTA_02_002_DESC,MSTA_02_002_NAME,MSTA_02_002_DESC,,7,15,40,4,17,FM01_02,SUB1,SNDS_BGM_M021_FM01,,,,STOR_07_BATTLE_AFTER_ENDING1,,,,1.5,1.4,1.5,1.4,1.5,1.4,1,1.4,AGM0021,46,1,1,,5,,,,,,,,,,,,,,,,,,,,,,,,,,,,,,,,,,,,,,,,,,,,,,,,,,,,,,,4,6,,,,,,,,,,1000,1000,1000,1000,1000,0,0,0,1,
MSTA_02_012,MSTA_02_003_NAME,MSTA_02_003_DESC,MSTA_02_003_NAME,MSTA_02_003_DESC,,7,15,40,4,17,FM04_02,MAIN,SNDS_BGM_M024_FM04,,,,STOR_07_BATTLE_AFTER_ENDING1,,,,1.5,1.4,1.5,1.4,1.5,1.4,1,1.4,AGM0031,9,1,1,,5,,,,,,,,,,,,,,,,,,,,,,,,,,,,,,,,,,,,,,,,,,,,,,,,,,,,,,,4,8,,,,,,,,,,1000,1000,1000,1000,1000,0,0,0,1,
MSTA_02_013,MSTA_02_004_NAME,MSTA_02_004_DESC,MSTA_02_004_NAME,MSTA_02_004_DESC,,7,15,40,4,17,FM06_01,MAIN,SNDS_BGM_M025_FM06,,,,STOR_07_BATTLE_AFTER_ENDING1,,,,1.5,1.4,1.5,1.4,1.5,1.4,1,1.4,AGM0051,8,1,1,,5,,,,,,,,,,,,,,,,,,,,,,,,,,,,,,,,,,,,,,,,,,,,,,,,,,,,,,,4,1,,,,,,,,,,1000,1000,1000,1000,1000,0,0,0,1,
MSTA_02_001,MSTA_02_005_NAME,MSTA_02_005_DESC,MSTA_02_005_NAME,MSTA_02_005_DESC,,7,15,40,4,17,FM04_02,MAIN,SNDS_BGM_M024_FM04,,,,STOR_07_BATTLE_AFTER_ENDING1,,,,4.5,1.4,4.5,1.4,4.5,1.4,1,1.4,AGM0091,30,1,1,,5,,,,,,,,,,,,,,,,,,,,,,,,,,,,,,,,,,,,,,,,,,,,,,,,,,,,,,,4,6,,,,,,,,,,1000,1000,1000,1000,1000,0,0,0,1,
MSTA_02_002,MSTA_02_006_NAME,MSTA_02_006_DESC,MSTA_02_006_NAME,MSTA_02_006_DESC,,7,15,40,4,17,FM01_01,MAIN,SNDS_BGM_M021_FM01,,,,STOR_07_BATTLE_AFTER_ENDING1,,,,4.5,1.4,4.5,1.4,4.5,1.4,1,1.4,AGM0092,23,1,1,,5,,,,,,,,,,,,,,,,,,,,,,,,,,,,,,,,,,,,,,,,,,,,,,,,,,,,,,,4,4,,,,,,,,,,1000,1000,1000,1000,1000,0,0,0,1,
MSTA_02_003,MSTA_02_007_NAME,MSTA_02_007_DESC,MSTA_02_007_NAME,MSTA_02_007_DESC,,7,15,40,4,17,FM03_01,SUB2,SNDS_BGM_M023_FM03,,,,STOR_07_BATTLE_AFTER_ENDING1,,,,4.5,1.4,4.5,1.4,4.5,1.4,1,1.4,AGM0061,8,1,1,,5,,,,,,,,,,,,,,,,,,,,,,,,,,,,,,,,,,,,,,,,,,,,,,,,,,,,,,,4,4,,,,,,,,,,1000,1000,1000,1000,1000,0,0,0,1,
MSTA_02_004,MSTA_02_008_NAME,MSTA_02_008_DESC,MSTA_02_008_NAME,MSTA_02_008_DESC,,7,15,40,4,17,FM04_01,MAIN,SNDS_BGM_M024_FM04,,,,STOR_07_BATTLE_AFTER_ENDING1,,,,4.5,1.4,4.5,1.4,4.5,1.4,1,1.4,AGM0062,25,1,1,,5,,,,,,,,,,,,,,,,,,,,,,,,,,,,,,,,,,,,,,,,,,,,,,,,,,,,,,,4,2,,,,,,,,,,1000,1000,1000,1000,1000,0,0,0,1,
MSTA_02_005,MSTA_02_009_NAME,MSTA_02_009_DESC,MSTA_02_009_NAME,MSTA_02_009_DESC,,7,15,40,4,17,FM06_02,MAIN,SNDS_BGM_M025_FM06,,,,STOR_07_BATTLE_AFTER_ENDING1,,,,4.5,1.4,4.5,1.4,4.5,1.4,1,1.4,AGM0081,26,1,1,,5,,,,,,,,,,,,,,,,,,,,,,,,,,,,,,,,,,,,,,,,,,,,,,,,,,,,,,,4,4,,,,,,,,,,1000,1000,1000,1000,1000,0,0,0,1,
MSTA_02_006,MSTA_02_010_NAME,MSTA_02_010_DESC,MSTA_02_010_NAME,MSTA_02_010_DESC,,7,15,40,4,17,FM02_01,MAIN,SNDS_BGM_M022_FM02,,,,STOR_07_BATTLE_AFTER_ENDING1,,,,4.5,1.4,4.5,1.4,4.5,1.4,1,1.4,AGM0082,39,1,1,,5,,,,,,,,,,,,,,,,,,,,,,,,,,,,,,,,,,,,,,,,,,,,,,,,,,,,,,,4,5,,,,,,,,,,1000,1000,1000,1000,1000,0,0,0,1,
MSTA_02_007,MSTA_02_011_NAME,MSTA_02_011_DESC,MSTA_02_011_NAME,MSTA_02_011_DESC,,7,15,40,4,17,FM03_02,SUB2,SNDS_BGM_M023_FM03,,,,STOR_07_BATTLE_AFTER_ENDING1,,,,4.5,1.4,4.5,1.4,4.5,1.4,1,1.4,AGM0083,35,1,1,,5,,,,,,,,,,,,,,,,,,,,,,,,,,,,,,,,,,,,,,,,,,,,,,,,,,,,,,,4,8,,,,,,,,,,1000,1000,1000,1000,1000,0,0,0,1,
MSTA_02_008,MSTA_02_012_NAME,MSTA_02_012_DESC,MSTA_02_012_NAME,MSTA_02_012_DESC,,7,15,40,4,17,FM02_02,SUB2,SNDS_BGM_M022_FM02,,,,STOR_07_BATTLE_AFTER_ENDING1,,,,4.5,1.4,4.5,1.4,4.5,1.4,1,1.4,AGM0071,11,1,1,,5,,,,,,,,,,,,,,,,,,,,,,,,,,,,,,,,,,,,,,,,,,,,,,,,,,,,,,,4,4,,,,,,,,,,1000,1000,1000,1000,1000,0,0,0,1,
MSTA_02_009,MSTA_02_013_NAME,MSTA_02_013_DESC,MSTA_02_013_NAME,MSTA_02_013_DESC,,7,15,40,4,17,FM03_01,SUB2,SNDS_BGM_M023_FM03,,,,STOR_07_BATTLE_AFTER_ENDING1,,,,4.5,1.4,4.5,1.4,4.5,1.4,1,1.4,AGM0072,12,1,1,,5,,,,,,,,,,,,,,,,,,,,,,,,,,,,,,,,,,,,,,,,,,,,,,,,,,,,,,,4,1,,,,,,,,,,1000,1000,1000,1000,1000,0,0,0,1,
MSTA_03_008,MSTA_03_001_NAME,MSTA_03_001_DESC,MSTA_03_001_NAME,MSTA_03_001_DESC,,7,15,40,4,17,FM01_02,SUB1,SNDS_BGM_M021_FM01,,,,STOR_07_BATTLE_AFTER_ENDING1,,,,4.5,1.4,4.5,1.4,4.5,1.4,1,1.4,AGL0011,47,1,1,,5,,,,,,,,,,,,,,,,,,,,,,,,,,,,,,,,,,,,,,,,,,,,,,,,,,,,,,,4,1,,,,,,,,,,1000,1000,1000,1000,1000,0,0,0,1,
MSTA_03_009,MSTA_03_002_NAME,MSTA_03_002_DESC,MSTA_03_002_NAME,MSTA_03_002_DESC,,7,15,40,4,17,FM02_02,SUB2,SNDS_BGM_M022_FM02,,,,STOR_07_BATTLE_AFTER_ENDING1,,,,4.5,1.4,4.5,1.4,4.5,1.4,1,1.4,AGL0013,21,1,1,,5,,,,,,,,,,,,,,,,,,,,,,,,,,,,,,,,,,,,,,,,,,,,,,,,,,,,,,,4,3,,,,,,,,,,1000,1000,1000,1000,1000,0,0,0,1,
MSTA_03_010,MSTA_03_003_NAME,MSTA_03_003_DESC,MSTA_03_003_NAME,MSTA_03_003_DESC,,7,15,40,4,17,FM03_02,SUB2,SNDS_BGM_M023_FM03,,,,STOR_07_BATTLE_AFTER_ENDING1,,,,4.5,1.4,4.5,1.4,4.5,1.4,1,1.4,AGL0021,34,1,1,,5,,,,,,,,,,,,,,,,,,,,,,,,,,,,,,,,,,,,,,,,,,,,,,,,,,,,,,,4,6,,,,,,,,,,1000,1000,1000,1000,1000,0,0,0,1,
MSTA_03_011,MSTA_03_004_NAME,MSTA_03_004_DESC,MSTA_03_004_NAME,MSTA_03_004_DESC,,7,15,40,4,17,FM02_02,SUB2,SNDS_BGM_M022_FM02,,,,STOR_07_BATTLE_AFTER_ENDING1,,,,4.5,1.4,4.5,1.4,4.5,1.4,1,1.4,AGL0101,34,1,1,,5,,,,,,,,,,,,,,,,,,,,,,,,,,,,,,,,,,,,,,,,,,,,,,,,,,,,,,,4,6,,,,,,,,,,1000,1000,1000,1000,1000,0,0,0,1,
MSTA_03_012,MSTA_03_005_NAME,MSTA_03_005_DESC,MSTA_03_005_NAME,MSTA_03_005_DESC,,7,15,40,4,17,FM01_01,MAIN,SNDS_BGM_M021_FM01,,,,STOR_07_BATTLE_AFTER_ENDING1,,,,4.5,1.4,4.5,1.4,4.5,1.4,1,1.4,AGL0041,26,1,1,,5,,,,,,,,,,,,,,,,,,,,,,,,,,,,,,,,,,,,,,,,,,,,,,,,,,,,,,,4,2,,,,,,,,,,1000,1000,1000,1000,1000,0,0,0,1,
MSTA_03_013,MSTA_03_006_NAME,MSTA_03_006_DESC,MSTA_03_006_NAME,MSTA_03_006_DESC,,7,15,40,4,17,FM03_01,SUB2,SNDS_BGM_M023_FM03,,,,STOR_07_BATTLE_AFTER_ENDING1,,,,4.5,1.4,4.5,1.4,4.5,1.4,1,1.4,AGL0111,30,1,1,,5,,,,,,,,,,,,,,,,,,,,,,,,,,,,,,,,,,,,,,,,,,,,,,,,,,,,,,,4,2,,,,,,,,,,1000,1000,1000,1000,1000,0,0,0,1,
MSTA_03_014,MSTA_03_007_NAME,MSTA_03_007_DESC,MSTA_03_007_NAME,MSTA_03_007_DESC,,7,15,40,4,17,FM02_01,MAIN,SNDS_BGM_M022_FM02,,,,STOR_07_BATTLE_AFTER_ENDING1,,,,4.5,1.4,4.5,1.4,4.5,1.4,1,1.4,AGL0051,40,1,1,,5,,,,,,,,,,,,,,,,,,,,,,,,,,,,,,,,,,,,,,,,,,,,,,,,,,,,,,,4,4,,,,,,,,,,1000,1000,1000,1000,1000,0,0,0,1,
MSTA_03_015,MSTA_03_008_NAME,MSTA_03_008_DESC,MSTA_03_008_NAME,MSTA_03_008_DESC,,7,15,40,4,17,FM06_02,MAIN,SNDS_BGM_M025_FM06,,,,STOR_07_BATTLE_AFTER_ENDING1,,,,4.5,1.4,4.5,1.4,4.5,1.4,1,1.4,AGL0053,30,1,1,,5,,,,,,,,,,,,,,,,,,,,,,,,,,,,,,,,,,,,,,,,,,,,,,,,,,,,,,,4,7,,,,,,,,,,1000,1000,1000,1000,1000,0,0,0,1,
MSTA_03_016,MSTA_03_009_NAME,MSTA_03_009_DESC,MSTA_03_009_NAME,MSTA_03_009_DESC,,7,15,40,4,17,FM06_01,MAIN,SNDS_BGM_M025_FM06,,,,STOR_07_BATTLE_AFTER_ENDING1,,,,4.5,1.4,4.5,1.4,4.5,1.4,1,1.4,AGL0031,30,1,1,,5,,,,,,,,,,,,,,,,,,,,,,,,,,,,,,,,,,,,,,,,,,,,,,,,,,,,,,,4,7,,,,,,,,,,1000,1000,1000,1000,1000,0,0,0,1,
MSTA_03_017,MSTA_03_010_NAME,MSTA_03_010_DESC,MSTA_03_010_NAME,MSTA_03_010_DESC,,7,15,40,4,17,FM01_02,SUB1,SNDS_BGM_M021_FM01,,,,STOR_07_BATTLE_AFTER_ENDING1,,,,4.5,1.4,4.5,1.4,4.5,1.4,1,1.4,AGL0062,21,1,1,,5,,,,,,,,,,,,,,,,,,,,,,,,,,,,,,,,,,,,,,,,,,,,,,,,,,,,,,,4,4,,,,,,,,,,1000,1000,1000,1000,1000,0,0,0,1,
MSTA_03_001,MSTA_03_011_NAME,MSTA_03_011_DESC,MSTA_03_011_NAME,MSTA_03_011_DESC,,7,15,40,4,17,FM04_01,MAIN,SNDS_BGM_M024_FM04,SNDS_BGM_M009_HUNTING,,,STOR_07_BATTLE_AFTER_ENDING1,,,,4.5,1.4,4.5,1.4,4.5,1.4,1,1.4,AGL0161,26,1,1,,5,,,,,,,,,,,,,,,,,,,,,,,,,,,,,,,,,,,,,,,,,,,,,,,,,,,,,,,4,3,,,,,,,,,,1000,1000,1000,1000,1000,0,0,0,1,
MSTA_03_003,MSTA_03_012_NAME,MSTA_03_012_DESC,MSTA_03_012_NAME,MSTA_03_012_DESC,,7,15,40,4,17,FM03_02,SUB2,SNDS_BGM_M023_FM03,SNDS_BGM_M012_EVENT_RED_QUEEN,,,STOR_07_BATTLE_AFTER_ENDING1,,,,4.5,1.4,4.5,1.4,4.5,1.4,1,1.4,AGL0141,33,1,1,,5,,,,,,,,,,,,,,,,,,,,,,,,,,,,,,,,,,,,,,,,,,,,,,,,,,,,,,,4,7,,,,,,,,,,1000,1000,1000,1000,1000,0,0,0,1,
MSTA_03_004,MSTA_03_013_NAME,MSTA_03_013_DESC,MSTA_03_013_NAME,MSTA_03_013_DESC,,7,15,40,4,17,FM01_01,MAIN,SNDS_BGM_M021_FM01,SNDS_BGM_M053_BATTLE_OTHER2,,,STOR_07_BATTLE_AFTER_ENDING1,,,,4.5,1.4,4.5,1.4,4.5,1.4,1,1.4,AGL0171,18,1,1,,5,,,,,,,,,,,,,,,,,,,,,,,,,,,,,,,,,,,,,,,,,,,,,,,,,,,,,,,4,7,,,,,,,,,,1000,1000,1000,1000,1000,0,0,0,1,
MSTA_03_005,MSTA_03_014_NAME,MSTA_03_014_DESC,MSTA_03_014_NAME,MSTA_03_014_DESC,,7,15,40,4,17,FM02_01,MAIN,SNDS_BGM_M022_FM02,SNDS_BGM_M002_BATTLE_ASHBORN,,,STOR_07_BATTLE_AFTER_ENDING1,,,,4.5,1.4,4.5,1.4,4.5,1.4,1,1.4,AGL0131,27,1,1,,5,,,,,,,,,,,,,,,,,,,,,,,,,,,,,,,,,,,,,,,,,,,,,,,,,,,,,,,4,6,,,,,,,,,,1000,1000,1000,1000,1000,0,0,0,1,
MSTA_03_007,MSTA_03_015_NAME,MSTA_03_015_DESC,MSTA_03_015_NAME,MSTA_03_015_DESC,,7,15,40,4,17,FM04_01,MAIN,SNDS_BGM_M024_FM04,SNDS_BGM_M013_EVENT_ANXLETY,,,STOR_07_BATTLE_AFTER_ENDING1,,,,4.5,1.4,4.5,1.4,4.5,1.4,1,1.4,AGL0151,34,1,1,,5,,,,,,,,,,,,,,,,,,,,,,,,,,,,,,,,,,,,,,,,,,,,,,,,,,,,,,,4,4,,,,,,,,,,1000,1000,1000,1000,1000,0,0,0,1,
MSTA_03_002,MSTA_03_016_NAME,MSTA_03_016_DESC,MSTA_03_016_NAME,MSTA_03_016_DESC,,7,15,40,4,17,FM07_01,MAIN,SNDS_BGM_M026_FM07,SNDS_BGM_M009_HUNTING,,,STOR_07_BATTLE_AFTER_ENDING1,,,,4.5,1.4,4.5,1.4,4.5,1.4,1,1.4,AGL0163,6,1,1,,5,,,,,,,,,,,,,,,,,,,,,,,,,,,,,,,,,,,,,,,,,,,,,,,,,,,,,,,4,2,,,,,,,,,,1000,1000,1000,1000,1000,0,0,0,1,
MSTA_03_006,MSTA_03_017_NAME,MSTA_03_017_DESC,MSTA_03_017_NAME,MSTA_03_017_DESC,,7,15,40,4,17,FM06_01,MAIN,SNDS_BGM_M025_FM06,SNDS_BGM_M002_BATTLE_ASHBORN,,,STOR_07_BATTLE_AFTER_ENDING1,,,,4.5,1.4,4.5,1.4,4.5,1.4,1,1.4,AGL0133,31,1,1,,5,,,,,,,,,,,,,,,,,,,,,,,,,,,,,,,,,,,,,,,,,,,,,,,,,,,,,,,4,6,,,,,,,,,,1000,1000,1000,1000,1000,0,0,0,1,
MSTA_03_018,MSTA_03_018_NAME,MSTA_03_010_DESC,MSTA_03_018_NAME,MSTA_03_010_DESC,,7,25,30,4,17,FM03_01,RANDOM,SNDS_BGM_M023_FM03,SNDS_BGM_M009_HUNTING,,,STOR_07_BATTLE_AFTER_ENDING1,,,,4,1.5,4,1.5,4,1.5,4,1.5,AGL0162,18,1,1,,5,,,,,,,,,,,,,,,,,,,,,,,,,,,,,,,,,,,,,,,,,,,,,,,,,,,,,,,4,1,,,,,,,,,,1000,1000,1000,1000,1000,0,0,0,1,
MSTA_03_019,MSTA_03_019_NAME,MSTA_03_010_DESC,MSTA_03_019_NAME,MSTA_03_010_DESC,,7,25,30,4,17,FM04_01,RANDOM,SNDS_BGM_M024_FM04,SNDS_BGM_M012_EVENT_RED_QUEEN,,,STOR_07_BATTLE_AFTER_ENDING1,,,,4,1.5,4,1.5,4,1.5,4,1.5,AGL0142,34,1,1,,5,,,,,,,,,,,,,,,,,,,,,,,,,,,,,,,,,,,,,,,,,,,,,,,,,,,,,,,4,4,,,,,,,,,,1000,1000,1000,1000,1000,0,0,0,1,
MSTA_03_020,MSTA_03_020_NAME,MSTA_03_010_DESC,MSTA_03_020_NAME,MSTA_03_010_DESC,,7,25,30,4,17,FM01_01,RANDOM,SNDS_BGM_M021_FM01,SNDS_BGM_M053_BATTLE_OTHER2,,,STOR_07_BATTLE_AFTER_ENDING1,,,,4,1.5,4,1.5,4,1.5,4,1.5,AGL0172,7,1,1,,5,,,,,,,,,,,,,,,,,,,,,,,,,,,,,,,,,,,,,,,,,,,,,,,,,,,,,,,4,7,,,,,,,,,,1000,1000,1000,1000,1000,0,0,0,1,
MSTA_03_021,MSTA_03_021_NAME,MSTA_03_010_DESC,MSTA_03_021_NAME,MSTA_03_010_DESC,,7,25,30,4,17,FM08_01,RANDOM,SNDS_BGM_M026_FM07,SNDS_BGM_M002_BATTLE_ASHBORN,,,STOR_07_BATTLE_AFTER_ENDING1,,,,4,1.5,4,1.5,4,1.5,4,1.5,AGL0152,1,1,1,,5,,,,,,,,,,,,,,,,,,,,,,,,,,,,,,,,,,,,,,,,,,,,,,,,,,,,,,,4,0,,,,,,,,,,1000,1000,1000,1000,1000,0,0,0,1,
MSTA_03_022,MSTA_03_022_NAME,MSTA_03_010_DESC,MSTA_03_022_NAME,MSTA_03_010_DESC,,7,25,30,4,17,FM06_01,RANDOM,SNDS_BGM_M025_FM06,SNDS_BGM_M013_EVENT_ANXLETY,,,STOR_07_BATTLE_AFTER_ENDING1,,,,4,1.5,4,1.5,4,1.5,4,1.5,AGL0132,31,1,1,,5,,,,,,,,,,,,,,,,,,,,,,,,,,,,,,,,,,,,,,,,,,,,,,,,,,,,,,,4,6,,,,,,,,,,1000,1000,1000,1000,1000,0,0,0,1,
