acce_a_id,acce_text_id,offset2_flag,sort_id,re1_id,re2_id,re3_id,re4_id,dlcKey_id,dlcKey_id_nx,mission_id,mission_id_nx,release_require_id,release_require_param_1,release_require_param_2,release_require_param_3,unlock_pre_message_text_id,unlock_list_sort
CSAC_PU001_01,CSAC_PU001_NAME,0,10010101,PL_AC_U0011_01,PL_AC_U0011_02,PL_AC_U0011_03,PL_AC_U0011_04,,,,,,,,,,
CSAC_PU002_01,CSAC_PU002_NAME,0,10020101,PL_AC_U0021_01,PL_AC_U0021_02,PL_AC_U0021_03,PL_AC_U0021_04,,,,,,,,,,
CSAC_PU003_01,CSAC_PU003_NAME,0,10030101,PL_AC_U0031_01,PL_AC_U0031_02,PL_AC_U0031_03,PL_AC_U0031_04,,,,,,,,,,
CSAC_PU004_01,CSAC_PU004_NAME,0,10040101,PL_AC_U0041_01,PL_AC_U0041_02,PL_AC_U0041_03,PL_AC_U0041_04,,,,,,,,,,
CSAC_PU005_01,CSAC_PU005_NAME,0,10050101,PL_AC_U0051_01,PL_AC_U0051_02,PL_AC_U0051_03,PL_AC_U0051_04,,,,,,,,,,
CSAC_PU006_01,CSAC_PU006_NAME,0,10060101,PL_AC_U0191_01,PL_AC_U0191_02,PL_AC_U0191_03,PL_AC_U0191_04,,,,,,,,,,
CSAC_PU007_01,CSAC_PU007_NAME,0,10070101,PL_AC_U0201_01,PL_AC_U0201_02,PL_AC_U0201_03,PL_AC_U0201_04,,,,,,,,,,
CSAC_PU008_01,CSAC_PU008_NAME,0,10080101,PL_AC_U0211_01,PL_AC_U0211_02,PL_AC_U0211_03,PL_AC_U0211_04,,,,,,,,,,
CSAC_PU009_01,CSAC_PU009_NAME,0,10090101,PL_AC_U0221_01,PL_AC_U0221_02,PL_AC_U0221_03,PL_AC_U0221_04,,,,,,,,,,
CSAC_PU010_01,CSAC_PU010_NAME,0,10100101,PL_AC_U0231_01,PL_AC_U0231_02,PL_AC_U0231_03,PL_AC_U0231_04,,,,,,,,,,
CSAC_PU011_01,CSAC_PU011_NAME,0,10110101,PL_AC_U0071_01,PL_AC_U0071_02,PL_AC_U0071_03,PL_AC_U0071_04,,,,,,,,,,
CSAC_PU012_01,CSAC_PU012_NAME,0,10120101,PL_AC_U0081_01,PL_AC_U0081_02,PL_AC_U0081_03,PL_AC_U0081_04,,,,,,,,,,
CSAC_PU013_01,CSAC_PU013_NAME,0,10130101,PL_AC_U0241_01,PL_AC_U0241_02,PL_AC_U0241_03,PL_AC_U0241_04,,,,,,,,,,
CSAC_PU014_01,CSAC_PU014_NAME,0,10140101,PL_AC_U0251_01,PL_AC_U0251_02,PL_AC_U0251_03,PL_AC_U0251_04,,,,,,,,,,
CSAC_PU015_01,CSAC_PU015_NAME,0,10150101,PL_AC_U0261_01,PL_AC_U0261_02,PL_AC_U0261_03,PL_AC_U0261_04,,,,,,,,,,
CSAC_PU016_01,CSAC_PU016_NAME,0,10160101,PL_AC_U0091_01,PL_AC_U0091_02,PL_AC_U0091_03,PL_AC_U0091_04,,,,,,,,,,
CSAC_PU017_01,CSAC_PU017_NAME,0,10170101,PL_AC_U0101_01,PL_AC_U0101_02,PL_AC_U0101_03,PL_AC_U0101_04,,,,,,,,,,
CSAC_PU018_01,CSAC_PU018_NAME,0,10180101,PL_AC_U0271_01,PL_AC_U0271_02,PL_AC_U0271_03,PL_AC_U0271_04,,,,,,,,,,
CSAC_PU019_01,CSAC_PU019_NAME,0,10190101,PL_AC_U0281_01,PL_AC_U0281_02,PL_AC_U0281_03,PL_AC_U0281_04,,,,,,,,,,
CSAC_PU035_01,CSAC_PU035_NAME,0,10190201,PL_AC_U0351_01,PL_AC_U0351_02,PL_AC_U0351_03,PL_AC_U0351_04,,,,,,,,,,
CSAC_PU036_01,CSAC_PU036_NAME,0,10190301,PL_AC_U0361_01,PL_AC_U0361_02,PL_AC_U0361_03,PL_AC_U0361_04,,,,,,,,,,
CSAC_PU037_01,CSAC_PU037_NAME,0,10190401,PL_AC_U0371_01,PL_AC_U0371_02,PL_AC_U0371_03,PL_AC_U0371_04,,,,,,,,,,
CSAC_PU033_01,CSAC_PU033_NAME,0,10190501,PL_AC_U0331_01,PL_AC_U0331_02,PL_AC_U0331_03,PL_AC_U0331_04,,,,,,,,,,
CSAC_PU034_01,CSAC_PU034_NAME,0,10190601,PL_AC_U0341_01,PL_AC_U0341_02,PL_AC_U0341_03,PL_AC_U0341_04,,,,,,,,,,
CSAC_PU031_01,CSAC_PU031_NAME,0,10190701,PL_AC_U0311_01,PL_AC_U0311_02,PL_AC_U0311_03,PL_AC_U0311_04,,,,,,,,,,
CSAC_PU032_01,CSAC_PU032_NAME,0,10190801,PL_AC_U0321_01,PL_AC_U0321_02,PL_AC_U0321_03,PL_AC_U0321_04,,,,,,,,,,
CSAC_PU020_01,CSAC_PU020_NAME,0,10200101,PL_AC_U0121_03,PL_AC_U0121_04,PL_AC_U0121_02,PL_AC_U0121_01,,,,,,,,,,
CSAC_PU021_01,CSAC_PU021_NAME,0,10210101,PL_AC_U0131_03,PL_AC_U0131_04,PL_AC_U0131_02,PL_AC_U0131_01,,,,,,,,,,
CSAC_PU022_01,CSAC_PU022_NAME,0,10220101,PL_AC_U0291_01,PL_AC_U0291_02,PL_AC_U0291_03,PL_AC_U0291_04,,,,,,,,,,
CSAC_PU023_01,CSAC_PU023_NAME,0,10230101,PL_AC_U0301_01,PL_AC_U0301_02,PL_AC_U0301_03,PL_AC_U0301_04,,,,,,,,,,
CSAC_PU054_01,CSAC_PU054_NAME,0,10230201,PL_AC_U0541_03,PL_AC_U0541_04,PL_AC_U0541_02,PL_AC_U0541_01,,,,,,,,,,
CSAC_PU024_01,CSAC_PU024_NAME,0,10240101,PL_AC_U0061_01,PL_AC_U0061_02,PL_AC_U0061_03,PL_AC_U0061_04,,,,,,,,,,
CSAC_PU050_01,CSAC_PU050_NAME,0,10240201,PL_AC_U0501_01,PL_AC_U0501_02,PL_AC_U0501_03,PL_AC_U0501_04,,,,,,,,,,
CSAC_PU025_01,CSAC_PU025_NAME,0,10250101,PL_AC_U0181_01,PL_AC_U0181_02,PL_AC_U0181_03,PL_AC_U0181_04,,,,,,,,,,
CSAC_PU026_01,CSAC_PU026_NAME,0,10260101,PL_AC_U0111_01,PL_AC_U0111_02,PL_AC_U0111_03,PL_AC_U0111_04,,,,,,,,,,
CSAC_PU027_01,CSAC_PU027_NAME,0,10270101,PL_AC_U0171_01,PL_AC_U0171_02,PL_AC_U0171_03,PL_AC_U0171_04,,,,,,,,,,
CSAC_PU039_01,CSAC_PU039_NAME,0,10270201,PL_AC_U0391_02,PL_AC_U0391_01,PL_AC_U0391_03,PL_AC_U0391_04,,,,,,,,,,
CSAC_PU059_01,CSAC_PU059_NAME,0,10270206,PL_AC_U0631_01,PL_AC_U0631_02,PL_AC_U0631_03,PL_AC_U0631_04,,,,,,,,,,
CSAC_PU046_01,CSAC_PU046_NAME,0,10270211,PL_AC_U0461_01,PL_AC_U0461_03,PL_AC_U0461_04,PL_AC_U0461_02,,,MSCN_07_018,MSCN_07_018,,,,,,
CSAC_PU052_01,CSAC_PU052_NAME,0,10270221,PL_AC_U0521_02,PL_AC_U0521_03,PL_AC_U0521_01,PL_AC_U0521_04,,,MSUR_06_000,MSUR_06_000,,,,,,
CSAC_PU053_01,CSAC_PU053_NAME,0,10270291,PL_AC_U0531_01,PL_AC_U0531_04,PL_AC_U0531_03,PL_AC_U0531_02,,,MSCN_07_018,MSCN_07_018,,,,,,
CSAC_PU038_01,CSAC_PU038_NAME,0,10270301,PL_AC_U0381_02,PL_AC_U0381_01,PL_AC_U0381_03,PL_AC_U0381_04,,,MSCN_07_018,MSCN_07_018,,,,,,
CSAC_PU041_01,CSAC_PU041_NAME,0,10270401,PL_AC_U0411_01,PL_AC_U0411_03,PL_AC_U0411_02,PL_AC_U0411_04,,,MSCN_07_018,MSCN_07_018,,,,,,
CSAC_PU055_01,CSAC_PU055_NAME,0,10270501,PL_AC_U0551_01,PL_AC_U0551_02,PL_AC_U0551_03,PL_AC_U0551_04,,,MSCN_07_028,MSCN_07_028,,,,,,
CSAC_PU060_01,CSAC_PU060_NAME,0,10270601,PL_AC_U0641_01,PL_AC_U0641_02,PL_AC_U0641_03,PL_AC_U0641_04,,,MSCN_07_031,MSCN_07_031,,,,,,
CSAC_PU061_01,CSAC_PU061_NAME,0,10270701,PL_AC_U0651_01,PL_AC_U0651_03,PL_AC_U0651_02,PL_AC_U0651_04,,,MSCN_07_028,MSCN_07_028,,,,,,
CSAC_PU062_01,CSAC_PU062_NAME,0,10270801,PL_AC_U0661_01,PL_AC_U0661_03,PL_AC_U0661_02,PL_AC_U0661_04,,,MSCN_07_031,MSCN_07_031,,,,,,
CSAC_PU070_01,CSAC_PU070_NAME,0,10270901,PL_AC_U0701_01,PL_AC_U0701_02,PL_AC_U0701_03,PL_AC_U0701_04,,,MSCN_07_028,MSCN_07_028,,,,,,
CSAC_PU071_01,CSAC_PU071_NAME,0,10271001,PL_AC_U0671_01,PL_AC_U0671_03,PL_AC_U0671_02,PL_AC_U0671_04,,,MSCN_07_031,MSCN_07_031,,,,,,
CSAC_PU066_01,CSAC_PU066_NAME,0,10271101,PL_AC_U0591_01,PL_AC_U0591_02,PL_AC_U0591_03,PL_AC_U0591_04,,,MSCN_07_037,MSCN_07_037,,,,,,
CSAC_PU068_01,CSAC_PU068_NAME,0,10271201,PL_AC_U0691_01,,,,,,MSCN_07_041,MSCN_07_041,,,,,,
CSAC_PU028_01,CSAC_PU028_NAME,0,10280101,PL_AC_U0141_01,PL_AC_U0141_02,PL_AC_U0141_03,PL_AC_U0141_04,,,MSCN_07_037,MSCN_07_037,,,,,,
CSAC_PU029_01,CSAC_PU029_NAME,0,10290101,PL_AC_U0151_01,PL_AC_U0151_02,PL_AC_U0151_03,PL_AC_U0151_04,,,MSCN_07_041,MSCN_07_041,,,,,,
CSAC_PU030_01,CSAC_PU030_NAME,0,10300101,PL_AC_U0161_01,PL_AC_U0161_02,PL_AC_U0161_03,PL_AC_U0161_04,,,MSCN_07_037,MSCN_07_037,,,,,,
CSAC_PU040_01,CSAC_PU040_NAME,0,10300201,PL_AC_U0401_01,PL_AC_U0401_02,PL_AC_U0401_03,PL_AC_U0401_04,,,MSCN_07_041,MSCN_07_041,,,,,,
CSAC_PU057_01,CSAC_PU057_NAME,0,10300301,PL_AC_U0571_02,PL_AC_U0571_04,PL_AC_U0571_01,PL_AC_U0571_03,,,MSCN_07_037,MSCN_07_037,,,,,,
CSAC_PU058_01,CSAC_PU058_NAME,0,10300401,PL_AC_U0561_01,PL_AC_U0561_03,PL_AC_U0561_04,PL_AC_U0561_02,,,MSCN_07_041,MSCN_07_041,,,,,,
CSAC_PU063_01,CSAC_PU063_NAME,0,10300501,PL_AC_U0581_01,PL_AC_U0581_02,PL_AC_U0581_03,PL_AC_U0581_04,,,MSCN_07_003,MSCN_07_003,,,,,,
CSAC_PU042_01,CSAC_PU042_NAME,0,10330201,PL_AC_U0421_01,PL_AC_U0421_02,PL_AC_U0421_03,PL_AC_U0421_04,,,MSCN_07_003,MSCN_07_003,,,,,,
CSAC_PU069_01,CSAC_PU069_NAME,0,10330301,PL_AC_U0601_01,,,,,,MSCE_07_041,MSCE_07_041,,,,,,
CSAC_PU043_01,CSAC_PU043_NAME,0,10310101,PL_AC_U0431_01,PL_AC_U0431_02,PL_AC_U0431_03,PL_AC_U0431_04,,,MSCN_03_001,MSCN_03_001,,,,,,
CSAC_PU056_01,CSAC_PU056_NAME,0,10310201,PL_AC_U0611_01,,,,,,MSCE_07_028,MSCE_07_028,,,,,,
CSAC_PU044_01,CSAC_PU044_NAME,0,10320201,PL_AC_U0441_01,PL_AC_U0441_02,PL_AC_U0441_03,PL_AC_U0441_04,,,MSCN_05_002,MSCN_05_002,,,,,,
CSAC_PU064_01,CSAC_PU064_NAME,0,10320251,PL_AC_U0621_01,,,,,,MSCE_07_034,MSCE_07_034,,,,,,
CSAC_PU045_01,CSAC_PU045_NAME,0,10340201,PL_AC_U0451_01,PL_AC_U0451_02,PL_AC_U0451_03,PL_AC_U0451_04,,,MSCE_07_008,MSCE_07_008,,,,,,
CSAC_PU051_01,CSAC_PU051_NAME,0,10350201,PL_AC_U0511_01,,,,,,MSCE_07_018,MSCE_07_018,,,,,,
CSAC_PU065_01,CSAC_PU065_NAME,0,10360101,PL_AC_U0681_01,PL_AC_U0681_02,PL_AC_U0681_03,PL_AC_U0681_04,,,MSCN_07_003,MSCN_07_003,,,,,,
CSAC_PU067_01,CSAC_PU067_NAME,0,10300111,PL_AC_U0711_02,PL_AC_U0711_04,PL_AC_U0711_01,PL_AC_U0711_03,,,MSCN_07_003,MSCN_07_003,,,,,,
