hairstyle_id,name_text_id,gender,sort_id,change_prohibition_flag,no_create_face_parts_flag,story_progress,story_progress_nx,re_id,dlcKey_id,dlcKey_id_nx
CSHR_PM001_01,CSHR_PM001_01_NAME,M,100100,FALSE,FALSE,STOR_01_JINKI_FIT,STOR_01_JINKI_FIT,NP_HA_M0011_00,,
CSHR_PM002_01,CSHR_PM002_01_NAME,M,100200,FALSE,FALSE,STOR_01_JINKI_FIT,STOR_01_JINKI_FIT,PL_HA_M0002_00,,
CSHR_PM003_01,CSHR_PM003_01_NAME,M,100300,FALSE,FALSE,STOR_01_JINKI_FIT,STOR_01_JINKI_FIT,PL_HA_M0003_00,,
CSHR_PM004_01,CSHR_PM004_01_NAME,M,100400,FALSE,FALSE,STOR_01_JINKI_FIT,STOR_01_JINKI_FIT,PL_HA_M0004_00,,
CSHR_PM005_01,CSHR_PM005_01_NAME,M,100500,FALSE,FALSE,STOR_01_JINKI_FIT,STOR_01_JINKI_FIT,PL_HA_M0005_00,,
CSHR_PM006_01,CSHR_PM006_01_NAME,M,100600,FALSE,FALSE,STOR_01_JINKI_FIT,STOR_01_JINKI_FIT,PL_HA_M0006_00,,
CSHR_PM007_01,CSHR_PM007_01_NAME,M,100700,FALSE,FALSE,STOR_01_JINKI_FIT,STOR_01_JINKI_FIT,PL_HA_M0007_00,,
CSHR_PM008_01,CSHR_PM008_01_NAME,M,100800,FALSE,FALSE,STOR_01_JINKI_FIT,STOR_01_JINKI_FIT,PL_HA_M0008_00,,
CSHR_PM009_01,CSHR_PM009_01_NAME,M,100900,FALSE,FALSE,STOR_01_JINKI_FIT,STOR_01_JINKI_FIT,PL_HA_M0009_00,,
CSHR_PM010_01,CSHR_PM010_01_NAME,M,101000,FALSE,FALSE,STOR_01_JINKI_FIT,STOR_01_JINKI_FIT,PL_HA_M0010_00,,
CSHR_PM013_01,CSHR_PM013_01_NAME,M,101001,FALSE,FALSE,STOR_01_JINKI_FIT,STOR_01_JINKI_FIT,PL_HA_M0013_00,,
CSHR_PM014_01,CSHR_PM014_01_NAME,M,101002,FALSE,FALSE,STOR_01_JINKI_FIT,STOR_01_JINKI_FIT,PL_HA_M0014_00,,
CSHR_PM015_01,CSHR_PM015_01_NAME,M,101003,FALSE,FALSE,STOR_01_JINKI_FIT,STOR_01_JINKI_FIT,PL_HA_M0015_00,,
CSHR_PM016_01,CSHR_PM016_01_NAME,M,101004,FALSE,FALSE,STOR_01_JINKI_FIT,STOR_01_JINKI_FIT,PL_HA_M0016_00,,
CSHR_PM017_01,CSHR_PM017_01_NAME,M,101005,FALSE,FALSE,STOR_01_JINKI_FIT,STOR_01_JINKI_FIT,PL_HA_M0017_00,,
CSHR_PM018_01,CSHR_PM018_01_NAME,M,101006,FALSE,FALSE,STOR_01_JINKI_FIT,STOR_01_JINKI_FIT,PL_HA_M0018_00,10,10
CSHR_PM019_01,CSHR_PM019_01_NAME,M,101007,FALSE,FALSE,STOR_01_JINKI_FIT,INVALID,PL_HA_M0019_00,,
CSHR_PM011_01,CSHR_PM011_01_NAME,M,101100,FALSE,TRUE,STOR_01_JINKI_FIT,STOR_07_BATTLE_AFTER_ENDING1,PL_HA_M0011_01,,
CSHR_PM011_02,CSHR_PM011_02_NAME,M,101200,FALSE,TRUE,STOR_01_JINKI_FIT,STOR_07_BATTLE_AFTER_ENDING1,PL_HA_M0011_02,,
CSHR_PM011_03,CSHR_PM011_03_NAME,M,101300,FALSE,TRUE,STOR_01_JINKI_FIT,STOR_07_BATTLE_AFTER_ENDING1,PL_HA_M0011_03,,
CSHR_PM011_04,CSHR_PM011_04_NAME,M,101400,FALSE,TRUE,STOR_01_JINKI_FIT,STOR_07_BATTLE_AFTER_ENDING1,PL_HA_M0011_04,,
CSHR_PM012_01,CSHR_PM012_01_NAME,M,101500,FALSE,TRUE,STOR_01_JINKI_FIT,STOR_07_BATTLE_AFTER_ENDING1,PL_HA_M0012_01,,
CSHR_PM012_02,CSHR_PM012_02_NAME,M,101600,FALSE,TRUE,STOR_01_JINKI_FIT,STOR_07_BATTLE_AFTER_ENDING1,PL_HA_M0012_02,,
CSHR_PM012_03,CSHR_PM012_03_NAME,M,101700,FALSE,TRUE,STOR_01_JINKI_FIT,STOR_07_BATTLE_AFTER_ENDING1,PL_HA_M0012_03,,
CSHR_PM012_04,CSHR_PM012_04_NAME,M,101800,FALSE,TRUE,STOR_01_JINKI_FIT,STOR_07_BATTLE_AFTER_ENDING1,PL_HA_M0012_04,,
CSHR_PM030_01,CSHR_PM030_01_NAME,M,101810,FALSE,FALSE,STOR_01_JINKI_FIT,STOR_01_JINKI_FIT,NP_HA_M0121_00,,
CSHR_PM031_01,CSHR_PM031_01_NAME,M,101820,FALSE,FALSE,STOR_01_JINKI_FIT,STOR_01_JINKI_FIT,NP_HA_M0081_00,,
CSHR_PM032_01,CSHR_PM032_01_NAME,M,101830,FALSE,FALSE,STOR_01_JINKI_FIT,STOR_01_JINKI_FIT,NP_HA_M0021_00,,
CSHR_PM033_01,CSHR_PM033_01_NAME,M,101840,FALSE,FALSE,STOR_01_JINKI_FIT,STOR_01_JINKI_FIT,NP_HA_M0011_00,,
CSHR_PM034_01,CSHR_PM034_01_NAME,M,101850,FALSE,FALSE,STOR_01_JINKI_FIT,STOR_01_JINKI_FIT,NP_HA_M0071_00,,
CSHR_PM035_01,CSHR_PM035_01_NAME,M,101860,FALSE,FALSE,STOR_01_JINKI_FIT,STOR_01_JINKI_FIT,NP_HA_M0031_00,,
CSHR_PM036_01,CSHR_PM036_01_NAME,M,101870,FALSE,FALSE,STOR_01_JINKI_FIT,STOR_01_JINKI_FIT,NP_HA_M0091_00,,
CSHR_PM037_01,CSHR_PM037_01_NAME,M,101880,FALSE,FALSE,STOR_01_JINKI_FIT,STOR_01_JINKI_FIT,NP_HA_M0111_00,,
CSHR_PM038_01,CSHR_PM038_01_NAME,M,101880,FALSE,FALSE,STOR_01_JINKI_FIT,STOR_01_JINKI_FIT,NP_HA_M0999_00,,
CSHR_PM039_01,CSHR_PM039_01_NAME,M,101880,FALSE,FALSE,STOR_01_JINKI_FIT,STOR_01_JINKI_FIT,NP_HA_M0131_00,,
CSHR_PM040_01,CSHR_PM040_01_NAME,M,101880,FALSE,FALSE,STOR_01_JINKI_FIT,STOR_01_JINKI_FIT,NP_HA_M0141_00,,
CSHR_PM041_01,CSHR_PM041_01_NAME,M,101880,FALSE,FALSE,STOR_01_JINKI_FIT,STOR_01_JINKI_FIT,NP_HA_M0151_00,,
CSHR_PM042_01,CSHR_PM042_01_NAME,M,101880,FALSE,FALSE,STOR_01_JINKI_FIT,STOR_01_JINKI_FIT,NP_HA_M0152_00,,
CSHR_PM043_01,CSHR_PM043_01_NAME,M,101880,FALSE,FALSE,STOR_01_JINKI_FIT,STOR_01_JINKI_FIT,NP_HA_M0161_00,,
CSHR_PF001_01,CSHR_PF001_01_NAME,F,200100,FALSE,FALSE,STOR_01_JINKI_FIT,STOR_01_JINKI_FIT,PL_HA_F0001_00,,
CSHR_PF002_01,CSHR_PF002_01_NAME,F,200200,FALSE,FALSE,STOR_01_JINKI_FIT,STOR_01_JINKI_FIT,PL_HA_F0002_00,,
CSHR_PF003_01,CSHR_PF003_01_NAME,F,200300,FALSE,FALSE,STOR_01_JINKI_FIT,STOR_01_JINKI_FIT,PL_HA_F0003_00,,
CSHR_PF004_01,CSHR_PF004_01_NAME,F,200400,FALSE,FALSE,STOR_01_JINKI_FIT,STOR_01_JINKI_FIT,PL_HA_F0004_00,,
CSHR_PF005_01,CSHR_PF005_01_NAME,F,200500,FALSE,FALSE,STOR_01_JINKI_FIT,STOR_01_JINKI_FIT,PL_HA_F0005_00,,
CSHR_PF006_01,CSHR_PF006_01_NAME,F,200600,FALSE,FALSE,STOR_01_JINKI_FIT,STOR_01_JINKI_FIT,PL_HA_F0006_00,,
CSHR_PF007_01,CSHR_PF007_01_NAME,F,200700,FALSE,FALSE,STOR_01_JINKI_FIT,STOR_01_JINKI_FIT,PL_HA_F0007_00,,
CSHR_PF008_01,CSHR_PF008_01_NAME,F,200800,FALSE,FALSE,STOR_01_JINKI_FIT,STOR_01_JINKI_FIT,PL_HA_F0008_00,,
CSHR_PF009_01,CSHR_PF009_01_NAME,F,200900,FALSE,FALSE,STOR_01_JINKI_FIT,STOR_01_JINKI_FIT,PL_HA_F0009_00,,
CSHR_PF010_01,CSHR_PF010_01_NAME,F,201000,FALSE,FALSE,STOR_01_JINKI_FIT,STOR_01_JINKI_FIT,PL_HA_F0010_00,,
CSHR_PF013_01,CSHR_PF013_01_NAME,F,201001,FALSE,FALSE,STOR_01_JINKI_FIT,STOR_01_JINKI_FIT,PL_HA_F0013_00,,
CSHR_PF014_01,CSHR_PF014_01_NAME,F,201002,FALSE,FALSE,STOR_01_JINKI_FIT,STOR_01_JINKI_FIT,PL_HA_F0014_00,,
CSHR_PF015_01,CSHR_PF015_01_NAME,F,201003,FALSE,FALSE,STOR_01_JINKI_FIT,STOR_01_JINKI_FIT,PL_HA_F0015_00,,
CSHR_PF016_01,CSHR_PF016_01_NAME,F,201004,FALSE,FALSE,STOR_01_JINKI_FIT,STOR_01_JINKI_FIT,PL_HA_F0016_00,,
CSHR_PF017_01,CSHR_PF017_01_NAME,F,201005,FALSE,FALSE,STOR_01_JINKI_FIT,STOR_01_JINKI_FIT,PL_HA_F0017_00,,
CSHR_PF018_01,CSHR_PF018_01_NAME,F,201006,FALSE,FALSE,STOR_01_JINKI_FIT,STOR_01_JINKI_FIT,PL_HA_F0018_00,,
CSHR_PF019_01,CSHR_PF019_01_NAME,F,201007,FALSE,FALSE,STOR_01_JINKI_FIT,STOR_01_JINKI_FIT,PL_HA_F0019_00,,
CSHR_PF011_01,CSHR_PF011_01_NAME,F,201100,FALSE,TRUE,STOR_01_JINKI_FIT,STOR_07_BATTLE_AFTER_ENDING1,PL_HA_F0011_01,,
CSHR_PF011_02,CSHR_PF011_02_NAME,F,201200,FALSE,TRUE,STOR_01_JINKI_FIT,STOR_07_BATTLE_AFTER_ENDING1,PL_HA_F0011_02,,
CSHR_PF011_03,CSHR_PF011_03_NAME,F,201300,FALSE,TRUE,STOR_01_JINKI_FIT,STOR_07_BATTLE_AFTER_ENDING1,PL_HA_F0011_03,,
CSHR_PF011_04,CSHR_PF011_04_NAME,F,201400,FALSE,TRUE,STOR_01_JINKI_FIT,STOR_07_BATTLE_AFTER_ENDING1,PL_HA_F0011_04,,
CSHR_PF012_01,CSHR_PF012_01_NAME,F,201500,FALSE,TRUE,STOR_01_JINKI_FIT,STOR_07_BATTLE_AFTER_ENDING1,PL_HA_F0012_01,,
CSHR_PF012_02,CSHR_PF012_02_NAME,F,201600,FALSE,TRUE,STOR_01_JINKI_FIT,STOR_07_BATTLE_AFTER_ENDING1,PL_HA_F0012_02,,
CSHR_PF012_03,CSHR_PF012_03_NAME,F,201700,FALSE,TRUE,STOR_01_JINKI_FIT,STOR_07_BATTLE_AFTER_ENDING1,PL_HA_F0012_03,,
CSHR_PF012_04,CSHR_PF012_04_NAME,F,201800,FALSE,TRUE,STOR_01_JINKI_FIT,STOR_07_BATTLE_AFTER_ENDING1,PL_HA_F0012_04,,
CSHR_PF030_01,CSHR_PF030_01_NAME,F,201810,FALSE,FALSE,STOR_01_JINKI_FIT,STOR_01_JINKI_FIT,NP_HA_F0021_00,,
CSHR_PF031_01,CSHR_PF031_01_NAME,F,201820,FALSE,FALSE,STOR_01_JINKI_FIT,STOR_01_JINKI_FIT,NP_HA_F0011_00,,
CSHR_PF032_01,CSHR_PF032_01_NAME,F,201830,FALSE,FALSE,STOR_01_JINKI_FIT,STOR_01_JINKI_FIT,NP_HA_F0061_00,,
CSHR_PF033_01,CSHR_PF033_01_NAME,F,201840,FALSE,FALSE,STOR_01_JINKI_FIT,STOR_01_JINKI_FIT,NP_HA_F0191_00,,
CSHR_PF034_01,CSHR_PF034_01_NAME,F,201850,FALSE,FALSE,STOR_01_JINKI_FIT,STOR_01_JINKI_FIT,NP_HA_M0081_00,,
CSHR_PF035_01,CSHR_PF035_01_NAME,F,201850,FALSE,FALSE,STOR_01_JINKI_FIT,STOR_01_JINKI_FIT,NP_HA_F0999_00,,
CSHR_PF036_01,CSHR_PF036_01_NAME,F,201850,FALSE,FALSE,STOR_01_JINKI_FIT,STOR_01_JINKI_FIT,NP_HA_F0181_00,,
CSHR_PF037_01,CSHR_PF037_01_NAME,F,201850,FALSE,FALSE,STOR_01_JINKI_FIT,STOR_01_JINKI_FIT,NP_HA_F0201_00,,
CSHR_PF038_01,CSHR_PF038_01_NAME,F,201850,FALSE,FALSE,STOR_01_JINKI_FIT,STOR_01_JINKI_FIT,NP_HA_F0013_00,,
CSHR_PF039_01,CSHR_PF039_01_NAME,F,201850,FALSE,FALSE,STOR_01_JINKI_FIT,STOR_01_JINKI_FIT,NP_HA_M0172_00,,
CSHR_PF040_01,CSHR_PF040_01_NAME,F,201850,FALSE,FALSE,STOR_01_JINKI_FIT,STOR_01_JINKI_FIT,NP_HA_M0031_00,,
