tops_id,name_text_id,desc_text_id,gender,icon_id,sort_id,re_id,integrated_flag,btLimmited_flag,limmited_bottoms_id,dlcKey_id,dlcKey_id_nx,story_progress,story_progress_nx,mission_id,message_disable,message_disable_nx,release_require_id,release_require_param_1,release_require_param_2,release_require_param_3,unlock_pre_message_text_id,unlock_list_sort
CSTP_PM001_01_01,CSTP_PM001_01_01_NAME,CSTP_PM001_01_01_DESC,M,ICONC_EQUIP_CSTM_0003,101010,NP_TP_M0221_00,TRUE,FALSE,,,,,,,,,,,,,,
CSTP_PM001_01_02,CSTP_PM001_01_02_NAME,CSTP_PM001_01_02_DESC,M,ICONC_EQUIP_CSTM_0003,101020,PL_TP_M0011_02,TRUE,FALSE,,,,,,,,,,,,,,
CSTP_PM001_01_03,CSTP_PM001_01_03_NAME,CSTP_PM001_01_03_DESC,M,ICONC_EQUIP_CSTM_0003,101030,PL_TP_M0011_03,TRUE,FALSE,,,,,,,,,,,,,,
CSTP_PM001_01_04,CSTP_PM001_01_04_NAME,CSTP_PM001_01_04_DESC,M,ICONC_EQUIP_CSTM_0003,101040,PL_TP_M0011_04,TRUE,FALSE,,,,,,,,,,,,,,
CSTP_PM002_01_01,CSTP_PM002_01_01_NAME,CSTP_PM002_01_01_DESC,M,ICONC_EQUIP_CSTM_0001,102010,PL_TP_M0021_01,FALSE,FALSE,,,,,,,,,,,,,,
CSTP_PM002_02_01,CSTP_PM002_02_01_NAME,CSTP_PM002_02_01_DESC,M,ICONC_EQUIP_CSTM_0001,102020,PL_TP_M0022_01,FALSE,FALSE,,,,,,,,,,,,,,
CSTP_PM002_03_01,CSTP_PM002_03_01_NAME,CSTP_PM002_03_01_DESC,M,ICONC_EQUIP_CSTM_0001,102030,PL_TP_M0023_01,FALSE,FALSE,,,,,,,,,,,,,,
CSTP_PM002_04_01,CSTP_PM002_04_01_NAME,CSTP_PM002_04_01_DESC,M,ICONC_EQUIP_CSTM_0001,102040,PL_TP_M0024_01,FALSE,FALSE,,,,,,,,,,,,,,
CSTP_PM002_01_02,CSTP_PM002_01_02_NAME,CSTP_PM002_01_02_DESC,M,ICONC_EQUIP_CSTM_0001,102050,PL_TP_M0021_02,FALSE,FALSE,,,,,,,,,,,,,,
CSTP_PM002_02_02,CSTP_PM002_02_02_NAME,CSTP_PM002_02_02_DESC,M,ICONC_EQUIP_CSTM_0001,102060,PL_TP_M0022_02,FALSE,FALSE,,,,,,,,,,,,,,
CSTP_PM002_03_02,CSTP_PM002_03_02_NAME,CSTP_PM002_03_02_DESC,M,ICONC_EQUIP_CSTM_0001,102070,PL_TP_M0023_02,FALSE,FALSE,,,,,,,,,,,,,,
CSTP_PM002_04_02,CSTP_PM002_04_02_NAME,CSTP_PM002_04_02_DESC,M,ICONC_EQUIP_CSTM_0001,102080,PL_TP_M0024_02,FALSE,FALSE,,,,,,,,,,,,,,
CSTP_PM002_01_03,CSTP_PM002_01_03_NAME,CSTP_PM002_01_03_DESC,M,ICONC_EQUIP_CSTM_0001,102090,PL_TP_M0021_03,FALSE,FALSE,,,,,,,,,,,,,,
CSTP_PM002_02_03,CSTP_PM002_02_03_NAME,CSTP_PM002_02_03_DESC,M,ICONC_EQUIP_CSTM_0001,102100,PL_TP_M0022_03,FALSE,FALSE,,,,,,,,,,,,,,
CSTP_PM002_03_03,CSTP_PM002_03_03_NAME,CSTP_PM002_03_03_DESC,M,ICONC_EQUIP_CSTM_0001,102110,PL_TP_M0023_03,FALSE,FALSE,,,,,,,,,,,,,,
CSTP_PM002_04_03,CSTP_PM002_04_03_NAME,CSTP_PM002_04_03_DESC,M,ICONC_EQUIP_CSTM_0001,102120,PL_TP_M0024_03,FALSE,FALSE,,,,,,,,,,,,,,
CSTP_PM002_01_04,CSTP_PM002_01_04_NAME,CSTP_PM002_01_04_DESC,M,ICONC_EQUIP_CSTM_0001,102130,PL_TP_M0021_04,FALSE,FALSE,,,,,,,,,,,,,,
CSTP_PM002_02_04,CSTP_PM002_02_04_NAME,CSTP_PM002_02_04_DESC,M,ICONC_EQUIP_CSTM_0001,102140,PL_TP_M0022_04,FALSE,FALSE,,,,,,,,,,,,,,
CSTP_PM002_03_04,CSTP_PM002_03_04_NAME,CSTP_PM002_03_04_DESC,M,ICONC_EQUIP_CSTM_0001,102150,PL_TP_M0023_04,FALSE,FALSE,,,,,,,,,,,,,,
CSTP_PM002_04_04,CSTP_PM002_04_04_NAME,CSTP_PM002_04_04_DESC,M,ICONC_EQUIP_CSTM_0001,102160,PL_TP_M0024_04,FALSE,FALSE,,,,,,,,,,,,,,
CSTP_PM003_01_01,CSTP_PM003_01_01_NAME,CSTP_PM003_01_01_DESC,M,ICONC_EQUIP_CSTM_0001,103010,PL_TP_M0031_01,FALSE,FALSE,,,,,,,,,,,,,,
CSTP_PM003_02_01,CSTP_PM003_02_01_NAME,CSTP_PM003_02_01_DESC,M,ICONC_EQUIP_CSTM_0001,103020,PL_TP_M0032_01,FALSE,FALSE,,,,,,,,,,,,,,
CSTP_PM003_03_01,CSTP_PM003_03_01_NAME,CSTP_PM003_03_01_DESC,M,ICONC_EQUIP_CSTM_0001,103030,PL_TP_M0033_01,FALSE,FALSE,,,,,,,,,,,,,,
CSTP_PM003_04_01,CSTP_PM003_04_01_NAME,CSTP_PM003_04_01_DESC,M,ICONC_EQUIP_CSTM_0001,103040,PL_TP_M0034_01,FALSE,FALSE,,,,,,,,,,,,,,
CSTP_PM003_01_02,CSTP_PM003_01_02_NAME,CSTP_PM003_01_02_DESC,M,ICONC_EQUIP_CSTM_0001,103050,PL_TP_M0031_02,FALSE,FALSE,,,,,,,,,,,,,,
CSTP_PM003_02_02,CSTP_PM003_02_02_NAME,CSTP_PM003_02_02_DESC,M,ICONC_EQUIP_CSTM_0001,103060,PL_TP_M0032_02,FALSE,FALSE,,,,,,,,,,,,,,
CSTP_PM003_03_02,CSTP_PM003_03_02_NAME,CSTP_PM003_03_02_DESC,M,ICONC_EQUIP_CSTM_0001,103070,PL_TP_M0033_02,FALSE,FALSE,,,,,,,,,,,,,,
CSTP_PM003_04_02,CSTP_PM003_04_02_NAME,CSTP_PM003_04_02_DESC,M,ICONC_EQUIP_CSTM_0001,103080,PL_TP_M0034_02,FALSE,FALSE,,,,,,,,,,,,,,
CSTP_PM003_01_03,CSTP_PM003_01_03_NAME,CSTP_PM003_01_03_DESC,M,ICONC_EQUIP_CSTM_0001,103090,PL_TP_M0031_03,FALSE,FALSE,,,,,,,,,,,,,,
CSTP_PM003_02_03,CSTP_PM003_02_03_NAME,CSTP_PM003_02_03_DESC,M,ICONC_EQUIP_CSTM_0001,103100,PL_TP_M0032_03,FALSE,FALSE,,,,,,,,,,,,,,
CSTP_PM003_03_03,CSTP_PM003_03_03_NAME,CSTP_PM003_03_03_DESC,M,ICONC_EQUIP_CSTM_0001,103110,PL_TP_M0033_03,FALSE,FALSE,,,,,,,,,,,,,,
CSTP_PM003_04_03,CSTP_PM003_04_03_NAME,CSTP_PM003_04_03_DESC,M,ICONC_EQUIP_CSTM_0001,103120,PL_TP_M0034_03,FALSE,FALSE,,,,,,,,,,,,,,
CSTP_PM003_01_04,CSTP_PM003_01_04_NAME,CSTP_PM003_01_04_DESC,M,ICONC_EQUIP_CSTM_0001,103130,PL_TP_M0031_04,FALSE,FALSE,,,,,,,,,,,,,,
CSTP_PM003_02_04,CSTP_PM003_02_04_NAME,CSTP_PM003_02_04_DESC,M,ICONC_EQUIP_CSTM_0001,103140,PL_TP_M0032_04,FALSE,FALSE,,,,,,,,,,,,,,
CSTP_PM003_03_04,CSTP_PM003_03_04_NAME,CSTP_PM003_03_04_DESC,M,ICONC_EQUIP_CSTM_0001,103150,PL_TP_M0033_04,FALSE,FALSE,,,,,,,,,,,,,,
CSTP_PM003_04_04,CSTP_PM003_04_04_NAME,CSTP_PM003_04_04_DESC,M,ICONC_EQUIP_CSTM_0001,103160,PL_TP_M0034_04,FALSE,FALSE,,,,,,,,,,,,,,
CSTP_PM004_01_01,CSTP_PM004_01_01_NAME,CSTP_PM004_01_01_DESC,M,ICONC_EQUIP_CSTM_0001,104010,PL_TP_M0041_01,FALSE,FALSE,,,,,,,,,,,,,,
CSTP_PM004_02_01,CSTP_PM004_02_01_NAME,CSTP_PM004_02_01_DESC,M,ICONC_EQUIP_CSTM_0001,104020,PL_TP_M0042_01,FALSE,FALSE,,,,,,,,,,,,,,
CSTP_PM004_03_01,CSTP_PM004_03_01_NAME,CSTP_PM004_03_01_DESC,M,ICONC_EQUIP_CSTM_0001,104030,PL_TP_M0043_01,FALSE,FALSE,,,,,,,,,,,,,,
CSTP_PM004_04_01,CSTP_PM004_04_01_NAME,CSTP_PM004_04_01_DESC,M,ICONC_EQUIP_CSTM_0001,104040,PL_TP_M0044_01,FALSE,FALSE,,,,,,,,,,,,,,
CSTP_PM004_01_02,CSTP_PM004_01_02_NAME,CSTP_PM004_01_02_DESC,M,ICONC_EQUIP_CSTM_0001,104050,PL_TP_M0041_02,FALSE,FALSE,,,,,,,,,,,,,,
CSTP_PM004_02_02,CSTP_PM004_02_02_NAME,CSTP_PM004_02_02_DESC,M,ICONC_EQUIP_CSTM_0001,104060,PL_TP_M0042_02,FALSE,FALSE,,,,,,,,,,,,,,
CSTP_PM004_03_02,CSTP_PM004_03_02_NAME,CSTP_PM004_03_02_DESC,M,ICONC_EQUIP_CSTM_0001,104070,PL_TP_M0043_02,FALSE,FALSE,,,,,,,,,,,,,,
CSTP_PM004_04_02,CSTP_PM004_04_02_NAME,CSTP_PM004_04_02_DESC,M,ICONC_EQUIP_CSTM_0001,104080,PL_TP_M0044_02,FALSE,FALSE,,,,,,,,,,,,,,
CSTP_PM004_01_03,CSTP_PM004_01_03_NAME,CSTP_PM004_01_03_DESC,M,ICONC_EQUIP_CSTM_0001,104090,PL_TP_M0041_03,FALSE,FALSE,,,,,,,,,,,,,,
CSTP_PM004_02_03,CSTP_PM004_02_03_NAME,CSTP_PM004_02_03_DESC,M,ICONC_EQUIP_CSTM_0001,104100,PL_TP_M0042_03,FALSE,FALSE,,,,,,,,,,,,,,
CSTP_PM004_03_03,CSTP_PM004_03_03_NAME,CSTP_PM004_03_03_DESC,M,ICONC_EQUIP_CSTM_0001,104110,PL_TP_M0043_03,FALSE,FALSE,,,,,,,,,,,,,,
CSTP_PM004_04_03,CSTP_PM004_04_03_NAME,CSTP_PM004_04_03_DESC,M,ICONC_EQUIP_CSTM_0001,104120,PL_TP_M0044_03,FALSE,FALSE,,,,,,,,,,,,,,
CSTP_PM004_01_04,CSTP_PM004_01_04_NAME,CSTP_PM004_01_04_DESC,M,ICONC_EQUIP_CSTM_0001,104130,PL_TP_M0041_04,FALSE,FALSE,,,,,,,,,,,,,,
CSTP_PM004_02_04,CSTP_PM004_02_04_NAME,CSTP_PM004_02_04_DESC,M,ICONC_EQUIP_CSTM_0001,104140,PL_TP_M0042_04,FALSE,FALSE,,,,,,,,,,,,,,
CSTP_PM004_03_04,CSTP_PM004_03_04_NAME,CSTP_PM004_03_04_DESC,M,ICONC_EQUIP_CSTM_0001,104150,PL_TP_M0043_04,FALSE,FALSE,,,,,,,,,,,,,,
CSTP_PM004_04_04,CSTP_PM004_04_04_NAME,CSTP_PM004_04_04_DESC,M,ICONC_EQUIP_CSTM_0001,104160,PL_TP_M0044_04,FALSE,FALSE,,,,,,,,,,,,,,
CSTP_PM005_01_01,CSTP_PM005_01_01_NAME,CSTP_PM005_01_01_DESC,M,ICONC_EQUIP_CSTM_0001,105010,PL_TP_M0051_01,FALSE,FALSE,,,,,,,,,,,,,,
CSTP_PM005_02_01,CSTP_PM005_02_01_NAME,CSTP_PM005_02_01_DESC,M,ICONC_EQUIP_CSTM_0001,105020,PL_TP_M0052_01,FALSE,FALSE,,,,,,,,,,,,,,
CSTP_PM005_03_01,CSTP_PM005_03_01_NAME,CSTP_PM005_03_01_DESC,M,ICONC_EQUIP_CSTM_0001,105030,PL_TP_M0053_01,FALSE,FALSE,,,,,,,,,,,,,,
CSTP_PM005_04_01,CSTP_PM005_04_01_NAME,CSTP_PM005_04_01_DESC,M,ICONC_EQUIP_CSTM_0001,105040,PL_TP_M0054_01,FALSE,FALSE,,,,,,,,,,,,,,
CSTP_PM005_01_02,CSTP_PM005_01_02_NAME,CSTP_PM005_01_02_DESC,M,ICONC_EQUIP_CSTM_0001,105050,PL_TP_M0051_02,FALSE,FALSE,,,,,,,,,,,,,,
CSTP_PM005_02_02,CSTP_PM005_02_02_NAME,CSTP_PM005_02_02_DESC,M,ICONC_EQUIP_CSTM_0001,105060,PL_TP_M0052_02,FALSE,FALSE,,,,,,,,,,,,,,
CSTP_PM005_03_02,CSTP_PM005_03_02_NAME,CSTP_PM005_03_02_DESC,M,ICONC_EQUIP_CSTM_0001,105070,PL_TP_M0053_02,FALSE,FALSE,,,,,,,,,,,,,,
CSTP_PM005_04_02,CSTP_PM005_04_02_NAME,CSTP_PM005_04_02_DESC,M,ICONC_EQUIP_CSTM_0001,105080,PL_TP_M0054_02,FALSE,FALSE,,,,,,,,,,,,,,
CSTP_PM005_01_03,CSTP_PM005_01_03_NAME,CSTP_PM005_01_03_DESC,M,ICONC_EQUIP_CSTM_0001,105090,PL_TP_M0051_03,FALSE,FALSE,,,,,,,,,,,,,,
CSTP_PM005_02_03,CSTP_PM005_02_03_NAME,CSTP_PM005_02_03_DESC,M,ICONC_EQUIP_CSTM_0001,105100,PL_TP_M0052_03,FALSE,FALSE,,,,,,,,,,,,,,
CSTP_PM005_03_03,CSTP_PM005_03_03_NAME,CSTP_PM005_03_03_DESC,M,ICONC_EQUIP_CSTM_0001,105110,PL_TP_M0053_03,FALSE,FALSE,,,,,,,,,,,,,,
CSTP_PM005_04_03,CSTP_PM005_04_03_NAME,CSTP_PM005_04_03_DESC,M,ICONC_EQUIP_CSTM_0001,105120,PL_TP_M0054_03,FALSE,FALSE,,,,,,,,,,,,,,
CSTP_PM005_01_04,CSTP_PM005_01_04_NAME,CSTP_PM005_01_04_DESC,M,ICONC_EQUIP_CSTM_0001,105130,PL_TP_M0051_04,FALSE,FALSE,,,,,,,,,,,,,,
CSTP_PM005_02_04,CSTP_PM005_02_04_NAME,CSTP_PM005_02_04_DESC,M,ICONC_EQUIP_CSTM_0001,105140,PL_TP_M0052_04,FALSE,FALSE,,,,,,,,,,,,,,
CSTP_PM005_03_04,CSTP_PM005_03_04_NAME,CSTP_PM005_03_04_DESC,M,ICONC_EQUIP_CSTM_0001,105150,PL_TP_M0053_04,FALSE,FALSE,,,,,,,,,,,,,,
CSTP_PM005_04_04,CSTP_PM005_04_04_NAME,CSTP_PM005_04_04_DESC,M,ICONC_EQUIP_CSTM_0001,105160,PL_TP_M0054_04,FALSE,FALSE,,,,,,,,,,,,,,
CSTP_PM006_01_01,CSTP_PM006_01_01_NAME,CSTP_PM006_01_01_DESC,M,ICONC_EQUIP_CSTM_0001,106010,PL_TP_M0061_01,FALSE,FALSE,,,,,,,,,,,,,,
CSTP_PM006_02_01,CSTP_PM006_02_01_NAME,CSTP_PM006_02_01_DESC,M,ICONC_EQUIP_CSTM_0001,106020,PL_TP_M0062_01,FALSE,FALSE,,,,,,,,,,,,,,
CSTP_PM006_03_01,CSTP_PM006_03_01_NAME,CSTP_PM006_03_01_DESC,M,ICONC_EQUIP_CSTM_0001,106030,PL_TP_M0063_01,FALSE,FALSE,,,,,,,,,,,,,,
CSTP_PM006_04_01,CSTP_PM006_04_01_NAME,CSTP_PM006_04_01_DESC,M,ICONC_EQUIP_CSTM_0001,106040,PL_TP_M0064_01,FALSE,FALSE,,,,,,,,,,,,,,
CSTP_PM006_01_02,CSTP_PM006_01_02_NAME,CSTP_PM006_01_02_DESC,M,ICONC_EQUIP_CSTM_0001,106050,PL_TP_M0061_02,FALSE,FALSE,,,,,,,,,,,,,,
CSTP_PM006_02_02,CSTP_PM006_02_02_NAME,CSTP_PM006_02_02_DESC,M,ICONC_EQUIP_CSTM_0001,106060,PL_TP_M0062_02,FALSE,FALSE,,,,,,,,,,,,,,
CSTP_PM006_03_02,CSTP_PM006_03_02_NAME,CSTP_PM006_03_02_DESC,M,ICONC_EQUIP_CSTM_0001,106070,PL_TP_M0063_02,FALSE,FALSE,,,,,,,,,,,,,,
CSTP_PM006_04_02,CSTP_PM006_04_02_NAME,CSTP_PM006_04_02_DESC,M,ICONC_EQUIP_CSTM_0001,106080,PL_TP_M0064_02,FALSE,FALSE,,,,,,,,,,,,,,
CSTP_PM006_01_03,CSTP_PM006_01_03_NAME,CSTP_PM006_01_03_DESC,M,ICONC_EQUIP_CSTM_0001,106090,PL_TP_M0061_03,FALSE,FALSE,,,,,,,,,,,,,,
CSTP_PM006_02_03,CSTP_PM006_02_03_NAME,CSTP_PM006_02_03_DESC,M,ICONC_EQUIP_CSTM_0001,106100,PL_TP_M0062_03,FALSE,FALSE,,,,,,,,,,,,,,
CSTP_PM006_03_03,CSTP_PM006_03_03_NAME,CSTP_PM006_03_03_DESC,M,ICONC_EQUIP_CSTM_0001,106110,PL_TP_M0063_03,FALSE,FALSE,,,,,,,,,,,,,,
CSTP_PM006_04_03,CSTP_PM006_04_03_NAME,CSTP_PM006_04_03_DESC,M,ICONC_EQUIP_CSTM_0001,106120,PL_TP_M0064_03,FALSE,FALSE,,,,,,,,,,,,,,
CSTP_PM006_01_04,CSTP_PM006_01_04_NAME,CSTP_PM006_01_04_DESC,M,ICONC_EQUIP_CSTM_0001,106130,PL_TP_M0061_04,FALSE,FALSE,,,,,,,,,,,,,,
CSTP_PM006_02_04,CSTP_PM006_02_04_NAME,CSTP_PM006_02_04_DESC,M,ICONC_EQUIP_CSTM_0001,106140,PL_TP_M0062_04,FALSE,FALSE,,,,,,,,,,,,,,
CSTP_PM006_03_04,CSTP_PM006_03_04_NAME,CSTP_PM006_03_04_DESC,M,ICONC_EQUIP_CSTM_0001,106150,PL_TP_M0063_04,FALSE,FALSE,,,,,,,,,,,,,,
CSTP_PM006_04_04,CSTP_PM006_04_04_NAME,CSTP_PM006_04_04_DESC,M,ICONC_EQUIP_CSTM_0001,106160,PL_TP_M0064_04,FALSE,FALSE,,,,,,,,,,,,,,
CSTP_PM007_01_01,CSTP_PM007_01_01_NAME,CSTP_PM007_01_01_DESC,M,ICONC_EQUIP_CSTM_0001,107010,PL_TP_M0071_01,FALSE,FALSE,,,,,,,,,,,,,,
CSTP_PM007_02_01,CSTP_PM007_02_01_NAME,CSTP_PM007_02_01_DESC,M,ICONC_EQUIP_CSTM_0001,107020,PL_TP_M0072_01,FALSE,FALSE,,,,,,,,,,,,,,
CSTP_PM007_03_01,CSTP_PM007_03_01_NAME,CSTP_PM007_03_01_DESC,M,ICONC_EQUIP_CSTM_0001,107030,PL_TP_M0073_01,FALSE,FALSE,,,,,,,,,,,,,,
CSTP_PM007_04_01,CSTP_PM007_04_01_NAME,CSTP_PM007_04_01_DESC,M,ICONC_EQUIP_CSTM_0001,107040,PL_TP_M0074_01,FALSE,FALSE,,,,,,,,,,,,,,
CSTP_PM007_01_02,CSTP_PM007_01_02_NAME,CSTP_PM007_01_02_DESC,M,ICONC_EQUIP_CSTM_0001,107050,PL_TP_M0071_02,FALSE,FALSE,,,,,,,,,,,,,,
CSTP_PM007_02_02,CSTP_PM007_02_02_NAME,CSTP_PM007_02_02_DESC,M,ICONC_EQUIP_CSTM_0001,107060,PL_TP_M0072_02,FALSE,FALSE,,,,,,,,,,,,,,
CSTP_PM007_03_02,CSTP_PM007_03_02_NAME,CSTP_PM007_03_02_DESC,M,ICONC_EQUIP_CSTM_0001,107070,PL_TP_M0073_02,FALSE,FALSE,,,,,,,,,,,,,,
CSTP_PM007_04_02,CSTP_PM007_04_02_NAME,CSTP_PM007_04_02_DESC,M,ICONC_EQUIP_CSTM_0001,107080,PL_TP_M0074_02,FALSE,FALSE,,,,,,,,,,,,,,
CSTP_PM007_01_03,CSTP_PM007_01_03_NAME,CSTP_PM007_01_03_DESC,M,ICONC_EQUIP_CSTM_0001,107090,PL_TP_M0071_03,FALSE,FALSE,,,,,,,,,,,,,,
CSTP_PM007_02_03,CSTP_PM007_02_03_NAME,CSTP_PM007_02_03_DESC,M,ICONC_EQUIP_CSTM_0001,107100,PL_TP_M0072_03,FALSE,FALSE,,,,,,,,,,,,,,
CSTP_PM007_03_03,CSTP_PM007_03_03_NAME,CSTP_PM007_03_03_DESC,M,ICONC_EQUIP_CSTM_0001,107110,PL_TP_M0073_03,FALSE,FALSE,,,,,,,,,,,,,,
CSTP_PM007_04_03,CSTP_PM007_04_03_NAME,CSTP_PM007_04_03_DESC,M,ICONC_EQUIP_CSTM_0001,107120,PL_TP_M0074_03,FALSE,FALSE,,,,,,,,,,,,,,
CSTP_PM007_01_04,CSTP_PM007_01_04_NAME,CSTP_PM007_01_04_DESC,M,ICONC_EQUIP_CSTM_0001,107130,PL_TP_M0071_04,FALSE,FALSE,,,,,,,,,,,,,,
CSTP_PM007_02_04,CSTP_PM007_02_04_NAME,CSTP_PM007_02_04_DESC,M,ICONC_EQUIP_CSTM_0001,107140,PL_TP_M0072_04,FALSE,FALSE,,,,,,,,,,,,,,
CSTP_PM007_03_04,CSTP_PM007_03_04_NAME,CSTP_PM007_03_04_DESC,M,ICONC_EQUIP_CSTM_0001,107150,PL_TP_M0073_04,FALSE,FALSE,,,,,,,,,,,,,,
CSTP_PM007_04_04,CSTP_PM007_04_04_NAME,CSTP_PM007_04_04_DESC,M,ICONC_EQUIP_CSTM_0001,107160,PL_TP_M0074_04,FALSE,FALSE,,,,,,,,,,,,,,
CSTP_PM008_01_01,CSTP_PM008_01_01_NAME,CSTP_PM008_01_01_DESC,M,ICONC_EQUIP_CSTM_0001,108010,PL_TP_M0081_01,FALSE,FALSE,,,,,,,,,,,,,,
CSTP_PM008_02_01,CSTP_PM008_02_01_NAME,CSTP_PM008_02_01_DESC,M,ICONC_EQUIP_CSTM_0001,108020,PL_TP_M0082_01,FALSE,FALSE,,,,,,,,,,,,,,
CSTP_PM008_03_01,CSTP_PM008_03_01_NAME,CSTP_PM008_03_01_DESC,M,ICONC_EQUIP_CSTM_0001,108030,PL_TP_M0083_01,FALSE,FALSE,,,,,,,,,,,,,,
CSTP_PM008_04_01,CSTP_PM008_04_01_NAME,CSTP_PM008_04_01_DESC,M,ICONC_EQUIP_CSTM_0001,108040,PL_TP_M0084_01,FALSE,FALSE,,,,,,,,,,,,,,
CSTP_PM008_01_02,CSTP_PM008_01_02_NAME,CSTP_PM008_01_02_DESC,M,ICONC_EQUIP_CSTM_0001,108050,PL_TP_M0081_02,FALSE,FALSE,,,,,,,,,,,,,,
CSTP_PM008_02_02,CSTP_PM008_02_02_NAME,CSTP_PM008_02_02_DESC,M,ICONC_EQUIP_CSTM_0001,108060,PL_TP_M0082_02,FALSE,FALSE,,,,,,,,,,,,,,
CSTP_PM008_03_02,CSTP_PM008_03_02_NAME,CSTP_PM008_03_02_DESC,M,ICONC_EQUIP_CSTM_0001,108070,PL_TP_M0083_02,FALSE,FALSE,,,,,,,,,,,,,,
CSTP_PM008_04_02,CSTP_PM008_04_02_NAME,CSTP_PM008_04_02_DESC,M,ICONC_EQUIP_CSTM_0001,108080,PL_TP_M0084_02,FALSE,FALSE,,,,,,,,,,,,,,
CSTP_PM008_01_03,CSTP_PM008_01_03_NAME,CSTP_PM008_01_03_DESC,M,ICONC_EQUIP_CSTM_0001,108090,PL_TP_M0081_03,FALSE,FALSE,,,,,,,,,,,,,,
CSTP_PM008_02_03,CSTP_PM008_02_03_NAME,CSTP_PM008_02_03_DESC,M,ICONC_EQUIP_CSTM_0001,108100,PL_TP_M0082_03,FALSE,FALSE,,,,,,,,,,,,,,
CSTP_PM008_03_03,CSTP_PM008_03_03_NAME,CSTP_PM008_03_03_DESC,M,ICONC_EQUIP_CSTM_0001,108110,PL_TP_M0083_03,FALSE,FALSE,,,,,,,,,,,,,,
CSTP_PM008_04_03,CSTP_PM008_04_03_NAME,CSTP_PM008_04_03_DESC,M,ICONC_EQUIP_CSTM_0001,108120,PL_TP_M0084_03,FALSE,FALSE,,,,,,,,,,,,,,
CSTP_PM008_01_04,CSTP_PM008_01_04_NAME,CSTP_PM008_01_04_DESC,M,ICONC_EQUIP_CSTM_0001,108130,PL_TP_M0081_04,FALSE,FALSE,,,,,,,,,,,,,,
CSTP_PM008_02_04,CSTP_PM008_02_04_NAME,CSTP_PM008_02_04_DESC,M,ICONC_EQUIP_CSTM_0001,108140,PL_TP_M0082_04,FALSE,FALSE,,,,,,,,,,,,,,
CSTP_PM008_03_04,CSTP_PM008_03_04_NAME,CSTP_PM008_03_04_DESC,M,ICONC_EQUIP_CSTM_0001,108150,PL_TP_M0083_04,FALSE,FALSE,,,,,,,,,,,,,,
CSTP_PM008_04_04,CSTP_PM008_04_04_NAME,CSTP_PM008_04_04_DESC,M,ICONC_EQUIP_CSTM_0001,108160,PL_TP_M0084_04,FALSE,FALSE,,,,,,,,,,,,,,
CSTP_PM009_01_01,CSTP_PM009_01_01_NAME,CSTP_PM009_01_01_DESC,M,ICONC_EQUIP_CSTM_0001,109010,PL_TP_M0091_01,FALSE,FALSE,,,,,,,,,,,,,,
CSTP_PM009_02_01,CSTP_PM009_02_01_NAME,CSTP_PM009_02_01_DESC,M,ICONC_EQUIP_CSTM_0001,109020,PL_TP_M0092_01,FALSE,FALSE,,,,,,,,,,,,,,
CSTP_PM009_03_01,CSTP_PM009_03_01_NAME,CSTP_PM009_03_01_DESC,M,ICONC_EQUIP_CSTM_0001,109030,PL_TP_M0093_01,FALSE,FALSE,,,,,,,,,,,,,,
CSTP_PM009_04_01,CSTP_PM009_04_01_NAME,CSTP_PM009_04_01_DESC,M,ICONC_EQUIP_CSTM_0001,109040,PL_TP_M0094_01,FALSE,FALSE,,,,,,,,,,,,,,
CSTP_PM009_01_02,CSTP_PM009_01_02_NAME,CSTP_PM009_01_02_DESC,M,ICONC_EQUIP_CSTM_0001,109050,PL_TP_M0091_02,FALSE,FALSE,,,,,,,,,,,,,,
CSTP_PM009_02_02,CSTP_PM009_02_02_NAME,CSTP_PM009_02_02_DESC,M,ICONC_EQUIP_CSTM_0001,109060,PL_TP_M0092_02,FALSE,FALSE,,,,,,,,,,,,,,
CSTP_PM009_03_02,CSTP_PM009_03_02_NAME,CSTP_PM009_03_02_DESC,M,ICONC_EQUIP_CSTM_0001,109070,PL_TP_M0093_02,FALSE,FALSE,,,,,,,,,,,,,,
CSTP_PM009_04_02,CSTP_PM009_04_02_NAME,CSTP_PM009_04_02_DESC,M,ICONC_EQUIP_CSTM_0001,109080,PL_TP_M0094_02,FALSE,FALSE,,,,,,,,,,,,,,
CSTP_PM009_01_03,CSTP_PM009_01_03_NAME,CSTP_PM009_01_03_DESC,M,ICONC_EQUIP_CSTM_0001,109090,PL_TP_M0091_03,FALSE,FALSE,,,,,,,,,,,,,,
CSTP_PM009_02_03,CSTP_PM009_02_03_NAME,CSTP_PM009_02_03_DESC,M,ICONC_EQUIP_CSTM_0001,109100,PL_TP_M0092_03,FALSE,FALSE,,,,,,,,,,,,,,
CSTP_PM009_03_03,CSTP_PM009_03_03_NAME,CSTP_PM009_03_03_DESC,M,ICONC_EQUIP_CSTM_0001,109110,PL_TP_M0093_03,FALSE,FALSE,,,,,,,,,,,,,,
CSTP_PM009_04_03,CSTP_PM009_04_03_NAME,CSTP_PM009_04_03_DESC,M,ICONC_EQUIP_CSTM_0001,109120,PL_TP_M0094_03,FALSE,FALSE,,,,,,,,,,,,,,
CSTP_PM009_01_04,CSTP_PM009_01_04_NAME,CSTP_PM009_01_04_DESC,M,ICONC_EQUIP_CSTM_0001,109130,PL_TP_M0091_04,FALSE,FALSE,,,,,,,,,,,,,,
CSTP_PM009_02_04,CSTP_PM009_02_04_NAME,CSTP_PM009_02_04_DESC,M,ICONC_EQUIP_CSTM_0001,109140,PL_TP_M0092_04,FALSE,FALSE,,,,,,,,,,,,,,
CSTP_PM009_03_04,CSTP_PM009_03_04_NAME,CSTP_PM009_03_04_DESC,M,ICONC_EQUIP_CSTM_0001,109150,PL_TP_M0093_04,FALSE,FALSE,,,,,,,,,,,,,,
CSTP_PM009_04_04,CSTP_PM009_04_04_NAME,CSTP_PM009_04_04_DESC,M,ICONC_EQUIP_CSTM_0001,109160,PL_TP_M0094_04,FALSE,FALSE,,,,,,,,,,,,,,
CSTP_PM012_01_01,CSTP_PM012_01_01_NAME,CSTP_PM012_01_01_DESC,M,ICONC_EQUIP_CSTM_0001,110010,PL_TP_M0121_01,FALSE,FALSE,,,,,,MSCN_07_008,,,,,,,,
CSTP_PM012_01_02,CSTP_PM012_01_02_NAME,CSTP_PM012_01_02_DESC,M,ICONC_EQUIP_CSTM_0001,110020,PL_TP_M0121_02,FALSE,FALSE,,,,,,MSCN_07_013,,,,,,,,
CSTP_PM012_01_03,CSTP_PM012_01_03_NAME,CSTP_PM012_01_03_DESC,M,ICONC_EQUIP_CSTM_0001,110030,PL_TP_M0121_03,FALSE,FALSE,,,,,,MSCN_07_008,,,,,,,,
CSTP_PM012_01_04,CSTP_PM012_01_04_NAME,CSTP_PM012_01_04_DESC,M,ICONC_EQUIP_CSTM_0001,110040,PL_TP_M0121_04,FALSE,FALSE,,,,,,MSCN_07_013,,,,,,,,
CSTP_PM012_01_05,CSTP_PM012_01_05_NAME,CSTP_PM012_01_05_DESC,M,ICONC_EQUIP_CSTM_0001,110050,PL_TP_M0121_05,FALSE,FALSE,,,,,,MSCN_07_018,,,,,,,,
CSTP_PM013_01_01,CSTP_PM013_01_01_NAME,CSTP_PM013_01_01_DESC,M,ICONC_EQUIP_CSTM_0001,109210,PL_TP_M0131_01,FALSE,FALSE,,,,STOR_01_JINKI_FIT,STOR_01_JINKI_FIT,,1,1,,,,,,
CSTP_PM013_01_02,CSTP_PM013_01_02_NAME,CSTP_PM013_01_02_DESC,M,ICONC_EQUIP_CSTM_0001,109220,PL_TP_M0131_02,FALSE,FALSE,,,,STOR_01_JINKI_FIT,STOR_01_JINKI_FIT,,1,1,,,,,,
CSTP_PM013_01_03,CSTP_PM013_01_03_NAME,CSTP_PM013_01_03_DESC,M,ICONC_EQUIP_CSTM_0001,109230,PL_TP_M0131_03,FALSE,FALSE,,,,STOR_01_JINKI_FIT,STOR_01_JINKI_FIT,,1,1,,,,,,
CSTP_PM013_01_04,CSTP_PM013_01_04_NAME,CSTP_PM013_01_04_DESC,M,ICONC_EQUIP_CSTM_0001,109240,PL_TP_M0131_04,FALSE,FALSE,,,,STOR_01_JINKI_FIT,STOR_01_JINKI_FIT,,1,1,,,,,,
CSTP_PM014_01_01,CSTP_PM014_01_01_NAME,CSTP_PM014_01_01_DESC,M,ICONC_EQUIP_CSTM_0001,109310,PL_TP_M0141_01,FALSE,FALSE,,,,STOR_01_JINKI_FIT,STOR_01_JINKI_FIT,,1,1,,,,,,
CSTP_PM014_01_02,CSTP_PM014_01_02_NAME,CSTP_PM014_01_02_DESC,M,ICONC_EQUIP_CSTM_0001,109320,PL_TP_M0141_02,FALSE,FALSE,,,,STOR_01_JINKI_FIT,STOR_01_JINKI_FIT,,1,1,,,,,,
CSTP_PM014_01_03,CSTP_PM014_01_03_NAME,CSTP_PM014_01_03_DESC,M,ICONC_EQUIP_CSTM_0001,109330,PL_TP_M0141_03,FALSE,FALSE,,,,STOR_01_JINKI_FIT,STOR_01_JINKI_FIT,,1,1,,,,,,
CSTP_PM014_01_04,CSTP_PM014_01_04_NAME,CSTP_PM014_01_04_DESC,M,ICONC_EQUIP_CSTM_0001,109340,PL_TP_M0141_04,FALSE,FALSE,,,,STOR_01_JINKI_FIT,STOR_01_JINKI_FIT,,1,1,,,,,,
CSTP_PM015_01_01,CSTP_PM015_01_01_NAME,CSTP_PM015_01_01_DESC,M,ICONC_EQUIP_CSTM_0001,109410,PL_TP_M0151_01,FALSE,FALSE,,,,STOR_01_JINKI_FIT,STOR_01_JINKI_FIT,,1,1,,,,,,
CSTP_PM015_01_02,CSTP_PM015_01_02_NAME,CSTP_PM015_01_02_DESC,M,ICONC_EQUIP_CSTM_0001,109420,PL_TP_M0151_02,FALSE,FALSE,,,,STOR_01_JINKI_FIT,STOR_01_JINKI_FIT,,1,1,,,,,,
CSTP_PM015_01_03,CSTP_PM015_01_03_NAME,CSTP_PM015_01_03_DESC,M,ICONC_EQUIP_CSTM_0001,109430,PL_TP_M0151_03,FALSE,FALSE,,,,STOR_01_JINKI_FIT,STOR_01_JINKI_FIT,,1,1,,,,,,
CSTP_PM015_01_04,CSTP_PM015_01_04_NAME,CSTP_PM015_01_04_DESC,M,ICONC_EQUIP_CSTM_0001,109440,PL_TP_M0151_04,FALSE,FALSE,,,,STOR_01_JINKI_FIT,STOR_01_JINKI_FIT,,1,1,,,,,,
CSTP_PM016_01_01,CSTP_PM016_01_01_NAME,CSTP_PM016_01_01_DESC,M,ICONC_EQUIP_CSTM_0001,109510,PL_TP_M0161_01,FALSE,FALSE,,,,,,MSCN_07_008,,,,,,,,
CSTP_PM016_01_02,CSTP_PM016_01_02_NAME,CSTP_PM016_01_02_DESC,M,ICONC_EQUIP_CSTM_0001,109520,PL_TP_M0161_02,FALSE,FALSE,,,,,,MSCN_07_013,,,,,,,,
CSTP_PM016_01_03,CSTP_PM016_01_03_NAME,CSTP_PM016_01_03_DESC,M,ICONC_EQUIP_CSTM_0001,109530,PL_TP_M0161_03,FALSE,FALSE,,,,,,MSCN_07_008,,,,,,,,
CSTP_PM016_01_04,CSTP_PM016_01_04_NAME,CSTP_PM016_01_04_DESC,M,ICONC_EQUIP_CSTM_0001,109540,PL_TP_M0161_04,FALSE,FALSE,,,,,,MSCN_07_008,,,,,,,,
CSTP_PM017_01_01,CSTP_PM017_01_01_NAME,CSTP_PM017_01_01_DESC,M,ICONC_EQUIP_CSTM_0001,109610,PL_TP_M0171_01,FALSE,FALSE,,,,,,MSCN_07_013,,,,,,,,
CSTP_PM017_01_02,CSTP_PM017_01_02_NAME,CSTP_PM017_01_02_DESC,M,ICONC_EQUIP_CSTM_0001,109620,PL_TP_M0171_02,FALSE,FALSE,,,,,,MSCN_07_008,,,,,,,,
CSTP_PM017_01_03,CSTP_PM017_01_03_NAME,CSTP_PM017_01_03_DESC,M,ICONC_EQUIP_CSTM_0001,109630,PL_TP_M0171_03,FALSE,FALSE,,,,,,MSCN_07_013,,,,,,,,
CSTP_PM017_01_04,CSTP_PM017_01_04_NAME,CSTP_PM017_01_04_DESC,M,ICONC_EQUIP_CSTM_0001,109640,PL_TP_M0171_04,FALSE,FALSE,,,,,,MSCN_07_013,,,,,,,,
CSTP_PM018_01_01,CSTP_PM018_01_01_NAME,CSTP_PM018_01_01_DESC,M,ICONC_EQUIP_CSTM_0003,117010,PL_TP_M0181_01,TRUE,FALSE,,10,10,,,,,,,,,,,
CSTP_PM019_01_01,CSTP_PM019_01_01_NAME,CSTP_PM019_01_01_DESC,M,ICONC_EQUIP_CSTM_0003,117050,PL_TP_M0191_01,TRUE,FALSE,,,,STOR_01_JINKI_FIT,INVALID,,1,1,,,,,,
CSTP_PM022_01_01,CSTP_PM022_01_01_NAME,CSTP_PM022_01_01_DESC,M,ICONC_EQUIP_CSTM_0001,116010,PL_TP_M0221_01,FALSE,FALSE,,,,STOR_07_BATTLE_AFTER_ENDING1,STOR_07_BATTLE_AFTER_ENDING1,,,,,,,,,
CSTP_PM022_01_02,CSTP_PM022_01_02_NAME,CSTP_PM022_01_02_DESC,M,ICONC_EQUIP_CSTM_0001,116020,PL_TP_M0221_02,FALSE,FALSE,,,,STOR_07_BATTLE_AFTER_ENDING1,STOR_07_BATTLE_AFTER_ENDING1,,,,,,,,,
CSTP_PM022_01_03,CSTP_PM022_01_03_NAME,CSTP_PM022_01_03_DESC,M,ICONC_EQUIP_CSTM_0001,116030,PL_TP_M0221_03,FALSE,FALSE,,,,STOR_07_BATTLE_AFTER_ENDING1,STOR_07_BATTLE_AFTER_ENDING1,,,,,,,,,
CSTP_PM022_01_04,CSTP_PM022_01_04_NAME,CSTP_PM022_01_04_DESC,M,ICONC_EQUIP_CSTM_0001,116040,PL_TP_M0221_04,FALSE,FALSE,,,,STOR_07_BATTLE_AFTER_ENDING1,STOR_07_BATTLE_AFTER_ENDING1,,,,,,,,,
CSTP_PM023_01_01,CSTP_PM023_01_01_NAME,CSTP_PM023_01_01_DESC,M,ICONC_EQUIP_CSTM_0001,116050,PL_TP_M0231_01,FALSE,FALSE,,,,STOR_07_BATTLE_AFTER_ENDING1,STOR_07_BATTLE_AFTER_ENDING1,,,,,,,,,
CSTP_PM023_01_02,CSTP_PM023_01_02_NAME,CSTP_PM023_01_02_DESC,M,ICONC_EQUIP_CSTM_0001,116060,PL_TP_M0231_02,FALSE,FALSE,,,,STOR_07_BATTLE_AFTER_ENDING1,STOR_07_BATTLE_AFTER_ENDING1,,,,,,,,,
CSTP_PM023_01_03,CSTP_PM023_01_03_NAME,CSTP_PM023_01_03_DESC,M,ICONC_EQUIP_CSTM_0001,116070,PL_TP_M0231_03,FALSE,FALSE,,,,STOR_07_BATTLE_AFTER_ENDING1,STOR_07_BATTLE_AFTER_ENDING1,,,,,,,,,
CSTP_PM023_01_04,CSTP_PM023_01_04_NAME,CSTP_PM023_01_04_DESC,M,ICONC_EQUIP_CSTM_0001,116080,PL_TP_M0231_04,FALSE,FALSE,,,,STOR_07_BATTLE_AFTER_ENDING1,STOR_07_BATTLE_AFTER_ENDING1,,,,,,,,,
CSTP_PM024_01_01,CSTP_PM024_01_01_NAME,CSTP_PM024_01_01_DESC,M,ICONC_EQUIP_CSTM_0003,116090,PL_TP_M0241_01,TRUE,FALSE,,,,STOR_07_BATTLE_AFTER_ENDING1,STOR_07_BATTLE_AFTER_ENDING1,,,,,,,,,
CSTP_PM024_01_02,CSTP_PM024_01_02_NAME,CSTP_PM024_01_02_DESC,M,ICONC_EQUIP_CSTM_0003,116100,PL_TP_M0241_02,TRUE,FALSE,,,,STOR_07_BATTLE_AFTER_ENDING1,STOR_07_BATTLE_AFTER_ENDING1,,,,,,,,,
CSTP_PM024_01_03,CSTP_PM024_01_03_NAME,CSTP_PM024_01_03_DESC,M,ICONC_EQUIP_CSTM_0003,116110,PL_TP_M0241_03,TRUE,FALSE,,,,STOR_07_BATTLE_AFTER_ENDING1,STOR_07_BATTLE_AFTER_ENDING1,,,,,,,,,
CSTP_PM024_01_04,CSTP_PM024_01_04_NAME,CSTP_PM024_01_04_DESC,M,ICONC_EQUIP_CSTM_0003,116120,PL_TP_M0241_04,TRUE,FALSE,,,,STOR_07_BATTLE_AFTER_ENDING1,STOR_07_BATTLE_AFTER_ENDING1,,,,,,,,,
CSTP_PM025_01_01,CSTP_PM025_01_01_NAME,CSTP_PM025_01_01_DESC,M,ICONC_EQUIP_CSTM_0001,116130,PL_TP_M0251_01,FALSE,FALSE,,,,STOR_01_JINKI_FIT,STOR_01_JINKI_FIT,,1,1,,,,,,
CSTP_PM025_01_02,CSTP_PM025_01_02_NAME,CSTP_PM025_01_02_DESC,M,ICONC_EQUIP_CSTM_0001,116140,PL_TP_M0251_02,FALSE,FALSE,,,,STOR_01_JINKI_FIT,STOR_01_JINKI_FIT,,1,1,,,,,,
CSTP_PM025_01_03,CSTP_PM025_01_03_NAME,CSTP_PM025_01_03_DESC,M,ICONC_EQUIP_CSTM_0001,116150,PL_TP_M0251_03,FALSE,FALSE,,,,STOR_01_JINKI_FIT,STOR_01_JINKI_FIT,,1,1,,,,,,
CSTP_PM025_01_04,CSTP_PM025_01_04_NAME,CSTP_PM025_01_04_DESC,M,ICONC_EQUIP_CSTM_0001,116160,PL_TP_M0251_04,FALSE,FALSE,,,,STOR_01_JINKI_FIT,STOR_01_JINKI_FIT,,1,1,,,,,,
CSTP_PM026_01_01,CSTP_PM026_01_01_NAME,CSTP_PM026_01_01_DESC,M,ICONC_EQUIP_CSTM_0001,116170,PL_TP_M0261_01,FALSE,FALSE,,,,STOR_01_JINKI_FIT,STOR_01_JINKI_FIT,,1,1,,,,,,
CSTP_PM026_01_02,CSTP_PM026_01_02_NAME,CSTP_PM026_01_02_DESC,M,ICONC_EQUIP_CSTM_0001,116180,PL_TP_M0261_02,FALSE,FALSE,,,,STOR_01_JINKI_FIT,STOR_01_JINKI_FIT,,1,1,,,,,,
CSTP_PM026_01_03,CSTP_PM026_01_03_NAME,CSTP_PM026_01_03_DESC,M,ICONC_EQUIP_CSTM_0001,116190,PL_TP_M0261_03,FALSE,FALSE,,,,STOR_01_JINKI_FIT,STOR_01_JINKI_FIT,,1,1,,,,,,
CSTP_PM026_01_04,CSTP_PM026_01_04_NAME,CSTP_PM026_01_04_DESC,M,ICONC_EQUIP_CSTM_0001,116200,PL_TP_M0261_04,FALSE,FALSE,,,,STOR_01_JINKI_FIT,STOR_01_JINKI_FIT,,1,1,,,,,,
CSTP_PM027_01_01,CSTP_PM027_01_01_NAME,CSTP_PM027_01_01_DESC,M,ICONC_EQUIP_CSTM_0001,116210,PL_TP_M0271_01,FALSE,FALSE,,,,STOR_01_JINKI_FIT,STOR_01_JINKI_FIT,,1,1,,,,,,
CSTP_PM027_01_02,CSTP_PM027_01_02_NAME,CSTP_PM027_01_02_DESC,M,ICONC_EQUIP_CSTM_0001,116220,PL_TP_M0271_02,FALSE,FALSE,,,,STOR_01_JINKI_FIT,STOR_01_JINKI_FIT,,1,1,,,,,,
CSTP_PM027_01_03,CSTP_PM027_01_03_NAME,CSTP_PM027_01_03_DESC,M,ICONC_EQUIP_CSTM_0001,116230,PL_TP_M0271_03,FALSE,FALSE,,,,STOR_01_JINKI_FIT,STOR_01_JINKI_FIT,,1,1,,,,,,
CSTP_PM027_01_04,CSTP_PM027_01_04_NAME,CSTP_PM027_01_04_DESC,M,ICONC_EQUIP_CSTM_0001,116240,PL_TP_M0271_04,FALSE,FALSE,,,,STOR_01_JINKI_FIT,STOR_01_JINKI_FIT,,1,1,,,,,,
CSTP_PM028_01_01,CSTP_PM028_01_01_NAME,CSTP_PM028_01_01_DESC,M,ICONC_EQUIP_CSTM_0001,116250,PL_TP_M0311_01,FALSE,FALSE,,,,STOR_01_JINKI_FIT,STOR_01_JINKI_FIT,,1,1,,,,,,
CSTP_PM028_01_02,CSTP_PM028_01_02_NAME,CSTP_PM028_01_02_DESC,M,ICONC_EQUIP_CSTM_0001,116260,PL_TP_M0311_02,FALSE,FALSE,,,,STOR_01_JINKI_FIT,STOR_01_JINKI_FIT,,1,1,,,,,,
CSTP_PM028_01_03,CSTP_PM028_01_03_NAME,CSTP_PM028_01_03_DESC,M,ICONC_EQUIP_CSTM_0001,116270,PL_TP_M0311_03,FALSE,FALSE,,,,STOR_01_JINKI_FIT,STOR_01_JINKI_FIT,,1,1,,,,,,
CSTP_PM028_01_04,CSTP_PM028_01_04_NAME,CSTP_PM028_01_04_DESC,M,ICONC_EQUIP_CSTM_0001,116280,PL_TP_M0311_04,FALSE,FALSE,,,,STOR_01_JINKI_FIT,STOR_01_JINKI_FIT,,1,1,,,,,,
CSTP_PM029_01_01,CSTP_PM029_01_01_NAME,CSTP_PM029_01_01_DESC,M,ICONC_EQUIP_CSTM_0001,116290,PL_TP_M0281_01,FALSE,FALSE,,,,STOR_01_JINKI_FIT,STOR_01_JINKI_FIT,,1,1,,,,,,
CSTP_PM029_01_02,CSTP_PM029_01_02_NAME,CSTP_PM029_01_02_DESC,M,ICONC_EQUIP_CSTM_0001,116300,PL_TP_M0281_02,FALSE,FALSE,,,,STOR_01_JINKI_FIT,STOR_01_JINKI_FIT,,1,1,,,,,,
CSTP_PM029_01_03,CSTP_PM029_01_03_NAME,CSTP_PM029_01_03_DESC,M,ICONC_EQUIP_CSTM_0001,116310,PL_TP_M0281_03,FALSE,FALSE,,,,STOR_01_JINKI_FIT,STOR_01_JINKI_FIT,,1,1,,,,,,
CSTP_PM029_01_04,CSTP_PM029_01_04_NAME,CSTP_PM029_01_04_DESC,M,ICONC_EQUIP_CSTM_0001,116320,PL_TP_M0281_04,FALSE,FALSE,,,,STOR_01_JINKI_FIT,STOR_01_JINKI_FIT,,1,1,,,,,,
CSTP_PM030_01_01,CSTP_PM030_01_01_NAME,CSTP_PM030_01_01_DESC,M,ICONC_EQUIP_CSTM_0001,116330,PL_TP_M0291_01,FALSE,FALSE,,,,STOR_01_JINKI_FIT,STOR_01_JINKI_FIT,,1,1,,,,,,
CSTP_PM030_01_02,CSTP_PM030_01_02_NAME,CSTP_PM030_01_02_DESC,M,ICONC_EQUIP_CSTM_0001,116340,PL_TP_M0291_02,FALSE,FALSE,,,,STOR_01_JINKI_FIT,STOR_01_JINKI_FIT,,1,1,,,,,,
CSTP_PM030_01_03,CSTP_PM030_01_03_NAME,CSTP_PM030_01_03_DESC,M,ICONC_EQUIP_CSTM_0001,116350,PL_TP_M0291_03,FALSE,FALSE,,,,STOR_01_JINKI_FIT,STOR_01_JINKI_FIT,,1,1,,,,,,
CSTP_PM030_01_04,CSTP_PM030_01_04_NAME,CSTP_PM030_01_04_DESC,M,ICONC_EQUIP_CSTM_0001,116360,PL_TP_M0291_04,FALSE,FALSE,,,,STOR_01_JINKI_FIT,STOR_01_JINKI_FIT,,1,1,,,,,,
CSTP_PM031_01_01,CSTP_PM031_01_01_NAME,CSTP_PM031_01_01_DESC,M,ICONC_EQUIP_CSTM_0001,116370,PL_TP_M0301_01,FALSE,FALSE,,,,STOR_01_JINKI_FIT,STOR_01_JINKI_FIT,,1,1,,,,,,
CSTP_PM031_01_02,CSTP_PM031_01_02_NAME,CSTP_PM031_01_02_DESC,M,ICONC_EQUIP_CSTM_0001,116380,PL_TP_M0301_02,FALSE,FALSE,,,,STOR_01_JINKI_FIT,STOR_01_JINKI_FIT,,1,1,,,,,,
CSTP_PM031_01_03,CSTP_PM031_01_03_NAME,CSTP_PM031_01_03_DESC,M,ICONC_EQUIP_CSTM_0001,116390,PL_TP_M0301_03,FALSE,FALSE,,,,STOR_01_JINKI_FIT,STOR_01_JINKI_FIT,,1,1,,,,,,
CSTP_PM031_01_04,CSTP_PM031_01_04_NAME,CSTP_PM031_01_04_DESC,M,ICONC_EQUIP_CSTM_0001,116400,PL_TP_M0301_04,FALSE,FALSE,,,,STOR_01_JINKI_FIT,STOR_01_JINKI_FIT,,1,1,,,,,,
CSTP_PM032_01_01,CSTP_PM032_01_01_NAME,CSTP_PM032_01_01_DESC,M,ICONC_EQUIP_CSTM_0001,116450,PL_TP_M0321_01,FALSE,FALSE,,,,STOR_01_JINKI_FIT,STOR_01_JINKI_FIT,,1,1,,,,,,
CSTP_PM032_01_02,CSTP_PM032_01_02_NAME,CSTP_PM032_01_02_DESC,M,ICONC_EQUIP_CSTM_0001,116410,PL_TP_M0321_02,FALSE,FALSE,,,,STOR_01_JINKI_FIT,STOR_01_JINKI_FIT,,1,1,,,,,,
CSTP_PM032_01_03,CSTP_PM032_01_03_NAME,CSTP_PM032_01_03_DESC,M,ICONC_EQUIP_CSTM_0001,116430,PL_TP_M0321_03,FALSE,FALSE,,,,STOR_01_JINKI_FIT,STOR_01_JINKI_FIT,,1,1,,,,,,
CSTP_PM032_01_04,CSTP_PM032_01_04_NAME,CSTP_PM032_01_04_DESC,M,ICONC_EQUIP_CSTM_0001,116420,PL_TP_M0321_04,FALSE,FALSE,,,,STOR_01_JINKI_FIT,STOR_01_JINKI_FIT,,1,1,,,,,,
CSTP_PM032_01_05,CSTP_PM032_01_05_NAME,CSTP_PM032_01_05_DESC,M,ICONC_EQUIP_CSTM_0001,116440,PL_TP_M0321_05,FALSE,FALSE,,,,STOR_01_JINKI_FIT,STOR_01_JINKI_FIT,,1,1,,,,,,
CSTP_PM010_01_01,CSTP_PM010_01_01_NAME,CSTP_PM010_01_01_DESC,M,ICONC_EQUIP_CSTM_0001,120010,PL_TP_M0101_01,FALSE,FALSE,,,,STOR_01_JINKI_FIT,STOR_07_BATTLE_AFTER_ENDING1,,1,,,,,,,
CSTP_PM010_01_02,CSTP_PM010_01_02_NAME,CSTP_PM010_01_02_DESC,M,ICONC_EQUIP_CSTM_0001,120020,PL_TP_M0101_02,FALSE,FALSE,,,,STOR_01_JINKI_FIT,STOR_07_BATTLE_AFTER_ENDING1,,1,,,,,,,
CSTP_PM010_01_03,CSTP_PM010_01_03_NAME,CSTP_PM010_01_03_DESC,M,ICONC_EQUIP_CSTM_0001,120030,PL_TP_M0101_03,FALSE,FALSE,,,,STOR_01_JINKI_FIT,STOR_07_BATTLE_AFTER_ENDING1,,1,,,,,,,
CSTP_PM010_01_04,CSTP_PM010_01_04_NAME,CSTP_PM010_01_04_DESC,M,ICONC_EQUIP_CSTM_0001,120040,PL_TP_M0101_04,FALSE,FALSE,,,,STOR_01_JINKI_FIT,STOR_07_BATTLE_AFTER_ENDING1,,1,,,,,,,
CSTP_PM011_01_01,CSTP_PM011_01_01_NAME,CSTP_PM011_01_01_DESC,M,ICONC_EQUIP_CSTM_0001,121010,PL_TP_M0111_01,FALSE,FALSE,,,,STOR_01_JINKI_FIT,STOR_07_BATTLE_AFTER_ENDING1,,1,,,,,,,
CSTP_PM011_01_02,CSTP_PM011_01_02_NAME,CSTP_PM011_01_02_DESC,M,ICONC_EQUIP_CSTM_0001,121020,PL_TP_M0111_02,FALSE,FALSE,,,,STOR_01_JINKI_FIT,STOR_07_BATTLE_AFTER_ENDING1,,1,,,,,,,
CSTP_PM011_01_03,CSTP_PM011_01_03_NAME,CSTP_PM011_01_03_DESC,M,ICONC_EQUIP_CSTM_0001,121030,PL_TP_M0111_03,FALSE,FALSE,,,,STOR_01_JINKI_FIT,STOR_07_BATTLE_AFTER_ENDING1,,1,,,,,,,
CSTP_PM011_01_04,CSTP_PM011_01_04_NAME,CSTP_PM011_01_04_DESC,M,ICONC_EQUIP_CSTM_0001,121040,PL_TP_M0111_04,FALSE,FALSE,,,,STOR_01_JINKI_FIT,STOR_07_BATTLE_AFTER_ENDING1,,1,,,,,,,
CSTP_PM113_01_01,CSTP_PM113_01_01_NAME,CSTP_PM113_01_01_DESC,M,ICONC_EQUIP_CSTM_0003,221070,NP_TP_M0121_00,TRUE,FALSE,,,,STOR_07_BATTLE_AFTER_ENDING1,STOR_07_BATTLE_AFTER_ENDING1,,,,,,,,, //Neil
CSTP_PM111_01_01,CSTP_PM111_01_01_NAME,CSTP_PM111_01_01_DESC,M,ICONC_EQUIP_CSTM_0003,221050,NP_TP_M0191_00,TRUE,FALSE,,,,STOR_07_BATTLE_AFTER_ENDING1,STOR_07_BATTLE_AFTER_ENDING1,,,,,,,,, //G.Battlesuit
CSTP_PM112_01_01,CSTP_PM112_01_01_NAME,CSTP_PM112_01_01_DESC,M,ICONC_EQUIP_CSTM_0003,221060,PL_TP_MMOD0_00,TRUE,FALSE,,,,STOR_07_BATTLE_AFTER_ENDING1,STOR_07_BATTLE_AFTER_ENDING1,,,,,,,,, //G.Jacket
CSTP_PM114_01_01,CSTP_PM114_01_01_NAME,CSTP_PM114_01_01_DESC,M,ICONC_EQUIP_CSTM_0003,221080,NP_TP_M0231_00,TRUE,FALSE,,,,STOR_07_BATTLE_AFTER_ENDING1,STOR_07_BATTLE_AFTER_ENDING1,,,,,,,,, //Baran
CSTP_PM117_01_01,CSTP_PM117_01_01_NAME,CSTP_PM117_01_01_DESC,M,ICONC_EQUIP_CSTM_0003,221110,NP_TP_M0191_00,TRUE,FALSE,,,,STOR_07_BATTLE_AFTER_ENDING1,STOR_07_BATTLE_AFTER_ENDING1,,,,,,,,, //C.Queen
CSTP_PM118_01_01,CSTP_PM118_01_01_NAME,CSTP_PM118_01_01_DESC,M,ICONC_EQUIP_CSTM_0003,221120,NP_TP_M0201_00,TRUE,FALSE,,,,STOR_07_BATTLE_AFTER_ENDING1,STOR_07_BATTLE_AFTER_ENDING1,,,,,,,,,
CSTP_PM119_01_01,CSTP_PM119_01_01_NAME,CSTP_PM119_01_01_DESC,M,ICONC_EQUIP_CSTM_0003,221120,NP_TP_M0202_00,TRUE,FALSE,,,,STOR_07_BATTLE_AFTER_ENDING1,STOR_07_BATTLE_AFTER_ENDING1,,,,,,,,,
CSTP_PM120_01_01,CSTP_PM120_01_01_NAME,CSTP_PM120_01_01_DESC,M,ICONC_EQUIP_CSTM_0003,221120,NP_TP_M0061_00,TRUE,FALSE,,,,STOR_07_BATTLE_AFTER_ENDING1,STOR_07_BATTLE_AFTER_ENDING1,,,,,,,,,
CSTP_PM121_01_01,CSTP_PM121_01_01_NAME,CSTP_PM121_01_01_DESC,M,ICONC_EQUIP_CSTM_0003,221120,NP_TP_M0091_00,TRUE,FALSE,,,,STOR_07_BATTLE_AFTER_ENDING1,STOR_07_BATTLE_AFTER_ENDING1,,,,,,,,,
CSTP_PM122_01_01,CSTP_PM122_01_01_NAME,CSTP_PM122_01_01_DESC,M,ICONC_EQUIP_CSTM_0003,221120,NP_TP_M0152_00,TRUE,FALSE,,,,STOR_07_BATTLE_AFTER_ENDING1,STOR_07_BATTLE_AFTER_ENDING1,,,,,,,,,
CSTP_PM123_01_01,CSTP_PM123_01_01_NAME,CSTP_PM123_01_01_DESC,M,ICONC_EQUIP_CSTM_0003,221120,NP_TP_M0082_00,TRUE,FALSE,,,,STOR_07_BATTLE_AFTER_ENDING1,STOR_07_BATTLE_AFTER_ENDING1,,,,,,,,,
CSTP_PM124_01_01,CSTP_PM124_01_01_NAME,CSTP_PM124_01_01_DESC,M,ICONC_EQUIP_CSTM_0003,221120,NP_TP_M0031_00,TRUE,FALSE,,,,STOR_07_BATTLE_AFTER_ENDING1,STOR_07_BATTLE_AFTER_ENDING1,,,,,,,,,
CSTP_PM125_01_01,CSTP_PM125_01_01_NAME,CSTP_PM125_01_01_DESC,M,ICONC_EQUIP_CSTM_0003,221120,NP_TP_M0221_00,TRUE,FALSE,,,,STOR_07_BATTLE_AFTER_ENDING1,STOR_07_BATTLE_AFTER_ENDING1,,,,,,,,,
CSTP_PM120_01_01,CSTP_PM120_01_01_NAME,CSTP_PM120_01_01_DESC,M,ICONC_EQUIP_CSTM_0003,221120,NP_TP_M0091_00,TRUE,FALSE,,,,STOR_07_BATTLE_AFTER_ENDING1,STOR_07_BATTLE_AFTER_ENDING1,,,,,,,,,
CSTP_PM121_01_01,CSTP_PM121_01_01_NAME,CSTP_PM121_01_01_DESC,M,ICONC_EQUIP_CSTM_0003,221120,NP_TP_M0101_00,TRUE,FALSE,,,,STOR_07_BATTLE_AFTER_ENDING1,STOR_07_BATTLE_AFTER_ENDING1,,,,,,,,,
CSTP_PM122_01_01,CSTP_PM122_01_01_NAME,CSTP_PM122_01_01_DESC,M,ICONC_EQUIP_CSTM_0003,221120,NP_TP_M0121_00,TRUE,FALSE,,,,STOR_07_BATTLE_AFTER_ENDING1,STOR_07_BATTLE_AFTER_ENDING1,,,,,,,,,
CSTP_PM123_01_01,CSTP_PM123_01_01_NAME,CSTP_PM123_01_01_DESC,M,ICONC_EQUIP_CSTM_0003,221120,NP_TP_M0111_00,TRUE,FALSE,,,,STOR_07_BATTLE_AFTER_ENDING1,STOR_07_BATTLE_AFTER_ENDING1,,,,,,,,,
CSTP_PM124_01_01,CSTP_PM124_01_01_NAME,CSTP_PM124_01_01_DESC,M,ICONC_EQUIP_CSTM_0003,221120,NP_TP_M0031_00,TRUE,FALSE,,,,STOR_07_BATTLE_AFTER_ENDING1,STOR_07_BATTLE_AFTER_ENDING1,,,,,,,,,
CSTP_PM125_01_01,CSTP_PM125_01_01_NAME,CSTP_PM125_01_01_DESC,M,ICONC_EQUIP_CSTM_0003,221120,NP_TP_F0061_00,TRUE,FALSE,,,,STOR_07_BATTLE_AFTER_ENDING1,STOR_07_BATTLE_AFTER_ENDING1,,,,,,,,,
CSTP_PM126_01_01,CSTP_PM126_01_01_NAME,CSTP_PM126_01_01_DESC,M,ICONC_EQUIP_CSTM_0003,221120,NP_TP_M0141_00,TRUE,FALSE,,,,STOR_07_BATTLE_AFTER_ENDING1,STOR_07_BATTLE_AFTER_ENDING1,,,,,,,,,
CSTP_PM127_01_01,CSTP_PM127_01_01_NAME,CSTP_PM127_01_01_DESC,M,ICONC_EQUIP_CSTM_0003,221120,NP_TP_M0211_00,TRUE,FALSE,,,,STOR_07_BATTLE_AFTER_ENDING1,STOR_07_BATTLE_AFTER_ENDING1,,,,,,,,,
CSTP_PM128_01_01,CSTP_PM128_01_01_NAME,CSTP_PM128_01_01_DESC,M,ICONC_EQUIP_CSTM_0003,221120,NP_TP_M0251_00,TRUE,FALSE,,,,STOR_07_BATTLE_AFTER_ENDING1,STOR_07_BATTLE_AFTER_ENDING1,,,,,,,,,
CSTP_PM129_01_01,CSTP_PM129_01_01_NAME,CSTP_PM129_01_01_DESC,M,ICONC_EQUIP_CSTM_0003,221120,NP_TP_M0161_00,TRUE,FALSE,,,,STOR_07_BATTLE_AFTER_ENDING1,STOR_07_BATTLE_AFTER_ENDING1,,,,,,,,,
CSTP_PM130_01_01,CSTP_PM130_01_01_NAME,CSTP_PM130_01_01_DESC,M,ICONC_EQUIP_CSTM_0003,221120,NP_TP_M0171_00,TRUE,FALSE,,,,STOR_07_BATTLE_AFTER_ENDING1,STOR_07_BATTLE_AFTER_ENDING1,,,,,,,,,
CSTP_PM131_01_01,CSTP_PM131_01_01_NAME,CSTP_PM131_01_01_DESC,M,ICONC_EQUIP_CSTM_0003,221120,NP_TP_M0172_00,TRUE,FALSE,,,,STOR_07_BATTLE_AFTER_ENDING1,STOR_07_BATTLE_AFTER_ENDING1,,,,,,,,,
CSTP_PM132_01_01,CSTP_PM132_01_01_NAME,CSTP_PM132_01_01_DESC,M,ICONC_EQUIP_CSTM_0003,221120,NP_TP_M0253_00,TRUE,FALSE,,,,STOR_07_BATTLE_AFTER_ENDING1,STOR_07_BATTLE_AFTER_ENDING1,,,,,,,,,
CSTP_PF001_01_01,CSTP_PF001_01_01_NAME,CSTP_PF001_01_01_DESC,F,ICONC_EQUIP_CSTM_0003,201020,PL_TP_F0011_01,TRUE,FALSE,,,,,,,,,,,,,,
CSTP_PF001_01_02,CSTP_PF001_01_02_NAME,CSTP_PF001_01_02_DESC,F,ICONC_EQUIP_CSTM_0003,201020,PL_TP_F0011_02,TRUE,FALSE,,,,,,,,,,,,,,
CSTP_PF001_01_03,CSTP_PF001_01_03_NAME,CSTP_PF001_01_03_DESC,F,ICONC_EQUIP_CSTM_0003,201030,PL_TP_F0011_03,TRUE,FALSE,,,,,,,,,,,,,,
CSTP_PF001_01_04,CSTP_PF001_01_04_NAME,CSTP_PF001_01_04_DESC,F,ICONC_EQUIP_CSTM_0003,201040,PL_TP_F0011_04,TRUE,FALSE,,,,,,,,,,,,,,
CSTP_PF002_01_01,CSTP_PF002_01_01_NAME,CSTP_PF002_01_01_DESC,F,ICONC_EQUIP_CSTM_0001,202010,PL_TP_F0021_01,FALSE,FALSE,,,,,,,,,,,,,,
CSTP_PF002_02_01,CSTP_PF002_02_01_NAME,CSTP_PF002_02_01_DESC,F,ICONC_EQUIP_CSTM_0001,202020,PL_TP_F0022_01,FALSE,FALSE,,,,,,,,,,,,,,
CSTP_PF002_03_01,CSTP_PF002_03_01_NAME,CSTP_PF002_03_01_DESC,F,ICONC_EQUIP_CSTM_0001,202030,PL_TP_F0023_01,FALSE,FALSE,,,,,,,,,,,,,,
CSTP_PF002_04_01,CSTP_PF002_04_01_NAME,CSTP_PF002_04_01_DESC,F,ICONC_EQUIP_CSTM_0001,202040,PL_TP_F0024_01,FALSE,FALSE,,,,,,,,,,,,,,
CSTP_PF002_01_02,CSTP_PF002_01_02_NAME,CSTP_PF002_01_02_DESC,F,ICONC_EQUIP_CSTM_0001,202050,PL_TP_F0021_02,FALSE,FALSE,,,,,,,,,,,,,,
CSTP_PF002_02_02,CSTP_PF002_02_02_NAME,CSTP_PF002_02_02_DESC,F,ICONC_EQUIP_CSTM_0001,202060,PL_TP_F0022_02,FALSE,FALSE,,,,,,,,,,,,,,
CSTP_PF002_03_02,CSTP_PF002_03_02_NAME,CSTP_PF002_03_02_DESC,F,ICONC_EQUIP_CSTM_0001,202070,PL_TP_F0023_02,FALSE,FALSE,,,,,,,,,,,,,,
CSTP_PF002_04_02,CSTP_PF002_04_02_NAME,CSTP_PF002_04_02_DESC,F,ICONC_EQUIP_CSTM_0001,202080,PL_TP_F0024_02,FALSE,FALSE,,,,,,,,,,,,,,
CSTP_PF002_01_03,CSTP_PF002_01_03_NAME,CSTP_PF002_01_03_DESC,F,ICONC_EQUIP_CSTM_0001,202090,PL_TP_F0021_03,FALSE,FALSE,,,,,,,,,,,,,,
CSTP_PF002_02_03,CSTP_PF002_02_03_NAME,CSTP_PF002_02_03_DESC,F,ICONC_EQUIP_CSTM_0001,202100,PL_TP_F0022_03,FALSE,FALSE,,,,,,,,,,,,,,
CSTP_PF002_03_03,CSTP_PF002_03_03_NAME,CSTP_PF002_03_03_DESC,F,ICONC_EQUIP_CSTM_0001,202110,PL_TP_F0023_03,FALSE,FALSE,,,,,,,,,,,,,,
CSTP_PF002_04_03,CSTP_PF002_04_03_NAME,CSTP_PF002_04_03_DESC,F,ICONC_EQUIP_CSTM_0001,202120,PL_TP_F0024_03,FALSE,FALSE,,,,,,,,,,,,,,
CSTP_PF002_01_04,CSTP_PF002_01_04_NAME,CSTP_PF002_01_04_DESC,F,ICONC_EQUIP_CSTM_0001,202130,PL_TP_F0021_04,FALSE,FALSE,,,,,,,,,,,,,,
CSTP_PF002_02_04,CSTP_PF002_02_04_NAME,CSTP_PF002_02_04_DESC,F,ICONC_EQUIP_CSTM_0001,202140,PL_TP_F0022_04,FALSE,FALSE,,,,,,,,,,,,,,
CSTP_PF002_03_04,CSTP_PF002_03_04_NAME,CSTP_PF002_03_04_DESC,F,ICONC_EQUIP_CSTM_0001,202150,PL_TP_F0023_04,FALSE,FALSE,,,,,,,,,,,,,,
CSTP_PF002_04_04,CSTP_PF002_04_04_NAME,CSTP_PF002_04_04_DESC,F,ICONC_EQUIP_CSTM_0001,202160,PL_TP_F0024_04,FALSE,FALSE,,,,,,,,,,,,,,
CSTP_PF003_01_01,CSTP_PF003_01_01_NAME,CSTP_PF003_01_01_DESC,F,ICONC_EQUIP_CSTM_0001,203010,PL_TP_F0031_01,FALSE,FALSE,,,,,,,,,,,,,,
CSTP_PF003_02_01,CSTP_PF003_02_01_NAME,CSTP_PF003_02_01_DESC,F,ICONC_EQUIP_CSTM_0001,203020,PL_TP_F0032_01,FALSE,FALSE,,,,,,,,,,,,,,
CSTP_PF003_03_01,CSTP_PF003_03_01_NAME,CSTP_PF003_03_01_DESC,F,ICONC_EQUIP_CSTM_0001,203030,PL_TP_F0033_01,FALSE,FALSE,,,,,,,,,,,,,,
CSTP_PF003_04_01,CSTP_PF003_04_01_NAME,CSTP_PF003_04_01_DESC,F,ICONC_EQUIP_CSTM_0001,203040,PL_TP_F0034_01,FALSE,FALSE,,,,,,,,,,,,,,
CSTP_PF003_01_02,CSTP_PF003_01_02_NAME,CSTP_PF003_01_02_DESC,F,ICONC_EQUIP_CSTM_0001,203050,PL_TP_F0031_02,FALSE,FALSE,,,,,,,,,,,,,,
CSTP_PF003_02_02,CSTP_PF003_02_02_NAME,CSTP_PF003_02_02_DESC,F,ICONC_EQUIP_CSTM_0001,203060,PL_TP_F0032_02,FALSE,FALSE,,,,,,,,,,,,,,
CSTP_PF003_03_02,CSTP_PF003_03_02_NAME,CSTP_PF003_03_02_DESC,F,ICONC_EQUIP_CSTM_0001,203070,PL_TP_F0033_02,FALSE,FALSE,,,,,,,,,,,,,,
CSTP_PF003_04_02,CSTP_PF003_04_02_NAME,CSTP_PF003_04_02_DESC,F,ICONC_EQUIP_CSTM_0001,203080,PL_TP_F0034_02,FALSE,FALSE,,,,,,,,,,,,,,
CSTP_PF003_01_03,CSTP_PF003_01_03_NAME,CSTP_PF003_01_03_DESC,F,ICONC_EQUIP_CSTM_0001,203090,PL_TP_F0031_03,FALSE,FALSE,,,,,,,,,,,,,,
CSTP_PF003_02_03,CSTP_PF003_02_03_NAME,CSTP_PF003_02_03_DESC,F,ICONC_EQUIP_CSTM_0001,203100,PL_TP_F0032_03,FALSE,FALSE,,,,,,,,,,,,,,
CSTP_PF003_03_03,CSTP_PF003_03_03_NAME,CSTP_PF003_03_03_DESC,F,ICONC_EQUIP_CSTM_0001,203110,PL_TP_F0033_03,FALSE,FALSE,,,,,,,,,,,,,,
CSTP_PF003_04_03,CSTP_PF003_04_03_NAME,CSTP_PF003_04_03_DESC,F,ICONC_EQUIP_CSTM_0001,203120,PL_TP_F0034_03,FALSE,FALSE,,,,,,,,,,,,,,
CSTP_PF003_01_04,CSTP_PF003_01_04_NAME,CSTP_PF003_01_04_DESC,F,ICONC_EQUIP_CSTM_0001,203130,PL_TP_F0031_04,FALSE,FALSE,,,,,,,,,,,,,,
CSTP_PF003_02_04,CSTP_PF003_02_04_NAME,CSTP_PF003_02_04_DESC,F,ICONC_EQUIP_CSTM_0001,203140,PL_TP_F0032_04,FALSE,FALSE,,,,,,,,,,,,,,
CSTP_PF003_03_04,CSTP_PF003_03_04_NAME,CSTP_PF003_03_04_DESC,F,ICONC_EQUIP_CSTM_0001,203150,PL_TP_F0033_04,FALSE,FALSE,,,,,,,,,,,,,,
CSTP_PF003_04_04,CSTP_PF003_04_04_NAME,CSTP_PF003_04_04_DESC,F,ICONC_EQUIP_CSTM_0001,203160,PL_TP_F0034_04,FALSE,FALSE,,,,,,,,,,,,,,
CSTP_PF004_01_01,CSTP_PF004_01_01_NAME,CSTP_PF004_01_01_DESC,F,ICONC_EQUIP_CSTM_0001,204010,PL_TP_F0041_01,FALSE,FALSE,,,,,,,,,,,,,,
CSTP_PF004_02_01,CSTP_PF004_02_01_NAME,CSTP_PF004_02_01_DESC,F,ICONC_EQUIP_CSTM_0001,204020,PL_TP_F0042_01,FALSE,FALSE,,,,,,,,,,,,,,
CSTP_PF004_03_01,CSTP_PF004_03_01_NAME,CSTP_PF004_03_01_DESC,F,ICONC_EQUIP_CSTM_0001,204030,PL_TP_F0043_01,FALSE,FALSE,,,,,,,,,,,,,,
CSTP_PF004_04_01,CSTP_PF004_04_01_NAME,CSTP_PF004_04_01_DESC,F,ICONC_EQUIP_CSTM_0001,204040,PL_TP_F0044_01,FALSE,FALSE,,,,,,,,,,,,,,
CSTP_PF004_01_02,CSTP_PF004_01_02_NAME,CSTP_PF004_01_02_DESC,F,ICONC_EQUIP_CSTM_0001,204050,PL_TP_F0041_02,FALSE,FALSE,,,,,,,,,,,,,,
CSTP_PF004_02_02,CSTP_PF004_02_02_NAME,CSTP_PF004_02_02_DESC,F,ICONC_EQUIP_CSTM_0001,204060,PL_TP_F0042_02,FALSE,FALSE,,,,,,,,,,,,,,
CSTP_PF004_03_02,CSTP_PF004_03_02_NAME,CSTP_PF004_03_02_DESC,F,ICONC_EQUIP_CSTM_0001,204070,PL_TP_F0043_02,FALSE,FALSE,,,,,,,,,,,,,,
CSTP_PF004_04_02,CSTP_PF004_04_02_NAME,CSTP_PF004_04_02_DESC,F,ICONC_EQUIP_CSTM_0001,204080,PL_TP_F0044_02,FALSE,FALSE,,,,,,,,,,,,,,
CSTP_PF004_01_03,CSTP_PF004_01_03_NAME,CSTP_PF004_01_03_DESC,F,ICONC_EQUIP_CSTM_0001,204090,PL_TP_F0041_03,FALSE,FALSE,,,,,,,,,,,,,,
CSTP_PF004_02_03,CSTP_PF004_02_03_NAME,CSTP_PF004_02_03_DESC,F,ICONC_EQUIP_CSTM_0001,204100,PL_TP_F0042_03,FALSE,FALSE,,,,,,,,,,,,,,
CSTP_PF004_03_03,CSTP_PF004_03_03_NAME,CSTP_PF004_03_03_DESC,F,ICONC_EQUIP_CSTM_0001,204110,PL_TP_F0043_03,FALSE,FALSE,,,,,,,,,,,,,,
CSTP_PF004_04_03,CSTP_PF004_04_03_NAME,CSTP_PF004_04_03_DESC,F,ICONC_EQUIP_CSTM_0001,204120,PL_TP_F0044_03,FALSE,FALSE,,,,,,,,,,,,,,
CSTP_PF004_01_04,CSTP_PF004_01_04_NAME,CSTP_PF004_01_04_DESC,F,ICONC_EQUIP_CSTM_0001,204130,PL_TP_F0041_04,FALSE,FALSE,,,,,,,,,,,,,,
CSTP_PF004_02_04,CSTP_PF004_02_04_NAME,CSTP_PF004_02_04_DESC,F,ICONC_EQUIP_CSTM_0001,204140,PL_TP_F0042_04,FALSE,FALSE,,,,,,,,,,,,,,
CSTP_PF004_03_04,CSTP_PF004_03_04_NAME,CSTP_PF004_03_04_DESC,F,ICONC_EQUIP_CSTM_0001,204150,PL_TP_F0043_04,FALSE,FALSE,,,,,,,,,,,,,,
CSTP_PF004_04_04,CSTP_PF004_04_04_NAME,CSTP_PF004_04_04_DESC,F,ICONC_EQUIP_CSTM_0001,204160,PL_TP_F0044_04,FALSE,FALSE,,,,,,,,,,,,,,
CSTP_PF005_01_01,CSTP_PF005_01_01_NAME,CSTP_PF005_01_01_DESC,F,ICONC_EQUIP_CSTM_0001,205010,PL_TP_F0051_01,FALSE,FALSE,,,,,,,,,,,,,,
CSTP_PF005_02_01,CSTP_PF005_02_01_NAME,CSTP_PF005_02_01_DESC,F,ICONC_EQUIP_CSTM_0001,205020,PL_TP_F0052_01,FALSE,FALSE,,,,,,,,,,,,,,
CSTP_PF005_03_01,CSTP_PF005_03_01_NAME,CSTP_PF005_03_01_DESC,F,ICONC_EQUIP_CSTM_0001,205030,PL_TP_F0053_01,FALSE,FALSE,,,,,,,,,,,,,,
CSTP_PF005_04_01,CSTP_PF005_04_01_NAME,CSTP_PF005_04_01_DESC,F,ICONC_EQUIP_CSTM_0001,205040,PL_TP_F0054_01,FALSE,FALSE,,,,,,,,,,,,,,
CSTP_PF005_01_02,CSTP_PF005_01_02_NAME,CSTP_PF005_01_02_DESC,F,ICONC_EQUIP_CSTM_0001,205050,PL_TP_F0051_02,FALSE,FALSE,,,,,,,,,,,,,,
CSTP_PF005_02_02,CSTP_PF005_02_02_NAME,CSTP_PF005_02_02_DESC,F,ICONC_EQUIP_CSTM_0001,205060,PL_TP_F0052_02,FALSE,FALSE,,,,,,,,,,,,,,
CSTP_PF005_03_02,CSTP_PF005_03_02_NAME,CSTP_PF005_03_02_DESC,F,ICONC_EQUIP_CSTM_0001,205070,PL_TP_F0053_02,FALSE,FALSE,,,,,,,,,,,,,,
CSTP_PF005_04_02,CSTP_PF005_04_02_NAME,CSTP_PF005_04_02_DESC,F,ICONC_EQUIP_CSTM_0001,205080,PL_TP_F0054_02,FALSE,FALSE,,,,,,,,,,,,,,
CSTP_PF005_01_03,CSTP_PF005_01_03_NAME,CSTP_PF005_01_03_DESC,F,ICONC_EQUIP_CSTM_0001,205090,PL_TP_F0051_03,FALSE,FALSE,,,,,,,,,,,,,,
CSTP_PF005_02_03,CSTP_PF005_02_03_NAME,CSTP_PF005_02_03_DESC,F,ICONC_EQUIP_CSTM_0001,205100,PL_TP_F0052_03,FALSE,FALSE,,,,,,,,,,,,,,
CSTP_PF005_03_03,CSTP_PF005_03_03_NAME,CSTP_PF005_03_03_DESC,F,ICONC_EQUIP_CSTM_0001,205110,PL_TP_F0053_03,FALSE,FALSE,,,,,,,,,,,,,,
CSTP_PF005_04_03,CSTP_PF005_04_03_NAME,CSTP_PF005_04_03_DESC,F,ICONC_EQUIP_CSTM_0001,205120,PL_TP_F0054_03,FALSE,FALSE,,,,,,,,,,,,,,
CSTP_PF005_01_04,CSTP_PF005_01_04_NAME,CSTP_PF005_01_04_DESC,F,ICONC_EQUIP_CSTM_0001,205130,PL_TP_F0051_04,FALSE,FALSE,,,,,,,,,,,,,,
CSTP_PF005_02_04,CSTP_PF005_02_04_NAME,CSTP_PF005_02_04_DESC,F,ICONC_EQUIP_CSTM_0001,205140,PL_TP_F0052_04,FALSE,FALSE,,,,,,,,,,,,,,
CSTP_PF005_03_04,CSTP_PF005_03_04_NAME,CSTP_PF005_03_04_DESC,F,ICONC_EQUIP_CSTM_0001,205150,PL_TP_F0053_04,FALSE,FALSE,,,,,,,,,,,,,,
CSTP_PF005_04_04,CSTP_PF005_04_04_NAME,CSTP_PF005_04_04_DESC,F,ICONC_EQUIP_CSTM_0001,205160,PL_TP_F0054_04,FALSE,FALSE,,,,,,,,,,,,,,
CSTP_PF006_01_01,CSTP_PF006_01_01_NAME,CSTP_PF006_01_01_DESC,F,ICONC_EQUIP_CSTM_0001,206010,PL_TP_F0061_01,FALSE,FALSE,,,,,,,,,,,,,,
CSTP_PF006_02_01,CSTP_PF006_02_01_NAME,CSTP_PF006_02_01_DESC,F,ICONC_EQUIP_CSTM_0001,206020,PL_TP_F0062_01,FALSE,FALSE,,,,,,,,,,,,,,
CSTP_PF006_03_01,CSTP_PF006_03_01_NAME,CSTP_PF006_03_01_DESC,F,ICONC_EQUIP_CSTM_0001,206030,PL_TP_F0063_01,FALSE,FALSE,,,,,,,,,,,,,,
CSTP_PF006_04_01,CSTP_PF006_04_01_NAME,CSTP_PF006_04_01_DESC,F,ICONC_EQUIP_CSTM_0001,206040,PL_TP_F0064_01,FALSE,FALSE,,,,,,,,,,,,,,
CSTP_PF006_01_02,CSTP_PF006_01_02_NAME,CSTP_PF006_01_02_DESC,F,ICONC_EQUIP_CSTM_0001,206050,PL_TP_F0061_02,FALSE,FALSE,,,,,,,,,,,,,,
CSTP_PF006_02_02,CSTP_PF006_02_02_NAME,CSTP_PF006_02_02_DESC,F,ICONC_EQUIP_CSTM_0001,206060,PL_TP_F0062_02,FALSE,FALSE,,,,,,,,,,,,,,
CSTP_PF006_03_02,CSTP_PF006_03_02_NAME,CSTP_PF006_03_02_DESC,F,ICONC_EQUIP_CSTM_0001,206070,PL_TP_F0063_02,FALSE,FALSE,,,,,,,,,,,,,,
CSTP_PF006_04_02,CSTP_PF006_04_02_NAME,CSTP_PF006_04_02_DESC,F,ICONC_EQUIP_CSTM_0001,206080,PL_TP_F0064_02,FALSE,FALSE,,,,,,,,,,,,,,
CSTP_PF006_01_03,CSTP_PF006_01_03_NAME,CSTP_PF006_01_03_DESC,F,ICONC_EQUIP_CSTM_0001,206090,PL_TP_F0061_03,FALSE,FALSE,,,,,,,,,,,,,,
CSTP_PF006_02_03,CSTP_PF006_02_03_NAME,CSTP_PF006_02_03_DESC,F,ICONC_EQUIP_CSTM_0001,206100,PL_TP_F0062_03,FALSE,FALSE,,,,,,,,,,,,,,
CSTP_PF006_03_03,CSTP_PF006_03_03_NAME,CSTP_PF006_03_03_DESC,F,ICONC_EQUIP_CSTM_0001,206110,PL_TP_F0063_03,FALSE,FALSE,,,,,,,,,,,,,,
CSTP_PF006_04_03,CSTP_PF006_04_03_NAME,CSTP_PF006_04_03_DESC,F,ICONC_EQUIP_CSTM_0001,206120,PL_TP_F0064_03,FALSE,FALSE,,,,,,,,,,,,,,
CSTP_PF006_01_04,CSTP_PF006_01_04_NAME,CSTP_PF006_01_04_DESC,F,ICONC_EQUIP_CSTM_0001,206130,PL_TP_F0061_04,FALSE,FALSE,,,,,,,,,,,,,,
CSTP_PF006_02_04,CSTP_PF006_02_04_NAME,CSTP_PF006_02_04_DESC,F,ICONC_EQUIP_CSTM_0001,206140,PL_TP_F0062_04,FALSE,FALSE,,,,,,,,,,,,,,
CSTP_PF006_03_04,CSTP_PF006_03_04_NAME,CSTP_PF006_03_04_DESC,F,ICONC_EQUIP_CSTM_0001,206150,PL_TP_F0063_04,FALSE,FALSE,,,,,,,,,,,,,,
CSTP_PF006_04_04,CSTP_PF006_04_04_NAME,CSTP_PF006_04_04_DESC,F,ICONC_EQUIP_CSTM_0001,206160,PL_TP_F0064_04,FALSE,FALSE,,,,,,,,,,,,,,
CSTP_PF007_01_01,CSTP_PF007_01_01_NAME,CSTP_PF007_01_01_DESC,F,ICONC_EQUIP_CSTM_0001,207010,PL_TP_F0071_01,FALSE,FALSE,,,,,,,,,,,,,,
CSTP_PF007_02_01,CSTP_PF007_02_01_NAME,CSTP_PF007_02_01_DESC,F,ICONC_EQUIP_CSTM_0001,207020,PL_TP_F0072_01,FALSE,FALSE,,,,,,,,,,,,,,
CSTP_PF007_03_01,CSTP_PF007_03_01_NAME,CSTP_PF007_03_01_DESC,F,ICONC_EQUIP_CSTM_0001,207030,PL_TP_F0073_01,FALSE,FALSE,,,,,,,,,,,,,,
CSTP_PF007_04_01,CSTP_PF007_04_01_NAME,CSTP_PF007_04_01_DESC,F,ICONC_EQUIP_CSTM_0001,207040,PL_TP_F0074_01,FALSE,FALSE,,,,,,,,,,,,,,
CSTP_PF007_01_02,CSTP_PF007_01_02_NAME,CSTP_PF007_01_02_DESC,F,ICONC_EQUIP_CSTM_0001,207050,PL_TP_F0071_02,FALSE,FALSE,,,,,,,,,,,,,,
CSTP_PF007_02_02,CSTP_PF007_02_02_NAME,CSTP_PF007_02_02_DESC,F,ICONC_EQUIP_CSTM_0001,207060,PL_TP_F0072_02,FALSE,FALSE,,,,,,,,,,,,,,
CSTP_PF007_03_02,CSTP_PF007_03_02_NAME,CSTP_PF007_03_02_DESC,F,ICONC_EQUIP_CSTM_0001,207070,PL_TP_F0073_02,FALSE,FALSE,,,,,,,,,,,,,,
CSTP_PF007_04_02,CSTP_PF007_04_02_NAME,CSTP_PF007_04_02_DESC,F,ICONC_EQUIP_CSTM_0001,207080,PL_TP_F0074_02,FALSE,FALSE,,,,,,,,,,,,,,
CSTP_PF007_01_03,CSTP_PF007_01_03_NAME,CSTP_PF007_01_03_DESC,F,ICONC_EQUIP_CSTM_0001,207090,PL_TP_F0071_03,FALSE,FALSE,,,,,,,,,,,,,,
CSTP_PF007_02_03,CSTP_PF007_02_03_NAME,CSTP_PF007_02_03_DESC,F,ICONC_EQUIP_CSTM_0001,207100,PL_TP_F0072_03,FALSE,FALSE,,,,,,,,,,,,,,
CSTP_PF007_03_03,CSTP_PF007_03_03_NAME,CSTP_PF007_03_03_DESC,F,ICONC_EQUIP_CSTM_0001,207110,PL_TP_F0073_03,FALSE,FALSE,,,,,,,,,,,,,,
CSTP_PF007_04_03,CSTP_PF007_04_03_NAME,CSTP_PF007_04_03_DESC,F,ICONC_EQUIP_CSTM_0001,207120,PL_TP_F0074_03,FALSE,FALSE,,,,,,,,,,,,,,
CSTP_PF007_01_04,CSTP_PF007_01_04_NAME,CSTP_PF007_01_04_DESC,F,ICONC_EQUIP_CSTM_0001,207130,PL_TP_F0071_04,FALSE,FALSE,,,,,,,,,,,,,,
CSTP_PF007_02_04,CSTP_PF007_02_04_NAME,CSTP_PF007_02_04_DESC,F,ICONC_EQUIP_CSTM_0001,207140,PL_TP_F0072_04,FALSE,FALSE,,,,,,,,,,,,,,
CSTP_PF007_03_04,CSTP_PF007_03_04_NAME,CSTP_PF007_03_04_DESC,F,ICONC_EQUIP_CSTM_0001,207150,PL_TP_F0073_04,FALSE,FALSE,,,,,,,,,,,,,,
CSTP_PF007_04_04,CSTP_PF007_04_04_NAME,CSTP_PF007_04_04_DESC,F,ICONC_EQUIP_CSTM_0001,207160,PL_TP_F0074_04,FALSE,FALSE,,,,,,,,,,,,,,
CSTP_PF008_01_01,CSTP_PF008_01_01_NAME,CSTP_PF008_01_01_DESC,F,ICONC_EQUIP_CSTM_0001,208010,PL_TP_F0081_01,FALSE,FALSE,,,,,,,,,,,,,,
CSTP_PF008_02_01,CSTP_PF008_02_01_NAME,CSTP_PF008_02_01_DESC,F,ICONC_EQUIP_CSTM_0001,208020,PL_TP_F0082_01,FALSE,FALSE,,,,,,,,,,,,,,
CSTP_PF008_03_01,CSTP_PF008_03_01_NAME,CSTP_PF008_03_01_DESC,F,ICONC_EQUIP_CSTM_0001,208030,PL_TP_F0083_01,FALSE,FALSE,,,,,,,,,,,,,,
CSTP_PF008_04_01,CSTP_PF008_04_01_NAME,CSTP_PF008_04_01_DESC,F,ICONC_EQUIP_CSTM_0001,208040,PL_TP_F0084_01,FALSE,FALSE,,,,,,,,,,,,,,
CSTP_PF008_01_02,CSTP_PF008_01_02_NAME,CSTP_PF008_01_02_DESC,F,ICONC_EQUIP_CSTM_0001,208050,PL_TP_F0081_02,FALSE,FALSE,,,,,,,,,,,,,,
CSTP_PF008_02_02,CSTP_PF008_02_02_NAME,CSTP_PF008_02_02_DESC,F,ICONC_EQUIP_CSTM_0001,208060,PL_TP_F0082_02,FALSE,FALSE,,,,,,,,,,,,,,
CSTP_PF008_03_02,CSTP_PF008_03_02_NAME,CSTP_PF008_03_02_DESC,F,ICONC_EQUIP_CSTM_0001,208070,PL_TP_F0083_02,FALSE,FALSE,,,,,,,,,,,,,,
CSTP_PF008_04_02,CSTP_PF008_04_02_NAME,CSTP_PF008_04_02_DESC,F,ICONC_EQUIP_CSTM_0001,208080,PL_TP_F0084_02,FALSE,FALSE,,,,,,,,,,,,,,
CSTP_PF008_01_03,CSTP_PF008_01_03_NAME,CSTP_PF008_01_03_DESC,F,ICONC_EQUIP_CSTM_0001,208090,PL_TP_F0081_03,FALSE,FALSE,,,,,,,,,,,,,,
CSTP_PF008_02_03,CSTP_PF008_02_03_NAME,CSTP_PF008_02_03_DESC,F,ICONC_EQUIP_CSTM_0001,208100,PL_TP_F0082_03,FALSE,FALSE,,,,,,,,,,,,,,
CSTP_PF008_03_03,CSTP_PF008_03_03_NAME,CSTP_PF008_03_03_DESC,F,ICONC_EQUIP_CSTM_0001,208110,PL_TP_F0083_03,FALSE,FALSE,,,,,,,,,,,,,,
CSTP_PF008_04_03,CSTP_PF008_04_03_NAME,CSTP_PF008_04_03_DESC,F,ICONC_EQUIP_CSTM_0001,208120,PL_TP_F0084_03,FALSE,FALSE,,,,,,,,,,,,,,
CSTP_PF008_01_04,CSTP_PF008_01_04_NAME,CSTP_PF008_01_04_DESC,F,ICONC_EQUIP_CSTM_0001,208130,PL_TP_F0081_04,FALSE,FALSE,,,,,,,,,,,,,,
CSTP_PF008_02_04,CSTP_PF008_02_04_NAME,CSTP_PF008_02_04_DESC,F,ICONC_EQUIP_CSTM_0001,208140,PL_TP_F0082_04,FALSE,FALSE,,,,,,,,,,,,,,
CSTP_PF008_03_04,CSTP_PF008_03_04_NAME,CSTP_PF008_03_04_DESC,F,ICONC_EQUIP_CSTM_0001,208150,PL_TP_F0083_04,FALSE,FALSE,,,,,,,,,,,,,,
CSTP_PF008_04_04,CSTP_PF008_04_04_NAME,CSTP_PF008_04_04_DESC,F,ICONC_EQUIP_CSTM_0001,208160,PL_TP_F0084_04,FALSE,FALSE,,,,,,,,,,,,,,
CSTP_PF009_01_01,CSTP_PF009_01_01_NAME,CSTP_PF009_01_01_DESC,F,ICONC_EQUIP_CSTM_0001,209010,PL_TP_F0091_01,FALSE,FALSE,,,,,,,,,,,,,,
CSTP_PF009_02_01,CSTP_PF009_02_01_NAME,CSTP_PF009_02_01_DESC,F,ICONC_EQUIP_CSTM_0001,209020,PL_TP_F0092_01,FALSE,FALSE,,,,,,,,,,,,,,
CSTP_PF009_03_01,CSTP_PF009_03_01_NAME,CSTP_PF009_03_01_DESC,F,ICONC_EQUIP_CSTM_0001,209030,PL_TP_F0093_01,FALSE,FALSE,,,,,,,,,,,,,,
CSTP_PF009_04_01,CSTP_PF009_04_01_NAME,CSTP_PF009_04_01_DESC,F,ICONC_EQUIP_CSTM_0001,209040,PL_TP_F0094_01,FALSE,FALSE,,,,,,,,,,,,,,
CSTP_PF009_01_02,CSTP_PF009_01_02_NAME,CSTP_PF009_01_02_DESC,F,ICONC_EQUIP_CSTM_0001,209050,PL_TP_F0091_02,FALSE,FALSE,,,,,,,,,,,,,,
CSTP_PF009_02_02,CSTP_PF009_02_02_NAME,CSTP_PF009_02_02_DESC,F,ICONC_EQUIP_CSTM_0001,209060,PL_TP_F0092_02,FALSE,FALSE,,,,,,,,,,,,,,
CSTP_PF009_03_02,CSTP_PF009_03_02_NAME,CSTP_PF009_03_02_DESC,F,ICONC_EQUIP_CSTM_0001,209070,PL_TP_F0093_02,FALSE,FALSE,,,,,,,,,,,,,,
CSTP_PF009_04_02,CSTP_PF009_04_02_NAME,CSTP_PF009_04_02_DESC,F,ICONC_EQUIP_CSTM_0001,209080,PL_TP_F0094_02,FALSE,FALSE,,,,,,,,,,,,,,
CSTP_PF009_01_03,CSTP_PF009_01_03_NAME,CSTP_PF009_01_03_DESC,F,ICONC_EQUIP_CSTM_0001,209090,PL_TP_F0091_03,FALSE,FALSE,,,,,,,,,,,,,,
CSTP_PF009_02_03,CSTP_PF009_02_03_NAME,CSTP_PF009_02_03_DESC,F,ICONC_EQUIP_CSTM_0001,209100,PL_TP_F0092_03,FALSE,FALSE,,,,,,,,,,,,,,
CSTP_PF009_03_03,CSTP_PF009_03_03_NAME,CSTP_PF009_03_03_DESC,F,ICONC_EQUIP_CSTM_0001,209110,PL_TP_F0093_03,FALSE,FALSE,,,,,,,,,,,,,,
CSTP_PF009_04_03,CSTP_PF009_04_03_NAME,CSTP_PF009_04_03_DESC,F,ICONC_EQUIP_CSTM_0001,209120,PL_TP_F0094_03,FALSE,FALSE,,,,,,,,,,,,,,
CSTP_PF009_01_04,CSTP_PF009_01_04_NAME,CSTP_PF009_01_04_DESC,F,ICONC_EQUIP_CSTM_0001,209130,PL_TP_F0091_04,FALSE,FALSE,,,,,,,,,,,,,,
CSTP_PF009_02_04,CSTP_PF009_02_04_NAME,CSTP_PF009_02_04_DESC,F,ICONC_EQUIP_CSTM_0001,209140,PL_TP_F0092_04,FALSE,FALSE,,,,,,,,,,,,,,
CSTP_PF009_03_04,CSTP_PF009_03_04_NAME,CSTP_PF009_03_04_DESC,F,ICONC_EQUIP_CSTM_0001,209150,PL_TP_F0093_04,FALSE,FALSE,,,,,,,,,,,,,,
CSTP_PF009_04_04,CSTP_PF009_04_04_NAME,CSTP_PF009_04_04_DESC,F,ICONC_EQUIP_CSTM_0001,209160,PL_TP_F0094_04,FALSE,FALSE,,,,,,,,,,,,,,
CSTP_PF012_01_01,CSTP_PF012_01_01_NAME,CSTP_PF012_01_01_DESC,F,ICONC_EQUIP_CSTM_0001,210010,PL_TP_F0121_01,FALSE,FALSE,,,,,,MSCN_07_008,,,,,,,,
CSTP_PF012_01_02,CSTP_PF012_01_02_NAME,CSTP_PF012_01_02_DESC,F,ICONC_EQUIP_CSTM_0001,210020,PL_TP_F0121_02,FALSE,FALSE,,,,,,MSCN_07_013,,,,,,,,
CSTP_PF012_01_03,CSTP_PF012_01_03_NAME,CSTP_PF012_01_03_DESC,F,ICONC_EQUIP_CSTM_0001,210030,PL_TP_F0121_03,FALSE,FALSE,,,,,,MSCN_07_008,,,,,,,,
CSTP_PF012_01_04,CSTP_PF012_01_04_NAME,CSTP_PF012_01_04_DESC,F,ICONC_EQUIP_CSTM_0001,210040,PL_TP_F0121_04,FALSE,FALSE,,,,,,MSCN_07_013,,,,,,,,
CSTP_PF012_01_05,CSTP_PF012_01_05_NAME,CSTP_PF012_01_05_DESC,F,ICONC_EQUIP_CSTM_0001,210050,PL_TP_F0121_05,FALSE,FALSE,,,,,,MSCN_07_013,,,,,,,,
CSTP_PF013_01_01,CSTP_PF013_01_01_NAME,CSTP_PF013_01_01_DESC,F,ICONC_EQUIP_CSTM_0001,209210,PL_TP_F0131_01,FALSE,FALSE,,,,STOR_01_JINKI_FIT,STOR_01_JINKI_FIT,,1,1,,,,,,
CSTP_PF013_01_02,CSTP_PF013_01_02_NAME,CSTP_PF013_01_02_DESC,F,ICONC_EQUIP_CSTM_0001,209220,PL_TP_F0131_02,FALSE,FALSE,,,,STOR_01_JINKI_FIT,STOR_01_JINKI_FIT,,1,1,,,,,,
CSTP_PF013_01_03,CSTP_PF013_01_03_NAME,CSTP_PF013_01_03_DESC,F,ICONC_EQUIP_CSTM_0001,209230,PL_TP_F0131_03,FALSE,FALSE,,,,STOR_01_JINKI_FIT,STOR_01_JINKI_FIT,,1,1,,,,,,
CSTP_PF013_01_04,CSTP_PF013_01_04_NAME,CSTP_PF013_01_04_DESC,F,ICONC_EQUIP_CSTM_0001,209240,PL_TP_F0131_04,FALSE,FALSE,,,,STOR_01_JINKI_FIT,STOR_01_JINKI_FIT,,1,1,,,,,,
CSTP_PF014_01_01,CSTP_PF014_01_01_NAME,CSTP_PF014_01_01_DESC,F,ICONC_EQUIP_CSTM_0001,209310,PL_TP_F0141_01,FALSE,FALSE,,,,STOR_01_JINKI_FIT,STOR_01_JINKI_FIT,,1,1,,,,,,
CSTP_PF014_01_02,CSTP_PF014_01_02_NAME,CSTP_PF014_01_02_DESC,F,ICONC_EQUIP_CSTM_0001,209320,PL_TP_F0141_02,FALSE,FALSE,,,,STOR_01_JINKI_FIT,STOR_01_JINKI_FIT,,1,1,,,,,,
CSTP_PF014_01_03,CSTP_PF014_01_03_NAME,CSTP_PF014_01_03_DESC,F,ICONC_EQUIP_CSTM_0001,209330,PL_TP_F0141_03,FALSE,FALSE,,,,STOR_01_JINKI_FIT,STOR_01_JINKI_FIT,,1,1,,,,,,
CSTP_PF014_01_04,CSTP_PF014_01_04_NAME,CSTP_PF014_01_04_DESC,F,ICONC_EQUIP_CSTM_0001,209340,PL_TP_F0141_04,FALSE,FALSE,,,,STOR_01_JINKI_FIT,STOR_01_JINKI_FIT,,1,1,,,,,,
CSTP_PF015_01_01,CSTP_PF015_01_01_NAME,CSTP_PF015_01_01_DESC,F,ICONC_EQUIP_CSTM_0001,209410,PL_TP_F0151_01,FALSE,FALSE,,,,STOR_01_JINKI_FIT,STOR_01_JINKI_FIT,,1,1,,,,,,
CSTP_PF015_01_02,CSTP_PF015_01_02_NAME,CSTP_PF015_01_02_DESC,F,ICONC_EQUIP_CSTM_0001,209420,PL_TP_F0151_02,FALSE,FALSE,,,,STOR_01_JINKI_FIT,STOR_01_JINKI_FIT,,1,1,,,,,,
CSTP_PF015_01_03,CSTP_PF015_01_03_NAME,CSTP_PF015_01_03_DESC,F,ICONC_EQUIP_CSTM_0001,209430,PL_TP_F0151_03,FALSE,FALSE,,,,STOR_01_JINKI_FIT,STOR_01_JINKI_FIT,,1,1,,,,,,
CSTP_PF015_01_04,CSTP_PF015_01_04_NAME,CSTP_PF015_01_04_DESC,F,ICONC_EQUIP_CSTM_0001,209440,PL_TP_F0151_04,FALSE,FALSE,,,,STOR_01_JINKI_FIT,STOR_01_JINKI_FIT,,1,1,,,,,,
CSTP_PF016_01_01,CSTP_PF016_01_01_NAME,CSTP_PF016_01_01_DESC,F,ICONC_EQUIP_CSTM_0001,209510,PL_TP_F0161_01,FALSE,FALSE,,,,,,MSCN_07_008,,,,,,,,
CSTP_PF016_01_02,CSTP_PF016_01_02_NAME,CSTP_PF016_01_02_DESC,F,ICONC_EQUIP_CSTM_0001,209520,PL_TP_F0161_02,FALSE,FALSE,,,,,,MSCN_07_013,,,,,,,,
CSTP_PF016_01_03,CSTP_PF016_01_03_NAME,CSTP_PF016_01_03_DESC,F,ICONC_EQUIP_CSTM_0001,209530,PL_TP_F0161_03,FALSE,FALSE,,,,,,MSCN_07_008,,,,,,,,
CSTP_PF016_01_04,CSTP_PF016_01_04_NAME,CSTP_PF016_01_04_DESC,F,ICONC_EQUIP_CSTM_0001,209540,PL_TP_F0161_04,FALSE,FALSE,,,,,,MSCN_07_008,,,,,,,,
CSTP_PF017_01_01,CSTP_PF017_01_01_NAME,CSTP_PF017_01_01_DESC,F,ICONC_EQUIP_CSTM_0001,209610,PL_TP_F0171_01,FALSE,FALSE,,,,,,MSCN_07_013,,,,,,,,
CSTP_PF017_01_02,CSTP_PF017_01_02_NAME,CSTP_PF017_01_02_DESC,F,ICONC_EQUIP_CSTM_0001,209620,PL_TP_F0171_02,FALSE,FALSE,,,,,,MSCN_07_008,,,,,,,,
CSTP_PF017_01_03,CSTP_PF017_01_03_NAME,CSTP_PF017_01_03_DESC,F,ICONC_EQUIP_CSTM_0001,209630,PL_TP_F0171_03,FALSE,FALSE,,,,,,MSCN_07_013,,,,,,,,
CSTP_PF017_01_04,CSTP_PF017_01_04_NAME,CSTP_PF017_01_04_DESC,F,ICONC_EQUIP_CSTM_0001,209640,PL_TP_F0171_04,FALSE,FALSE,,,,,,MSCN_07_013,,,,,,,,
CSTP_PF018_01_01,CSTP_PF018_01_01_NAME,CSTP_PF018_01_01_DESC,F,ICONC_EQUIP_CSTM_0003,217010,NP_TP_F0141_00,TRUE,FALSE,,,,STOR_07_BATTLE_AFTER_ENDING1,STOR_07_BATTLE_AFTER_ENDING1,,,,,,,,,
CSTP_PF019_01_01,CSTP_PF019_01_01_NAME,CSTP_PF019_01_01_DESC,F,ICONC_EQUIP_CSTM_0003,217050,PL_TP_F0191_01,TRUE,FALSE,,,,STOR_07_BATTLE_AFTER_ENDING1,STOR_07_BATTLE_AFTER_ENDING1,,,,,,,,,
CSTP_PF022_01_01,CSTP_PF022_01_01_NAME,CSTP_PF022_01_01_DESC,F,ICONC_EQUIP_CSTM_0001,216010,PL_TP_F0221_01,FALSE,FALSE,,,,STOR_07_BATTLE_AFTER_ENDING1,STOR_07_BATTLE_AFTER_ENDING1,,,,,,,,,
CSTP_PF022_01_02,CSTP_PF022_01_02_NAME,CSTP_PF022_01_02_DESC,F,ICONC_EQUIP_CSTM_0001,216020,PL_TP_F0221_02,FALSE,FALSE,,,,STOR_07_BATTLE_AFTER_ENDING1,STOR_07_BATTLE_AFTER_ENDING1,,,,,,,,,
CSTP_PF022_01_03,CSTP_PF022_01_03_NAME,CSTP_PF022_01_03_DESC,F,ICONC_EQUIP_CSTM_0001,216030,PL_TP_F0221_03,FALSE,FALSE,,,,STOR_07_BATTLE_AFTER_ENDING1,STOR_07_BATTLE_AFTER_ENDING1,,,,,,,,,
CSTP_PF022_01_04,CSTP_PF022_01_04_NAME,CSTP_PF022_01_04_DESC,F,ICONC_EQUIP_CSTM_0001,216040,PL_TP_F0221_04,FALSE,FALSE,,,,STOR_07_BATTLE_AFTER_ENDING1,STOR_07_BATTLE_AFTER_ENDING1,,,,,,,,,
CSTP_PF023_01_01,CSTP_PF023_01_01_NAME,CSTP_PF023_01_01_DESC,F,ICONC_EQUIP_CSTM_0001,216050,PL_TP_F0231_01,FALSE,FALSE,,,,STOR_07_BATTLE_AFTER_ENDING1,STOR_07_BATTLE_AFTER_ENDING1,,,,,,,,,
CSTP_PF023_01_02,CSTP_PF023_01_02_NAME,CSTP_PF023_01_02_DESC,F,ICONC_EQUIP_CSTM_0001,216060,PL_TP_F0231_02,FALSE,FALSE,,,,STOR_07_BATTLE_AFTER_ENDING1,STOR_07_BATTLE_AFTER_ENDING1,,,,,,,,,
CSTP_PF023_01_03,CSTP_PF023_01_03_NAME,CSTP_PF023_01_03_DESC,F,ICONC_EQUIP_CSTM_0001,216070,PL_TP_F0231_03,FALSE,FALSE,,,,STOR_07_BATTLE_AFTER_ENDING1,STOR_07_BATTLE_AFTER_ENDING1,,,,,,,,,
CSTP_PF023_01_04,CSTP_PF023_01_04_NAME,CSTP_PF023_01_04_DESC,F,ICONC_EQUIP_CSTM_0001,216080,PL_TP_F0231_04,FALSE,FALSE,,,,STOR_07_BATTLE_AFTER_ENDING1,STOR_07_BATTLE_AFTER_ENDING1,,,,,,,,,
CSTP_PF024_01_01,CSTP_PF024_01_01_NAME,CSTP_PF024_01_01_DESC,F,ICONC_EQUIP_CSTM_0003,216090,PL_TP_F0241_01,TRUE,FALSE,,,,STOR_07_BATTLE_AFTER_ENDING1,STOR_07_BATTLE_AFTER_ENDING1,,,,,,,,,
CSTP_PF024_01_02,CSTP_PF024_01_02_NAME,CSTP_PF024_01_02_DESC,F,ICONC_EQUIP_CSTM_0003,216100,PL_TP_F0241_02,TRUE,FALSE,,,,STOR_07_BATTLE_AFTER_ENDING1,STOR_07_BATTLE_AFTER_ENDING1,,,,,,,,,
CSTP_PF024_01_03,CSTP_PF024_01_03_NAME,CSTP_PF024_01_03_DESC,F,ICONC_EQUIP_CSTM_0003,216110,PL_TP_F0241_03,TRUE,FALSE,,,,STOR_07_BATTLE_AFTER_ENDING1,STOR_07_BATTLE_AFTER_ENDING1,,,,,,,,,
CSTP_PF024_01_04,CSTP_PF024_01_04_NAME,CSTP_PF024_01_04_DESC,F,ICONC_EQUIP_CSTM_0003,216120,PL_TP_F0241_04,TRUE,FALSE,,,,STOR_07_BATTLE_AFTER_ENDING1,STOR_07_BATTLE_AFTER_ENDING1,,,,,,,,,
CSTP_PF025_01_01,CSTP_PF025_01_01_NAME,CSTP_PF025_01_01_DESC,F,ICONC_EQUIP_CSTM_0001,216130,PL_TP_F0251_01,FALSE,FALSE,,,,STOR_01_JINKI_FIT,STOR_01_JINKI_FIT,,1,1,,,,,,
CSTP_PF025_01_02,CSTP_PF025_01_02_NAME,CSTP_PF025_01_02_DESC,F,ICONC_EQUIP_CSTM_0001,216140,PL_TP_F0251_02,FALSE,FALSE,,,,STOR_01_JINKI_FIT,STOR_01_JINKI_FIT,,1,1,,,,,,
CSTP_PF025_01_03,CSTP_PF025_01_03_NAME,CSTP_PF025_01_03_DESC,F,ICONC_EQUIP_CSTM_0001,216150,PL_TP_F0251_03,FALSE,FALSE,,,,STOR_01_JINKI_FIT,STOR_01_JINKI_FIT,,1,1,,,,,,
CSTP_PF025_01_04,CSTP_PF025_01_04_NAME,CSTP_PF025_01_04_DESC,F,ICONC_EQUIP_CSTM_0001,216160,PL_TP_F0251_04,FALSE,FALSE,,,,STOR_01_JINKI_FIT,STOR_01_JINKI_FIT,,1,1,,,,,,
CSTP_PF026_01_01,CSTP_PF026_01_01_NAME,CSTP_PF026_01_01_DESC,F,ICONC_EQUIP_CSTM_0001,216170,PL_TP_F0261_01,FALSE,FALSE,,,,STOR_01_JINKI_FIT,STOR_01_JINKI_FIT,,1,1,,,,,,
CSTP_PF026_01_02,CSTP_PF026_01_02_NAME,CSTP_PF026_01_02_DESC,F,ICONC_EQUIP_CSTM_0001,216180,PL_TP_F0261_02,FALSE,FALSE,,,,STOR_01_JINKI_FIT,STOR_01_JINKI_FIT,,1,1,,,,,,
CSTP_PF026_01_03,CSTP_PF026_01_03_NAME,CSTP_PF026_01_03_DESC,F,ICONC_EQUIP_CSTM_0001,216190,PL_TP_F0261_03,FALSE,FALSE,,,,STOR_01_JINKI_FIT,STOR_01_JINKI_FIT,,1,1,,,,,,
CSTP_PF026_01_04,CSTP_PF026_01_04_NAME,CSTP_PF026_01_04_DESC,F,ICONC_EQUIP_CSTM_0001,216200,PL_TP_F0261_04,FALSE,FALSE,,,,STOR_01_JINKI_FIT,STOR_01_JINKI_FIT,,1,1,,,,,,
CSTP_PF027_01_01,CSTP_PF027_01_01_NAME,CSTP_PF027_01_01_DESC,F,ICONC_EQUIP_CSTM_0001,216210,PL_TP_F0271_01,FALSE,FALSE,,,,STOR_01_JINKI_FIT,STOR_01_JINKI_FIT,,1,1,,,,,,
CSTP_PF027_01_02,CSTP_PF027_01_02_NAME,CSTP_PF027_01_02_DESC,F,ICONC_EQUIP_CSTM_0001,216220,PL_TP_F0271_02,FALSE,FALSE,,,,STOR_01_JINKI_FIT,STOR_01_JINKI_FIT,,1,1,,,,,,
CSTP_PF027_01_03,CSTP_PF027_01_03_NAME,CSTP_PF027_01_03_DESC,F,ICONC_EQUIP_CSTM_0001,216230,PL_TP_F0271_03,FALSE,FALSE,,,,STOR_01_JINKI_FIT,STOR_01_JINKI_FIT,,1,1,,,,,,
CSTP_PF027_01_04,CSTP_PF027_01_04_NAME,CSTP_PF027_01_04_DESC,F,ICONC_EQUIP_CSTM_0001,216240,PL_TP_F0271_04,FALSE,FALSE,,,,STOR_01_JINKI_FIT,STOR_01_JINKI_FIT,,1,1,,,,,,
CSTP_PF028_01_01,CSTP_PF028_01_01_NAME,CSTP_PF028_01_01_DESC,F,ICONC_EQUIP_CSTM_0001,216250,PL_TP_F0311_01,FALSE,FALSE,,,,STOR_01_JINKI_FIT,STOR_01_JINKI_FIT,,1,1,,,,,,
CSTP_PF028_01_02,CSTP_PF028_01_02_NAME,CSTP_PF028_01_02_DESC,F,ICONC_EQUIP_CSTM_0001,216260,PL_TP_F0311_02,FALSE,FALSE,,,,STOR_01_JINKI_FIT,STOR_01_JINKI_FIT,,1,1,,,,,,
CSTP_PF028_01_03,CSTP_PF028_01_03_NAME,CSTP_PF028_01_03_DESC,F,ICONC_EQUIP_CSTM_0001,216270,PL_TP_F0311_03,FALSE,FALSE,,,,STOR_01_JINKI_FIT,STOR_01_JINKI_FIT,,1,1,,,,,,
CSTP_PF028_01_04,CSTP_PF028_01_04_NAME,CSTP_PF028_01_04_DESC,F,ICONC_EQUIP_CSTM_0001,216280,PL_TP_F0311_04,FALSE,FALSE,,,,STOR_01_JINKI_FIT,STOR_01_JINKI_FIT,,1,1,,,,,,
CSTP_PF029_01_01,CSTP_PF029_01_01_NAME,CSTP_PF029_01_01_DESC,F,ICONC_EQUIP_CSTM_0001,216290,PL_TP_F0281_01,FALSE,FALSE,,,,STOR_01_JINKI_FIT,STOR_01_JINKI_FIT,,1,1,,,,,,
CSTP_PF029_01_02,CSTP_PF029_01_02_NAME,CSTP_PF029_01_02_DESC,F,ICONC_EQUIP_CSTM_0001,216300,PL_TP_F0281_02,FALSE,FALSE,,,,STOR_01_JINKI_FIT,STOR_01_JINKI_FIT,,1,1,,,,,,
CSTP_PF029_01_03,CSTP_PF029_01_03_NAME,CSTP_PF029_01_03_DESC,F,ICONC_EQUIP_CSTM_0001,216310,PL_TP_F0281_03,FALSE,FALSE,,,,STOR_01_JINKI_FIT,STOR_01_JINKI_FIT,,1,1,,,,,,
CSTP_PF029_01_04,CSTP_PF029_01_04_NAME,CSTP_PF029_01_04_DESC,F,ICONC_EQUIP_CSTM_0001,216320,PL_TP_F0281_04,FALSE,FALSE,,,,STOR_01_JINKI_FIT,STOR_01_JINKI_FIT,,1,1,,,,,,
CSTP_PF030_01_01,CSTP_PF030_01_01_NAME,CSTP_PF030_01_01_DESC,F,ICONC_EQUIP_CSTM_0001,216330,PL_TP_F0291_01,FALSE,FALSE,,,,STOR_01_JINKI_FIT,STOR_01_JINKI_FIT,,1,1,,,,,,
CSTP_PF030_01_02,CSTP_PF030_01_02_NAME,CSTP_PF030_01_02_DESC,F,ICONC_EQUIP_CSTM_0001,216340,PL_TP_F0291_02,FALSE,FALSE,,,,STOR_01_JINKI_FIT,STOR_01_JINKI_FIT,,1,1,,,,,,
CSTP_PF030_01_03,CSTP_PF030_01_03_NAME,CSTP_PF030_01_03_DESC,F,ICONC_EQUIP_CSTM_0001,216350,PL_TP_F0291_03,FALSE,FALSE,,,,STOR_01_JINKI_FIT,STOR_01_JINKI_FIT,,1,1,,,,,,
CSTP_PF030_01_04,CSTP_PF030_01_04_NAME,CSTP_PF030_01_04_DESC,F,ICONC_EQUIP_CSTM_0001,216360,PL_TP_F0291_04,FALSE,FALSE,,,,STOR_01_JINKI_FIT,STOR_01_JINKI_FIT,,1,1,,,,,,
CSTP_PF031_01_01,CSTP_PF031_01_01_NAME,CSTP_PF031_01_01_DESC,F,ICONC_EQUIP_CSTM_0003,216400,PL_TP_F0301_04,TRUE,FALSE,,,,STOR_01_JINKI_FIT,STOR_01_JINKI_FIT,,1,1,,,,,,
CSTP_PF031_01_02,CSTP_PF031_01_02_NAME,CSTP_PF031_01_02_DESC,F,ICONC_EQUIP_CSTM_0003,216380,PL_TP_F0301_02,TRUE,FALSE,,,,STOR_01_JINKI_FIT,STOR_01_JINKI_FIT,,1,1,,,,,,
CSTP_PF031_01_03,CSTP_PF031_01_03_NAME,CSTP_PF031_01_03_DESC,F,ICONC_EQUIP_CSTM_0003,216390,PL_TP_F0301_03,TRUE,FALSE,,,,STOR_01_JINKI_FIT,STOR_01_JINKI_FIT,,1,1,,,,,,
CSTP_PF031_01_04,CSTP_PF031_01_04_NAME,CSTP_PF031_01_04_DESC,F,ICONC_EQUIP_CSTM_0003,216370,PL_TP_F0301_01,TRUE,FALSE,,,,STOR_01_JINKI_FIT,STOR_01_JINKI_FIT,,1,1,,,,,,
CSTP_PF032_01_01,CSTP_PF032_01_01_NAME,CSTP_PF032_01_01_DESC,F,ICONC_EQUIP_CSTM_0001,216450,PL_TP_F0321_01,FALSE,FALSE,,,,STOR_01_JINKI_FIT,STOR_01_JINKI_FIT,,1,1,,,,,,
CSTP_PF032_01_02,CSTP_PF032_01_02_NAME,CSTP_PF032_01_02_DESC,F,ICONC_EQUIP_CSTM_0001,216410,PL_TP_F0321_02,FALSE,FALSE,,,,STOR_01_JINKI_FIT,STOR_01_JINKI_FIT,,1,1,,,,,,
CSTP_PF032_01_03,CSTP_PF032_01_03_NAME,CSTP_PF032_01_03_DESC,F,ICONC_EQUIP_CSTM_0001,216430,PL_TP_F0321_03,FALSE,FALSE,,,,STOR_01_JINKI_FIT,STOR_01_JINKI_FIT,,1,1,,,,,,
CSTP_PF032_01_04,CSTP_PF032_01_04_NAME,CSTP_PF032_01_04_DESC,F,ICONC_EQUIP_CSTM_0001,216420,PL_TP_F0321_04,FALSE,FALSE,,,,STOR_01_JINKI_FIT,STOR_01_JINKI_FIT,,1,1,,,,,,
CSTP_PF032_01_05,CSTP_PF032_01_05_NAME,CSTP_PF032_01_05_DESC,F,ICONC_EQUIP_CSTM_0001,216440,PL_TP_F0321_05,FALSE,FALSE,,,,STOR_01_JINKI_FIT,STOR_01_JINKI_FIT,,1,1,,,,,,
CSTP_PF010_01_01,CSTP_PF010_01_01_NAME,CSTP_PF010_01_01_DESC,F,ICONC_EQUIP_CSTM_0001,220010,PL_TP_F0101_01,FALSE,FALSE,,,,STOR_01_JINKI_FIT,STOR_07_BATTLE_AFTER_ENDING1,,1,,,,,,,
CSTP_PF010_01_02,CSTP_PF010_01_02_NAME,CSTP_PF010_01_02_DESC,F,ICONC_EQUIP_CSTM_0001,220020,PL_TP_F0101_02,FALSE,FALSE,,,,STOR_01_JINKI_FIT,STOR_07_BATTLE_AFTER_ENDING1,,1,,,,,,,
CSTP_PF010_01_03,CSTP_PF010_01_03_NAME,CSTP_PF010_01_03_DESC,F,ICONC_EQUIP_CSTM_0001,220030,PL_TP_F0101_03,FALSE,FALSE,,,,STOR_01_JINKI_FIT,STOR_07_BATTLE_AFTER_ENDING1,,1,,,,,,,
CSTP_PF010_01_04,CSTP_PF010_01_04_NAME,CSTP_PF010_01_04_DESC,F,ICONC_EQUIP_CSTM_0001,220040,PL_TP_F0101_04,FALSE,FALSE,,,,STOR_01_JINKI_FIT,STOR_07_BATTLE_AFTER_ENDING1,,1,,,,,,,
CSTP_PF011_01_01,CSTP_PF011_01_01_NAME,CSTP_PF011_01_01_DESC,F,ICONC_EQUIP_CSTM_0001,221010,PL_TP_F0111_01,FALSE,FALSE,,,,STOR_01_JINKI_FIT,STOR_07_BATTLE_AFTER_ENDING1,,1,,,,,,,
CSTP_PF011_01_02,CSTP_PF011_01_02_NAME,CSTP_PF011_01_02_DESC,F,ICONC_EQUIP_CSTM_0001,221020,PL_TP_F0111_02,FALSE,FALSE,,,,STOR_01_JINKI_FIT,STOR_07_BATTLE_AFTER_ENDING1,,1,,,,,,,
CSTP_PF011_01_03,CSTP_PF011_01_03_NAME,CSTP_PF011_01_03_DESC,F,ICONC_EQUIP_CSTM_0001,221030,PL_TP_F0111_03,FALSE,FALSE,,,,STOR_01_JINKI_FIT,STOR_07_BATTLE_AFTER_ENDING1,,1,,,,,,,
CSTP_PF011_01_04,CSTP_PF011_01_04_NAME,CSTP_PF011_01_04_DESC,F,ICONC_EQUIP_CSTM_0001,221040,PL_TP_F0111_04,FALSE,FALSE,,,,STOR_01_JINKI_FIT,STOR_07_BATTLE_AFTER_ENDING1,,1,,,,,,,
CSTP_PF111_01_01,CSTP_PF111_01_01_NAME,CSTP_PM111_01_01_DESC,F,ICONC_EQUIP_CSTM_0003,221040,PL_TP_FMOD0_00,TRUE,FALSE,,,,,,MODS_03_012,,,,,,,, //Faith
CSTP_PF112_01_01,CSTP_PF112_01_01_NAME,CSTP_PM112_01_01_DESC,F,ICONC_EQUIP_CSTM_0003,221050,NP_TP_F0011_00,TRUE,FALSE,,,,STOR_07_BATTLE_AFTER_ENDING1,STOR_07_BATTLE_AFTER_ENDING1,,,,,,,,, //Phym
CSTP_PF113_01_01,CSTP_PF113_01_01_NAME,CSTP_PM113_01_01_DESC,F,ICONC_EQUIP_CSTM_0003,221060,NP_TP_F0041_00,TRUE,FALSE,,,,STOR_07_BATTLE_AFTER_ENDING1,STOR_07_BATTLE_AFTER_ENDING1,,,,,,,,, //Hilda
CSTP_PF114_01_01,CSTP_PF114_01_01_NAME,CSTP_PM114_01_01_DESC,F,ICONC_EQUIP_CSTM_0003,221070,NP_TP_F0181_00,TRUE,FALSE,,,,STOR_07_BATTLE_AFTER_ENDING1,STOR_07_BATTLE_AFTER_ENDING1,,,,,,,,, //Hope
CSTP_PF115_01_01,CSTP_PF115_01_01_NAME,CSTP_PM115_01_01_DESC,F,ICONC_EQUIP_CSTM_0003,221080,NP_TP_F0013_00,TRUE,FALSE,,,,STOR_07_BATTLE_AFTER_ENDING1,STOR_07_BATTLE_AFTER_ENDING1,,,,,,,,, //PhymNC
CSTP_PF116_01_01,CSTP_PF116_01_01_NAME,CSTP_PM116_01_01_DESC,F,ICONC_EQUIP_CSTM_0003,221090,NP_TP_F0191_00,TRUE,FALSE,,,,STOR_07_BATTLE_AFTER_ENDING1,STOR_07_BATTLE_AFTER_ENDING1,,,,,,,,, //C.Queen
CSTP_PF117_01_01,CSTP_PF117_01_01_NAME,CSTP_PM117_01_01_DESC,F,ICONC_EQUIP_CSTM_0003,221100,NP_TP_F0061_00,TRUE,FALSE,,,,STOR_07_BATTLE_AFTER_ENDING1,STOR_07_BATTLE_AFTER_ENDING1,,,,,,,,, //Dress
CSTP_PF118_01_01,CSTP_PF118_01_01_NAME,CSTP_PM117_01_01_DESC,F,ICONC_EQUIP_CSTM_0003,221100,NP_TP_F0022_00,TRUE,FALSE,,,,STOR_07_BATTLE_AFTER_ENDING1,STOR_07_BATTLE_AFTER_ENDING1,,,,,,,,, //Dress
CSTP_PF119_01_01,CSTP_PF119_01_01_NAME,CSTP_PM117_01_01_DESC,F,ICONC_EQUIP_CSTM_0003,221100,NP_TP_F0051_00,TRUE,FALSE,,,,STOR_07_BATTLE_AFTER_ENDING1,STOR_07_BATTLE_AFTER_ENDING1,,,,,,,,,
CSTP_PF120_01_01,CSTP_PF120_01_01_NAME,CSTP_PM117_01_01_DESC,F,ICONC_EQUIP_CSTM_0003,221100,NP_TP_F0201_00,TRUE,FALSE,,,,STOR_07_BATTLE_AFTER_ENDING1,STOR_07_BATTLE_AFTER_ENDING1,,,,,,,,,
CSTP_PF121_01_01,CSTP_PF121_01_01_NAME,CSTP_PM117_01_01_DESC,F,ICONC_EQUIP_CSTM_0003,221100,NP_TP_F0012_00,TRUE,FALSE,,,,STOR_07_BATTLE_AFTER_ENDING1,STOR_07_BATTLE_AFTER_ENDING1,,,,,,,,,
