face_id,name_text_id,gender,sort_id,re_id,dlcKey_id
CHRF_PM001,CHRF_PM001_NAME,M,1001,NP_FA_M0221_00,
CHRF_PM002,CHRF_PM002_NAME,M,1002,PL_FA_M0002_00,
CHRF_PM003,CHRF_PM003_NAME,M,1003,PL_FA_M0003_00,
CHRF_PM004,CHRF_PM004_NAME,M,1004,PL_FA_M0004_00,
CHRF_PM005,CHRF_PM005_NAME,M,1005,PL_FA_M0005_00,
CHRF_PM006,CHRF_PM006_NAME,M,1006,PL_FA_M0006_00,
CHRF_PM007,CHRF_PM007_NAME,M,1007,PL_FA_M0007_00,
CHRF_PM008,CHRF_PM008_NAME,M,1008,PL_FA_M0008_00,
CHRF_PM009,CHRF_PM009_NAME,M,1009,PL_FA_M0009_00,
CHRF_PM010,CHRF_PM010_NAME,M,1010,PL_FA_M0010_00,
CHRF_PF001,CHRF_PF001_NAME,F,2001,PL_FA_F0001_00,
CHRF_PF002,CHRF_PF002_NAME,F,2002,PL_FA_F0002_00,
CHRF_PF003,CHRF_PF003_NAME,F,2003,PL_FA_F0003_00,
CHRF_PF004,CHRF_PF004_NAME,F,2004,PL_FA_F0004_00,
CHRF_PF005,CHRF_PF005_NAME,F,2005,PL_FA_F0005_00,
CHRF_PF006,CHRF_PF006_NAME,F,2006,PL_FA_F0006_00,
CHRF_PF007,CHRF_PF007_NAME,F,2007,PL_FA_F0007_00,
CHRF_PF008,CHRF_PF008_NAME,F,2008,PL_FA_F0008_00,
CHRF_PF009,CHRF_PF009_NAME,F,2009,PL_FA_F0009_00,
CHRF_PF010,CHRF_PF010_NAME,F,2010,PL_FA_F0010_00,
CHRF_PF011,CHRF_PF010_NAME,F,2011,NP_FA_F0011_00,
CHRF_PF012,CHRF_PF010_NAME,F,2011,NP_FA_F0021_00,
CHRF_PF013,CHRF_PF010_NAME,F,2011,NP_FA_F0031_00,
CHRF_PF014,CHRF_PF010_NAME,F,2011,NP_FA_F0141_00,
