mission_id,title_text_id,contents_text_id,title_text_id_2,contents_text_id_2,goal_text_id,rank,limit_time,clear_free_time,type,mode,field_id,weather,bgm,cc_bgm,engage_bgm,start_jingle,open_progress,open_mission_id,next_mission_id,phase,hp_coefficient_1,attack_coefficient_1,hp_coefficient_2,attack_coefficient_2,hp_coefficient_3,attack_coefficient_3,hp_coefficient_4,attack_coefficient_4,enemy_id_1,en_pos_no_1,is_target_1,en_pop_type_1,is_infinite_1,active_type_1,enemy_id_2,en_pos_no_2,is_target_2,en_pop_type_2,is_infinite_2,active_type_2,enemy_id_3,en_pos_no_3,is_target_3,en_pop_type_3,is_infinite_3,active_type_3,enemy_id_4,en_pos_no_4,is_target_4,en_pop_type_4,is_infinite_4,active_type_4,enemy_id_5,en_pos_no_5,is_target_5,en_pop_type_5,is_infinite_5,active_type_5,enemy_id_6,en_pos_no_6,is_target_6,en_pop_type_6,is_infinite_6,active_type_6,enemy_id_7,en_pos_no_7,is_target_7,en_pop_type_7,is_infinite_7,active_type_7,enemy_id_8,en_pos_no_8,is_target_8,en_pop_type_8,is_infinite_8,active_type_8,enemy_id_9,en_pos_no_9,is_target_9,en_pop_type_9,is_infinite_9,active_type_9,enemy_id_10,en_pos_no_10,is_target_10,en_pop_type_10,is_infinite_10,active_type_10,join_num,player_pos_group,npc_chara_id_1,npc_chara_id_2,npc_chara_id_3,bk_chara_id,operator_chara_id,mission_lsd,start_event_id(battle),end_event_id(battle),rankB_clear_time,rankA_clear_time,rankAA_clear_time,rankS_clear_time,rankSS_clear_time,rankSSS_clear_time,platform,event_type,mission_motion_type,is_prohibit_enemy_dinner,special_mission_type
NX_TEST_HABAKIRI_ANUBIS_04,MSRX_80_001_NAME,MSRX_80_001_DESC,MSRX_80_001_NAME,MSRX_80_001_DESC,,1,40,40,0,0,FM04_01,MAIN,SNDS_BGM_M024_FM04,SNDS_BGM_M002_BATTLE_ASHBORN,,,,,,,1,1,3,1,3,1,3,1,AGM0081,8,1,0,,5,AGL0131,6,1,0,,5,,,,,,,,,,,,,,,,,,,,,,,,,,,,,,,,,,,,,,,,,,,,,,,,,8,0,NPCC_0001,NPCC_0003,NPCC_0004,,,,,,300,280,260,240,210,180,3,1,0,,
NX_TEST_BALMUNG_SIYU_04,MSST_04_004_NAME,MSST_04_004_DESC,MSST_04_004_NAME,MSST_04_004_DESC,,1,40,40,0,0,FM03_01,MAIN,SNDS_BGM_M023_FM03,SNDS_BGM_M053_BATTLE_OTHER2,,,,,,,1,1,3,1,3,1,3,1,AGM0021,8,1,0,,5,AGL0171,6,1,0,,5,,,,,,,,,,,,,,,,,,,,,,,,,,,,,,,,,,,,,,,,,,,,,,,,,8,0,NPCC_0001,NPCC_0003,NPCC_0004,,,,,,300,280,260,240,210,180,3,1,0,,
MSEX_80_003,MSEX_80_002_NAME,MSEX_80_002_DESC,MSEX_80_002_NAME,MSEX_80_002_DESC,,1,40,40,0,0,FM04_01,MAIN,SNDS_BGM_BTL_BGM_BATTLE_GE2_SOLDIERS_MASTER,SNDS_BGM_BTL_BGM_BATTLE_GE2_SOLDIERS_MASTER,,SNDS_JNG_BTL_JINGLE_BATTLE_CITY,,,,,1,1,1,1,1,1,1,1,AGS0061,32,1,1,,2,AGS0061,9,1,1,,2,,,,,,,,,,,,,,,,,,,,,,,,,,,,,,,,,,,,,,,,,,,,,,,,,4,0,NPCC_0001,NPCC_0003,NPCC_0004,,,,,,,600,480,360,300,240,3,1,0,,
MSEX_80_004,MSEX_80_001_NAME,MSEX_80_001_DESC,MSEX_80_001_NAME,MSEX_80_001_DESC,,1,40,40,0,0,FM01_01,MAIN,SNDS_BGM_BTL_BGM_BATTLE_GE2_SOLDIERS_MASTER,SNDS_BGM_BTL_BGM_BATTLE_GE2_SOLDIERS_MASTER,,SNDS_JNG_BTL_JINGLE_BATTLE_CITY,,,,,1,1,1,1,1,1,1,1,AGL0131,7,1,0,,,,,,,,,,,,,,,,,,,,,,,,,,,,,,,,,,,,,,,,,,,,,,,,,,,,,,,,,4,0,NPCC_0001,NPCC_0003,NPCC_0004,,,,,,,600,480,360,300,240,3,1,0,,
MSST_01_001,MSST_01_001_NAME,MSST_01_001_DESC,MSST_01_001_AFTER_NAME,MSST_01_001_AFTER_DESC,SYS_MISSION_GOAL_0001,1,40,30,0,8,FM01_01,MAIN,SNDS_BGM_M021_FM01,SNDS_BGM_M002_BATTLE_ASHBORN,,SNDS_BGM_M021_FM01,STOR_01_JINKI_FIT,,,,1,1,1,1,1,1,3,1,,,,,,,,,,,,,,,,,,,,,,,,,,,,,,,,,,,,,,,,,,,,,,,,,,,,,,,,,,,,,4,0,NPCC_0001,NPC_NONE,NPC_NONE,,,,DEMO_M_A_0030,,,2401,2401,2401,2401,2400,0,-1,1,,
MSST_01_002,MSST_01_002_NAME,MSST_01_002_DESC,MSST_01_002_AFTER_NAME,MSST_01_002_AFTER_DESC,SYS_MISSION_GOAL_0001,1,40,15,0,8,FM01_01,MAIN,SNDS_BGM_M021_FM01,SNDS_BGM_M002_BATTLE_ASHBORN,,SNDS_BGM_M021_FM01,STOR_01_FRIVOLOUS,,,,1,1,1,1,1,1,3,1,,,,,,,,,,,,,,,,,,,,,,,,,,,,,,,,,,,,,,,,,,,,,,,,,,,,,,,,,,,,,4,0,NPCC_0004,NPC_NONE,NPC_NONE,,,,,,,2401,2401,2401,2401,2400,0,-1,0,,
MSST_01_003,MSST_01_003_NAME,MSST_01_003_DESC,MSST_01_003_AFTER_NAME,MSST_01_003_AFTER_DESC,SYS_MISSION_GOAL_0001,1,40,30,0,8,FM01_02,MAIN,SNDS_BGM_M021_FM01,SNDS_BGM_M002_BATTLE_ASHBORN,,SNDS_BGM_M021_FM01,STOR_01_VARRIOS_INTENT,,,,1,1,1,1,1,1,3,1,,,,,,,,,,,,,,,,,,,,,,,,,,,,,,,,,,,,,,,,,,,,,,,,,,,,,,,,,,,,,4,0,NPCC_0001,NPC_NONE,NPC_NONE,,,,,,,2401,2401,2401,2401,2400,0,-1,0,,
MSST_01_004,MSST_01_004_NAME,MSST_01_004_DESC,MSST_01_004_AFTER_NAME,MSST_01_004_AFTER_DESC,SYS_MISSION_GOAL_0001,1,40,40,0,8,FM01_01,MAIN,SNDS_BGM_M021_FM01,SNDS_BGM_M002_BATTLE_ASHBORN,,SNDS_BGM_M021_FM01,STOR_01_ENGAGE,,,,1,1,1,1,1,1,3,1,,,,,,,,,,,,,,,,,,,,,,,,,,,,,,,,,,,,,,,,,,,,,,,,,,,,,,,,,,,,,4,0,NPCC_0001,NPC_NONE,NPC_NONE,,,,,,,2401,2401,2401,2401,2400,0,-1,0,,
MSST_01_010,MSST_01_010_NAME,MSST_01_010_DESC,MSST_01_010_AFTER_NAME,MSST_01_010_AFTER_DESC,SYS_MISSION_GOAL_0001,1,40,40,0,0,FM01_02,MAIN,SNDS_BGM_M021_FM01,SNDS_BGM_M002_BATTLE_ASHBORN,,,STOR_01_FUKAI,,,,1,1,1,1,1,1,1,1,AGS0031,38,1,0,,,AGS0031,39,1,0,,,AGS0051,15,1,0,,,AGS0051,16,1,0,,,,,,,,,,,,,,,,,,,,,,,,,,,,,,,,,,,,,,,4,0,NPCC_0004,NPC_NONE,NPC_NONE,,,,,,,200,170,140,110,80,0,-1,0,,
MSST_01_005,MSST_01_005_NAME,MSST_01_005_DESC,MSST_01_005_AFTER_NAME,MSST_01_005_AFTER_DESC,SYS_MISSION_GOAL_0001,1,40,40,0,5,FM01_02,MAIN,SNDS_BGM_M021_FM01,SNDS_BGM_M002_BATTLE_ASHBORN,,,STOR_01_GE_CHILDREN,,MSST_01_006,1,1,1,1,1,1,1,1,1,AGS0061,16,1,0,,,AGS0061,14,1,0,,,AGS0071,13,1,0,,,AGS0071,24,1,0,,,,,,,,,,,,,,,,,,,,,,,,,,,,,,,,,,,,,,,4,0,NPCC_0001,NPCC_0004,NPC_NONE,,,,,,,200,170,140,110,80,0,-1,0,,
MSST_01_006,MSST_01_005_NAME,MSST_01_005_DESC,MSST_01_006_AFTER_NAME,MSST_01_006_AFTER_DESC,SYS_MISSION_GOAL_0001,1,40,10,0,7,FM01_02,MAIN,SNDS_BGM_M048_BATTLE_OTHER1,SNDS_BGM_M002_BATTLE_ASHBORN,,,STOR_01_GE_CHILDREN,,,2,1,1,1,1,0.7,1,1,1,AGM0091,31,1,1,,,,,,,,,,,,,,,,,,,,,,,,,,,,,,,,,,,,,,,,,,,,,,,,,,,,,,,,,4,5,NPCC_0001,NPCC_0004,NPC_NONE,,,,DEMO_M_A_0070,DEMO_M_R_0080,,480,420,360,300,240,0,-1,1,,
MSST_02_001,MSST_02_001_NAME,MSST_02_001_DESC,MSST_02_001_NAME,MSST_02_001_AFTER_DESC,SYS_MISSION_GOAL_0002,2,40,40,0,0,FM01_02,SUB1,SNDS_BGM_M021_FM01,SNDS_BGM_M002_BATTLE_ASHBORN,,,STOR_02_CARAVAN,,,,1,1,1,1,1,1,1.5,1,AGS0062,12,1,0,,,AGS0062,13,1,0,,,AGS0062,33,1,0,,,AGS0062,26,1,0,,3,AGS0062,27,1,0,,4,AGS0062,28,1,0,,4,,,,,,,,,,,,,,,,,,,,,,,,,4,0,NPCC_0001,NPCC_0004,NPC_NONE,,,,,,,230,200,170,140,110,0,-1,0,,
MSST_02_002,MSST_02_002_NAME,MSST_02_002_DESC,MSST_02_002_NAME,MSST_02_002_AFTER_DESC,SYS_MISSION_GOAL_0002,2,40,40,0,0,FM01_02,SUB2,SNDS_BGM_M021_FM01,SNDS_BGM_M002_BATTLE_ASHBORN,,,STOR_02_WATCHDOG,,,,1,1,1,1,1,1,1.5,1,AGS0021,12,1,0,,1,AGS0021,33,1,0,,1,AGS0021,28,1,0,,5,AGS0021,27,1,0,,5,,,,,,,,,,,,,,,,,,,,,,,,,,,,,,,,,,,,,4,0,NPCC_0001,NPCC_0004,NPCC_0003,,,,,,,230,200,170,140,110,0,-1,0,,
MSST_02_003,MSST_02_003_NAME,MSST_02_003_DESC,MSST_02_003_NAME,MSST_02_003_AFTER_DESC,SYS_MISSION_GOAL_0002,2,40,40,0,0,FM01_02,SUB1,SNDS_BGM_M021_FM01,SNDS_BGM_M002_BATTLE_ASHBORN,,,STOR_02_ORPHANS,,,,1,1,1,1,1,1,1,1,AGS0011,18,1,0,,4,AGS0011,19,1,0,,2,,,,,,,,,,,,,,,,,,,,,,,,,,,,,,,,,,,,,,,,,,,,,,,,,4,0,NPCC_0001,NPCC_0004,NPCC_0003,,,,,,,560,500,440,380,320,0,-1,0,,
MSST_02_004,MSST_02_004_NAME,MSST_02_004_DESC,MSST_02_004_NAME,MSST_02_004_AFTER_DESC,SYS_MISSION_GOAL_0002,2,40,40,0,0,FM02_02,MAIN,SNDS_BGM_M022_FM02,SNDS_BGM_M002_BATTLE_ASHBORN,,,STOR_02_KANNO_RADAR,,,,1,1,1,1,1,1,1.5,1,AGS0051,9,1,1,,,AGS0051,15,1,1,,,AGS0051,16,1,1,,,,,,,,,,,,,,,,,,,,,,,,,,,,,,,,,,,,,,,,,,,,,4,0,NPCC_0001,NPCC_0004,NPCC_0003,,,,,DEMO_M_A_0160,,250,220,190,160,130,0,-1,0,,
MSST_02_005,MSST_02_005_NAME,MSST_02_005_DESC,MSST_02_005_NAME,MSST_02_005_AFTER_DESC,SYS_MISSION_GOAL_0002,2,40,40,0,0,FM02_01,MAIN,SNDS_BGM_M022_FM02,SNDS_BGM_M002_BATTLE_ASHBORN,,,STOR_02_KILLER_GIRL,,,,1,1,1,1,1,1,1,1,AGS0071,27,1,0,,4,AGS0071,36,1,0,,,,,,,,,,,,,,,,,,,,,,,,,,,,,,,,,,,,,,,,,,,,,,,,,,,4,0,NPCC_0001,NPCC_0004,NPCC_0003,,,,,,,480,420,360,300,240,0,-1,0,,
MSST_02_006,MSST_02_006_NAME,MSST_02_006_DESC,MSST_02_006_NAME,MSST_02_006_AFTER_DESC,SYS_MISSION_GOAL_0002,2,40,40,0,0,FM04_01,MAIN,SNDS_BGM_M024_FM04,SNDS_BGM_M002_BATTLE_ASHBORN,,,STOR_02_G_TRIGGER,,,,1,1,1,1,1,1,1,1,AGS0031,19,1,1,,,AGS0051,19,1,1,,,AGS0031,9,1,1,,,AGS0051,9,1,1,,,,,,,,,,,,,,,,,,,,,,,,,,,,,,,,,,,,,,,4,0,NPCC_0005,,,,,,,,,560,500,440,380,320,0,-1,0,,
MSST_02_010,MSST_02_010_NAME,MSST_02_010_DESC,MSST_02_010_NAME,MSST_02_010_AFTER_DESC,SYS_MISSION_GOAL_0002,2,40,40,0,0,FM02_01,MAIN,SNDS_BGM_M022_FM02,SNDS_BGM_M002_BATTLE_ASHBORN,,,STOR_02_G_USED,,,,1,1,1,1,1,1,1,1,AGS0072,8,0,1,,1,AGS0072,10,0,1,,3,AGL0041,3,1,0,,3,,,,,,,,,,,,,,,,,,,,,,,,,,,,,,,,,,,,,,,,,,,4,0,,,,,,,,,,520,460,400,340,280,0,-1,0,,
MSST_02_007,MSST_02_007_NAME,MSST_02_007_DESC,MSST_02_007_NAME,MSST_02_007_AFTER_DESC,SYS_MISSION_GOAL_0002,2,40,40,0,0,FM04_01,SUB1,SNDS_BGM_M024_FM04,SNDS_BGM_M002_BATTLE_ASHBORN,,,STOR_02_CC_INFO,,,,1,1,1,1,1,1,1,1,AGL0021,4,1,0,,2,AGS0061,7,0,0,,,AGS0061,14,0,0,,,,,,,,,,,,,,,,,,,,,,,,,,,,,,,,,,,,,,,,,,,,,4,0,,,,,,,,,,520,460,400,340,280,0,-1,0,,
MSST_02_008,MSST_02_008_NAME,MSST_02_008_DESC,MSST_02_008_NAME,MSST_02_008_AFTER_DESC,SYS_MISSION_GOAL_0002,2,40,40,0,0,FM02_02,SUB2,SNDS_BGM_M022_FM02,SNDS_BGM_M002_BATTLE_ASHBORN,,,STOR_02_FEBRI,,,,1,1,1,1,1,1,1.5,1,AGS0062,8,1,0,,1,,,,,,,,,,,,,,,,,,,,,,,,,,,,,,,,,,,,,,,,,,,,,,,,,,,,,,,4,0,,,,,,,,,,250,220,190,160,130,0,-1,0,,
MSST_02_009,MSST_02_009_NAME,MSST_02_009_DESC,MSST_02_009_NAME,MSST_02_009_AFTER_DESC,SYS_MISSION_GOAL_0002,2,40,40,0,3,FM02_01,MAIN,SNDS_BGM_M022_FM02,SNDS_BGM_M009_HUNTING,,,STOR_02_CC_1ST_BATTLE,,,,1,1,1,1,1,1,1,1,AGL0161,37,1,1,,,,,,,,,,,,,,,,,,,,,,,,,,,,,,,,,,,,,,,,,,,,,,,,,,,,,,,,,4,4,NPCC_0001,NPCC_0003,NPC_NONE,,,,DEMO_M_A_0220,,,660,600,540,480,420,0,-1,1,,
MSST_03_001,MSST_03_001_NAME,MSST_03_001_DESC,MSST_03_001_NAME,MSST_03_001_AFTER_DESC,SYS_MISSION_GOAL_0002,3,40,40,0,0,FM02_01,MAIN,SNDS_BGM_M022_FM02,SNDS_BGM_M002_BATTLE_ASHBORN,,,STOR_03_FEBRIS_POWER,,,,1,1,1,1,1,1,1,1,AGS0061,10,1,0,,3,AGS0061,38,1,0,,4,AGS0021,28,1,1,,2,AGS0021,29,1,1,,4,,,,,,,,,,,,,,,,,,,,,,,,,,,,,,,,,,,,,4,0,,,,,,,,,,560,500,440,380,320,0,-1,0,,
MSST_03_002,MSST_03_002_NAME,MSST_03_002_DESC,MSST_03_002_NAME,MSST_03_002_AFTER_DESC,SYS_MISSION_GOAL_0002,3,40,40,0,0,FM03_01,MAIN,SNDS_BGM_M023_FM03,SNDS_BGM_M002_BATTLE_ASHBORN,,,STOR_03_RETURN_DEMAND,,,,1,1,1,1,1,1,1,1,AGS0071,8,1,0,,1,AGS0071,16,1,0,,4,,,,,,,,,,,,,,,,,,,,,,,,,,,,,,,,,,,,,,,,,,,,,,,,,4,0,,,,,,,,,,620,560,500,440,380,0,-1,0,,
MSST_03_003,MSST_03_003_NAME,MSST_03_003_DESC,MSST_03_003_NAME,MSST_03_003_AFTER_DESC,SYS_MISSION_GOAL_0003,3,40,40,0,0,FM03_01,SUB1,SNDS_BGM_M023_FM03,SNDS_BGM_M002_BATTLE_ASHBORN,,,STOR_03_OWNERS_PORT,,,,1,1,1,1,1,1,1,1,AGM0021,5,1,0,,3,AGS0061,20,0,1,,1,AGS0061,9,0,1,,1,AGS0061,14,0,1,,1,AGS0061,15,0,1,,1,,,,,,,,,,,,,,,,,,,,,,,,,,,,,,,4,0,,,,,,,,,,510,450,390,330,270,0,-1,0,,
MSST_03_004,MSST_03_004_NAME,MSST_03_004_DESC,MSST_03_004_NAME,MSST_03_004_AFTER_DESC,SYS_MISSION_GOAL_0004,3,40,40,0,0,FM03_01,MAIN,SNDS_BGM_M023_FM03,SNDS_BGM_M002_BATTLE_ASHBORN,,,STOR_03_DEPARTURE,,,,1,1,1,1,1,1,1,1,AGS0011,10,1,0,,4,AGS0011,14,1,0,,3,AGS0011,22,1,0,,4,,,,,,,,,,,,,,,,,,,,,,,,,,,,,,,,,,,,,,,,,,,4,0,,,,,,,,,,540,480,420,360,300,0,-1,0,,
MSST_03_005,MSST_03_005_NAME,MSST_03_005_DESC,MSST_03_005_NAME,MSST_03_005_AFTER_DESC,SYS_MISSION_GOAL_0004,3,40,40,0,0,FM03_02,MAIN,SNDS_BGM_M023_FM03,SNDS_BGM_M002_BATTLE_ASHBORN,,,STOR_03_RADIO_FAILING,,,,1,1,1,1,1,1,1,1,AGS0071,8,1,1,,1,AGS0071,9,1,1,,1,AGS0071,10,1,1,,1,AGS0071,11,1,1,,1,,,,,,,,,,,,,,,,,,,,,,,,,,,,,,,,,,,,,4,0,NPCC_0002,,,,,,,DEMO_M_A_0320,,540,480,420,360,300,0,-1,0,,
MSST_03_006,MSST_03_006_NAME,MSST_03_006_DESC,MSST_03_006_NAME,MSST_03_006_AFTER_DESC,SYS_MISSION_GOAL_0004,3,40,40,0,0,FM03_02,SUB2,SNDS_BGM_M023_FM03,SNDS_BGM_M002_BATTLE_ASHBORN,,,STOR_03_MCGILLIS,,,,1,1,1,1,1,1,1,1,AGL0041,4,1,0,,,,,,,,,,,,,,,,,,,,,,,,,,,,,,,,,,,,,,,,,,,,,,,,,,,,,,,,,4,0,,,,,,,,,,560,500,440,380,320,0,-1,0,,
MSST_03_007,MSST_03_007_NAME,MSST_03_007_DESC,MSST_03_007_NAME,MSST_03_007_AFTER_DESC,SYS_MISSION_GOAL_0004,3,40,40,0,0,FM04_01,MAIN,SNDS_BGM_M024_FM04,SNDS_BGM_M002_BATTLE_ASHBORN,,,STOR_03_WATCHIDOG_WAVER,,,,1,1,1,1,1,1,1.5,1,AGS0011,9,1,1,,,AGS0031,16,1,0,,,,,,,,,,,,,,,,,,,,,,,,,,,,,,,,,,,,,,,,,,,,,,,,,,,4,0,,,,,,,,,,210,180,150,120,90,0,-1,0,,
MSST_03_008,MSST_03_008_NAME,MSST_03_008_DESC,MSST_03_008_NAME,MSST_03_008_AFTER_DESC,SYS_MISSION_GOAL_0004,3,40,40,0,0,FM04_01,SUB2,SNDS_BGM_M024_FM04,SNDS_BGM_M002_BATTLE_ASHBORN,,,STOR_03_WHAT_U_THINK,,,,1,1,1,1,1,1,1,1,AGM0092,4,1,0,,,AGS0031,11,0,1,,3,AGS0031,12,0,1,,3,AGS0031,20,0,1,,4,AGS0031,25,0,1,,4,,,,,,,,,,,,,,,,,,,,,,,,,,,,,,,4,0,,,,,,,,,,560,500,440,380,320,0,-1,0,,
MSST_03_009,MSST_03_009_NAME,MSST_03_009_DESC,MSST_03_009_NAME,MSST_03_009_AFTER_DESC,SYS_MISSION_GOAL_0004,3,40,40,0,0,FM01_01,MAIN,SNDS_BGM_M021_FM01,SNDS_BGM_M002_BATTLE_ASHBORN,,,STOR_03_GETTING_WORSE,,,,1,1,1,1,1,1,1,1,AGL0031,17,1,1,,,,,,,,,,,,,,,,,,,,,,,,,,,,,,,,,,,,,,,,,,,,,,,,,,,,,,,,,4,0,,,,,,,,,,540,480,420,360,300,0,-1,0,,
MSST_03_010,MSST_03_010_NAME,MSST_03_010_DESC,MSST_03_010_NAME,MSST_03_010_AFTER_DESC,SYS_MISSION_GOAL_0004,3,40,40,0,0,FM01_01,SUB1,SNDS_BGM_M021_FM01,SNDS_BGM_M002_BATTLE_ASHBORN,,,STOR_03_AGONY,,,,1,1,1,1,1,1,1,1,AGM0031,1,1,1,,,,,,,,,,,,,,,,,,,,,,,,,,,,,,,,,,,,,,,,,,,,,,,,,,,,,,,,,4,0,,,,,,,,,,660,600,540,480,420,0,-1,0,,
MSST_03_011,MSST_03_011_NAME,MSST_03_011_DESC,MSST_03_011_NAME,MSST_03_011_AFTER_DESC,SYS_MISSION_GOAL_0004,3,40,40,0,0,FM04_02,MAIN,SNDS_BGM_M024_FM04,SNDS_BGM_M012_EVENT_RED_QUEEN,,,STOR_03_CARAVAN_PLAN,,,,1,1,1,1,1,1,1,1,AGL0141,5,1,0,,1,,,,,,,,,,,,,,,,,,,,,,,,,,,,,,,,,,,,,,,,,,,,,,,,,,,,,,,4,0,,,,,,,,,,720,660,600,540,480,0,-1,0,,
MSST_04_001,MSST_04_001_NAME,MSST_04_001_DESC,MSST_04_001_NAME,MSST_04_001_AFTER_DESC,SYS_MISSION_GOAL_0005,4,40,40,0,2,FM04_02,SUB2,SNDS_BGM_M024_FM04,SNDS_BGM_M002_BATTLE_ASHBORN,,,STOR_04_TAKE_OVER,,MSST_04_003,1,1,1,0.9,1,0.9,1,0.9,1,AGM0071,11,1,1,,3,AGS0071,1,0,0,,1,AGS0071,9,0,0,,4,AGS0071,10,0,0,,4,,,,,,,,,,,,,,,,,,,,,,,,,,,,,,,,,,,,,4,0,NPCC_0004,NPCC_0005,NPC_NONE,,,,,,,540,480,420,360,300,0,-1,0,,
MSST_04_003,MSST_04_001_NAME,MSST_04_003_DESC,MSST_04_001_NAME,MSST_04_003_AFTER_DESC,SYS_MISSION_GOAL_0005,4,40,40,0,1,FM04_02,MAIN,SNDS_BGM_M024_FM04,SNDS_BGM_M002_BATTLE_ASHBORN,,,STOR_04_TAKE_OVER,,,2,1,1,0.9,1,0.9,1,0.9,1,AGS0062,33,0,0,,2,AGS0062,34,0,0,,4,AGS0062,35,0,0,,4,AGM0061,3,1,0,,3,,,,,,,,,,,,,,,,,,,,,,,,,,,,,,,,,,,,,4,3,NPCC_0004,NPCC_0005,NPC_NONE,,,,,,,540,480,420,360,300,0,-1,0,,
MSST_04_004,MSST_04_004_NAME,MSST_04_004_DESC,MSST_04_004_NAME,MSST_04_004_DESC,SYS_MISSION_GOAL_0005,4,40,40,2,4,FM04_02,MAIN,SNDS_BGM_M024_FM04,SNDS_BGM_M053_BATTLE_OTHER2,,,STOR_04_MATCH_PUMP,,,,1,1,1,1,1,1,1,1,AGL0171,32,1,1,,,,,,,,,,,,,,,,,,,,,,,,,,,,,,,,,,,,,,,,,,,,,,,,,,,,,,,,,4,5,NPCC_0004,NPCC_0005,NPC_NONE,,,,DEMO_M_R_0445/DEMO_M_A_0450,DEMO_M_A_0460,,660,600,540,480,420,0,-1,1,,
MSST_04_005,MSST_04_005_NAME,MSST_04_005_DESC,MSST_04_005_NAME,MSST_04_005_AFTER_DESC,SYS_MISSION_GOAL_0005,4,40,40,0,0,FM04_01,SUB2,SNDS_BGM_M053_BATTLE_OTHER2,SNDS_BGM_M053_BATTLE_OTHER2,,,STOR_04_CC_ATTACK,,,,1,1,1,1,1,1,1,1,AGL0171,2,1,1,,5,AGS0061,10,0,0,,,AGS0061,11,0,0,,,AGS0061,15,0,0,,,,,,,,,,,,,,,,,,,,,,,,,,,,,,,,,,,,,,,4,0,,,,,,,,,,720,660,600,540,480,0,-1,0,,
MSST_04_006,MSST_04_006_NAME,MSST_04_006_DESC,MSST_04_006_NAME,MSST_04_006_AFTER_DESC,SYS_MISSION_GOAL_0006,4,40,40,0,0,FM04_02,SUB1,SNDS_BGM_M024_FM04,SNDS_BGM_M002_BATTLE_ASHBORN,,,STOR_04_NEGOTIATION,,,,1,1,1,1,1,1,1,1,AGS0051,17,0,1,,,AGS0051,18,0,1,,,AGS0071,19,0,0,,1,AGS0071,25,0,0,,1,AGL0021,2,1,0,,,,,,,,,,,,,,,,,,,,,,,,,,,,,,,,,4,1,,,,,,,,,,560,500,440,380,320,0,-1,0,,
MSST_04_007,MSST_04_007_NAME,MSST_04_007_DESC,MSST_04_007_NAME,MSST_04_007_AFTER_DESC,SYS_MISSION_GOAL_0006,4,40,40,0,0,FM03_02,MAIN,SNDS_BGM_M023_FM03,SNDS_BGM_M002_BATTLE_ASHBORN,,,STOR_04_GRAND_OPERATION,,,,1,1,1,1,1,1,1,1,AGM0082,5,1,0,,,,,,,,,,,,,,,,,,,,,,,,,,,,,,,,,,,,,,,,,,,,,,,,,,,,,,,,,4,0,,,,,,,,,,600,540,480,420,360,0,-1,0,,
MSST_04_008,MSST_04_008_NAME,MSST_04_008_DESC,MSST_04_008_NAME,MSST_04_008_AFTER_DESC,SYS_MISSION_GOAL_0006,4,40,40,0,0,FM03_01,SUB2,SNDS_BGM_M023_FM03,SNDS_BGM_M002_BATTLE_ASHBORN,,,STOR_04_FIRST_TRIAL,,,,1,1,1,1,1,1,1,1,AGS0072,9,1,0,,1,AGS0072,11,1,0,,1,AGS0072,8,1,0,,1,,,,,,,,,,,,,,,,,,,,,,,,,,,,,,,,,,,,,,,,,,,4,1,,,,,,,,,,600,540,480,420,360,0,-1,0,,
MSST_04_009,MSST_04_009_NAME,MSST_04_009_DESC,MSST_04_009_NAME,MSST_04_009_AFTER_DESC,SYS_MISSION_GOAL_0006,4,40,40,0,0,FM02_01,SUB2,SNDS_BGM_M022_FM02,SNDS_BGM_M002_BATTLE_ASHBORN,,,STOR_04_BATTLE_AT_FIRST_TRIAL,,,,1,1,1,1,1,1,1,1,AGM0072,9,1,3,,1,AGS0051,19,0,1,,,AGS0051,34,0,1,,,AGS0051,15,0,1,,,AGS0051,27,0,1,,,,,,,,,,,,,,,,,,,,,,,,,,,,,,,,,4,2,,,,,,,,,,540,480,420,360,300,0,-1,0,,
MSST_04_010,MSST_04_010_NAME,MSST_04_010_DESC,MSST_04_010_NAME,MSST_04_010_AFTER_DESC,SYS_MISSION_GOAL_0006,4,40,45,0,0,FM02_02,SUB1,SNDS_BGM_M022_FM02,SNDS_BGM_M009_HUNTING,,,STOR_04_OWNERS_PAST,,,,1,1,1,1,1,1,1,1,AGM0061,0,1,3,,1,AGS0062,14,0,1,,,AGS0062,15,0,1,,,AGS0062,20,0,1,,,AGS0062,21,0,1,,,,,,,,,,,,,,,,,,,,,,,,,,,,,,,,,4,0,,,,,,,,,,960,900,840,780,720,0,-1,0,,
MSST_04_011,MSST_04_011_NAME,MSST_04_011_DESC,MSST_04_011_NAME,MSST_04_011_AFTER_DESC,SYS_MISSION_GOAL_0006,4,40,40,0,0,FM01_02,SUB1,SNDS_BGM_M048_BATTLE_OTHER1,SNDS_BGM_M002_BATTLE_ASHBORN,,,STOR_04_OWNERS_EXPRESS,,,,1,1,1,1,1,1,1,1,AGM0091,1,1,0,,,AGS0072,12,0,0,,,AGS0072,13,0,0,,,AGS0072,16,0,0,,,,,,,,,,,,,,,,,,,,,,,,,,,,,,,,,,,,,,,4,0,,,,,,,,,,720,660,600,540,480,0,-1,0,,
MSST_04_012,MSST_04_012_NAME,MSST_04_012_DESC,MSST_04_012_NAME,MSST_04_012_AFTER_DESC,SYS_MISSION_GOAL_0006,4,40,40,0,0,FM01_01,MAIN,SNDS_BGM_M021_FM01,SNDS_BGM_M002_BATTLE_ASHBORN,,,STOR_04_BATTLE_ON_THE_WAY_TO_HQ1,,,,1,1,1,1,1,1,1,1,AGL0051,10,1,1,,1,AGS0071,8,0,0,,,AGS0071,9,0,0,,,,,,,,,,,,,,,,,,,,,,,,,,,,,,,,,,,,,,,,,,,,,4,2,,,,,,,,,,580,520,460,400,340,0,-1,0,,
MSST_04_013,MSST_04_013_NAME,MSST_04_013_DESC,MSST_04_013_NAME,MSST_04_013_AFTER_DESC,SYS_MISSION_GOAL_0006,4,40,40,0,0,FM04_02,SUB1,SNDS_BGM_M024_FM04,SNDS_BGM_M002_BATTLE_ASHBORN,,,STOR_04_BATTLE_ON_THE_WAY_TO_HQ2,,,,1,1,1,1,1,1,1,1,AGM0081,3,1,0,,,AGS0071,21,0,0,,,AGS0071,22,0,0,,,,,,,,,,,,,,,,,,,,,,,,,,,,,,,,,,,,,,,,,,,,,4,0,,,,,,,,,,670,610,550,490,430,0,-1,0,,
MSST_05_001,MSST_05_001_NAME,MSST_05_001_DESC,MSST_05_001_NAME,MSST_05_001_AFTER_DESC,SYS_MISSION_GOAL_0006,5,40,40,0,0,FM04_02,SUB2,SNDS_BGM_M024_FM04,SNDS_BGM_M002_BATTLE_ASHBORN,,,STOR_05_BATTLE_AT_GO1,,,,1,1,1,1,1,1,1,1,AGM0062,9,1,1,,3,AGM0062,26,1,1,,3,AGS0072,16,0,0,,2,AGS0072,28,0,0,,2,,,,,,,,,,,,,,,,,,,,,,,,,,,,,,,,,,,,,4,0,,,,,,,,,,760,700,640,580,520,0,-1,0,,
MSST_05_002,MSST_05_002_NAME,MSST_05_002_DESC,MSST_05_002_NAME,MSST_05_002_AFTER_DESC,SYS_MISSION_GOAL_0006,5,40,40,0,0,FM04_01,SUB1,SNDS_BGM_M024_FM04,SNDS_BGM_M002_BATTLE_ASHBORN,,,STOR_05_BATTLE_AT_GO2,,,,1,1,1,1,1,1,1,1,AGM0082,2,1,0,,1,AGS0021,27,0,1,,2,AGS0021,28,0,1,,4,AGS0031,7,0,0,,2,AGS0031,15,0,0,,2,,,,,,,,,,,,,,,,,,,,,,,,,,,,,,,4,0,,,,,,,,,,620,560,500,440,380,0,-1,0,,
MSST_05_003,MSST_05_003_NAME,MSST_05_003_DESC,MSST_05_003_NAME,MSST_05_003_AFTER_DESC,SYS_MISSION_GOAL_0007,5,40,40,0,0,FM04_01,SUB2,SNDS_BGM_M024_FM04,SNDS_BGM_M002_BATTLE_ASHBORN,,,STOR_05_WATCHIDOG_ILL1,,,,1,1,1,1,1,1,1,1,AGM0092,23,1,1,,2,AGS0031,3,0,0,,1,AGS0031,10,0,0,,1,AGS0031,26,0,0,,1,AGS0051,3,0,1,,1,AGS0051,10,0,1,,1,AGS0051,26,0,1,,1,,,,,,,,,,,,,,,,,,,4,2,,,,,,,,,,560,500,440,380,320,0,-1,0,,
MSST_05_004,MSST_05_004_NAME,MSST_05_004_DESC,MSST_05_004_NAME,MSST_05_004_AFTER_DESC,SYS_MISSION_GOAL_0007,5,35,40,0,0,FM02_01,SUB1,SNDS_BGM_M022_FM02,SNDS_BGM_M012_EVENT_RED_QUEEN,,,STOR_05_BATTLE_AT_GO3,,,,1,1,1,1,1,1,1,1,AGL0141,1,1,0,,,,,,,,,,,,,,,,,,,,,,,,,,,,,,,,,,,,,,,,,,,,,,,,,,,,,,,,,4,0,,,,,,,,,,720,660,600,540,480,0,-1,0,,
MSST_05_006,MSST_05_006_NAME,MSST_05_006_DESC,MSST_05_006_NAME,MSST_05_006_AFTER_DESC,SYS_MISSION_GOAL_0007,5,35,40,0,0,FM03_01,SUB1,SNDS_BGM_M023_FM03,SNDS_BGM_M002_BATTLE_ASHBORN,,,STOR_05_BATTLE_AT_GO4,,,,1,1,1,1,1,1,1,1,AGL0041,3,1,0,,3,AGM0071,4,1,0,,1,AGS0011,8,0,0,,1,AGS0011,16,0,0,,4,AGS0011,12,0,0,,1,AGS0011,13,0,0,,1,,,,,,,,,,,,,,,,,,,,,,,,,4,0,,,,,,,,,,800,740,680,620,560,0,-1,0,,
MSST_05_007,MSST_05_007_NAME,MSST_05_007_DESC,MSST_05_007_NAME,MSST_05_007_AFTER_DESC,SYS_MISSION_GOAL_0007,5,35,40,0,0,FM03_02,SUB2,SNDS_BGM_M023_FM03,SNDS_BGM_M053_BATTLE_OTHER2,,,STOR_05_WATCHIDOG_ILL2,,,,1,1,1,1,1,1,1,1,AGL0171,1,1,0,,,AGS0051,8,0,1,,,AGS0051,9,0,1,,,AGS0051,10,0,1,,,AGS0051,11,0,1,,,,,,,,,,,,,,,,,,,,,,,,,,,,,,,,,4,0,,,,,,,,,,740,680,620,560,500,0,-1,0,,
MSST_05_008,MSST_05_008_NAME,MSST_05_008_DESC,MSST_05_008_NAME,MSST_05_008_AFTER_DESC,SYS_MISSION_GOAL_0007,5,35,40,0,0,FM03_02,SUB1,SNDS_BGM_M048_BATTLE_OTHER1,SNDS_BGM_M002_BATTLE_ASHBORN,,,STOR_05_BATTLE_AT_GO5,,,,1,1,1,1,1,1,1,1,AGS0062,23,0,0,,,AGS0062,24,0,0,,,AGS0062,7,0,0,,,AGS0062,6,0,0,,,AGM0091,3,1,0,,,AGM0061,5,1,0,,,,,,,,,,,,,,,,,,,,,,,,,,,4,0,,,,,,,,,,760,700,640,580,520,0,-1,0,,
MSST_05_009,MSST_05_009_NAME,MSST_05_009_DESC,MSST_05_009_NAME,MSST_05_009_AFTER_DESC,SYS_MISSION_GOAL_0007,5,30,40,0,0,FM04_02,MAIN,SNDS_BGM_M024_FM04,SNDS_BGM_M002_BATTLE_ASHBORN,,,STOR_05_OWNERS_ANXIOUS,,,,1,1,1,1,1,1,1,1,AGM0072,4,1,0,,,AGS0021,14,0,0,,1,AGS0021,30,0,0,,1,AGS0021,29,0,0,,1,AGS0021,31,0,0,,1,,,,,,,,,,,,,,,,,,,,,,,,,,,,,,,4,1,,,,,,,,,,590,530,470,410,350,0,-1,0,,
MSST_05_010,MSST_05_010_NAME,MSST_05_010_DESC,MSST_05_010_NAME,MSST_05_010_AFTER_DESC,SYS_MISSION_GOAL_0007,5,30,40,0,0,FM04_02,SUB1,SNDS_BGM_M024_FM04,SNDS_BGM_M002_BATTLE_ASHBORN,,,STOR_05_AGE_PRICE_RISE,,,,1,1,1,1,1,1,1,1,AGL0011,3,1,0,,1,AGS0071,22,0,0,,,AGS0071,0,0,0,,,AGM0081,27,1,1,,3,,,,,,,,,,,,,,,,,,,,,,,,,,,,,,,,,,,,,4,0,,,,,,,,,,820,760,700,640,580,0,-1,0,,
MSST_05_011,MSST_05_011_NAME,MSST_05_011_DESC,MSST_05_011_NAME,MSST_05_011_AFTER_DESC,SYS_MISSION_GOAL_0007,5,25,40,0,0,FM06_01,MAIN,SNDS_BGM_M025_FM06,SNDS_BGM_M002_BATTLE_ASHBORN,,,STOR_05_VIP_ORDER,,,,1,1,1,1,1,1,1,1,AGS0072,7,1,0,,,AGS0072,20,1,0,,4,AGS0072,21,1,0,,4,,,,,,,,,,,,,,,,,,,,,,,,,,,,,,,,,,,,,,,,,,,4,0,NPCC_0005,,,,,,,DEMO_M_A_0620,,580,520,460,400,340,0,-1,0,,
MSST_05_012,MSST_05_012_NAME,MSST_05_012_DESC,MSST_05_012_NAME,MSST_05_012_AFTER_DESC,SYS_MISSION_GOAL_0007,5,25,40,0,0,FM06_01,SUB2,SNDS_BGM_M025_FM06,SNDS_BGM_M009_HUNTING,,,STOR_05_WATCHIDOG_RECOVER,,,,1,1,1,1,1,1,1,1,AGM0021,9,1,1,,,,,,,,,,,,,,,,,,,,,,,,,,,,,,,,,,,,,,,,,,,,,,,,,,,,,,,,,4,0,,,,,,,,,,840,780,720,660,600,0,-1,0,,
MSST_05_013,MSST_05_013_NAME,MSST_05_013_DESC,MSST_05_013_NAME,MSST_05_013_AFTER_DESC,SYS_MISSION_GOAL_0007,5,25,40,0,2,FM06_01,SUB1,SNDS_BGM_M025_FM06,SNDS_BGM_M002_BATTLE_ASHBORN,,,STOR_05_VIDEOCONF,,MSST_05_014,1,1,1,1,1,1,1,1,1,AGS0021,20,0,0,,1,AGS0021,21,0,0,,1,AGS0021,8,0,0,,1,AGS0021,26,0,1,,1,AGS0051,22,0,1,,,AGS0051,24,0,1,,,AGL0062,5,1,0,,3,,,,,,,,,,,,,,,,,,,4,0,NPCC_0001,NPCC_0004,,,,,,,,630,570,510,450,390,0,-1,0,,
MSST_05_014,MSST_05_013_NAME,MSST_05_014_DESC,MSST_05_013_NAME,MSST_05_014_AFTER_DESC,SYS_MISSION_GOAL_0007,5,20,40,0,1,FM06_02,MAIN,SNDS_BGM_M025_FM06,SNDS_BGM_M002_BATTLE_ASHBORN,,,STOR_05_VIDEOCONF,,,2,1,1,1,1,1,1,1,1,AGS0061,14,1,0,,,AGS0061,22,1,0,,4,,,,,,,,,,,,,,,,,,,,,,,,,,,,,,,,,,,,,,,,,,,,,,,,,4,0,NPCC_0001,NPCC_0004,,,,,,DEMO_M_A_0640,,600,540,480,420,360,0,-1,0,,
MSST_05_015,MSST_05_015_NAME,MSST_05_015_DESC,MSST_05_015_NAME,MSST_05_015_AFTER_DESC,SYS_MISSION_GOAL_0007,5,20,40,0,0,FM06_02,MAIN,SNDS_BGM_M025_FM06,SNDS_BGM_M002_BATTLE_ASHBORN,,,STOR_05_EVIL_CITY,,,,1,1,1,1,1,1,1,1,AGL0131,25,1,1,,,,,,,,,,,,,,,,,,,,,,,,,,,,,,,,,,,,,,,,,,,,,,,,,,,,,,,,,4,1,,,,,,,DEMO_M_A_0650,DEMO_M_A_0660,,720,660,600,540,480,0,-1,1,,
MSST_06_001,MSST_06_001_NAME,MSST_06_001_DESC,MSST_06_001_NAME,MSST_06_001_AFTER_DESC,SYS_MISSION_GOAL_0008,6,40,40,0,0,FM03_01,SUB1,SNDS_BGM_M023_FM03,SNDS_BGM_M002_BATTLE_ASHBORN,,,STOR_06_PEACEFUL,,,,1,1,1,1,1,1,1,1,AGL0031,5,1,0,,,AGS0062,16,0,0,,,AGS0011,11,0,0,,,AGS0062,19,0,0,,,,,,,,,,,,,,,,,,,,,,,,,,,,,,,,,,,,,,,4,0,,,,,,,,,,560,500,440,380,320,0,-1,0,,
MSST_06_002,MSST_06_002_NAME,MSST_06_002_DESC,MSST_06_002_NAME,MSST_06_002_AFTER_DESC,SYS_MISSION_GOAL_0008,6,40,40,0,0,FM03_01,SUB1,SNDS_BGM_M023_FM03,SNDS_BGM_M002_BATTLE_ASHBORN,,,STOR_06_NEW_BASE,,,,1,1,1,1,1,1,1,1,AGM0081,3,1,0,,,AGS0071,8,0,0,,,AGS0071,14,0,0,,,AGS0071,17,0,0,,,,,,,,,,,,,,,,,,,,,,,,,,,,,,,,,,,,,,,4,1,,,,,,,,,,600,540,480,420,360,0,-1,0,,
MSST_06_003,MSST_06_003_NAME,MSST_06_003_DESC,MSST_06_003_NAME,MSST_06_003_AFTER_DESC,SYS_MISSION_GOAL_0008,6,40,40,0,0,FM03_02,SUB1,SNDS_BGM_M023_FM03,SNDS_BGM_M002_BATTLE_ASHBORN,,,STOR_06_CHILD_BACK,,,,1,1,1,1,1,1,1,1,AGM0071,3,1,3,,,AGS0061,6,0,0,,,AGS0061,16,0,0,,,AGS0021,17,0,0,,,AGS0021,7,0,0,,,,,,,,,,,,,,,,,,,,,,,,,,,,,,,,,4,0,,,,,,,,,,560,500,440,380,320,0,-1,0,,
MSST_06_004,MSST_06_004_NAME,MSST_06_004_DESC,MSST_06_004_NAME,MSST_06_004_AFTER_DESC,SYS_MISSION_GOAL_0009,6,40,40,0,0,FM02_01,SUB1,SNDS_BGM_M022_FM02,SNDS_BGM_M002_BATTLE_ASHBORN,,,STOR_06_FORCED_SACRIFICE,,,,1,1,1,1,1,1,1,1,AGM0092,11,1,1,,2,AGL0021,7,1,1,,1,AGS0072,14,0,0,,4,AGS0072,29,0,0,,2,AGS0072,28,0,0,,4,,,,,,,,,,,,,,,,,,,,,,,,,,,,,,,4,2,,,,,,,,,,780,720,660,600,540,0,-1,0,,
MSST_06_005,MSST_06_005_NAME,MSST_06_005_DESC,MSST_06_005_NAME,MSST_06_005_AFTER_DESC,SYS_MISSION_GOAL_0010,6,40,40,0,0,FM02_02,SUB1,SNDS_BGM_M022_FM02,SNDS_BGM_M002_BATTLE_ASHBORN,,,STOR_06_NEW_COURCE,,,,1,1,1,1,1,1,1,1,AGM0082,2,1,0,,2,AGM0011,4,1,0,,3,,,,,,,,,,,,,,,,,,,,,,,,,,,,,,,,,,,,,,,,,,,,,,,,,4,0,,,,,,,,,,800,740,680,620,560,0,-1,0,,
MSST_06_006,MSST_06_006_NAME,MSST_06_006_DESC,MSST_06_006_NAME,MSST_06_006_AFTER_DESC,SYS_MISSION_GOAL_0010,6,40,40,0,0,FM02_02,SUB1,SNDS_BGM_M022_FM02,SNDS_BGM_M053_BATTLE_OTHER2,,,STOR_06_AGES_RESIST,,,,1,1,1,1,1,1,1,1,AGL0171,1,1,0,,2,AGS0062,21,0,1,,,AGS0062,15,0,1,,,AGS0062,14,0,1,,,AGL0011,8,1,1,,2,,,,,,,,,,,,,,,,,,,,,,,,,,,,,,,4,1,NPCC_0004,,,,,,,,,960,900,840,780,720,0,-1,0,,
MSST_06_007,MSST_06_007_NAME,MSST_06_007_DESC,MSST_06_007_NAME,MSST_06_007_AFTER_DESC,SYS_MISSION_GOAL_0010,6,40,40,0,2,FM01_02,SUB2,SNDS_BGM_M048_BATTLE_OTHER1,SNDS_BGM_M002_BATTLE_ASHBORN,,,STOR_06_PRIME_FIELD,,MSST_06_008,1,1,1,1,1,1,1,1,1,AGL0041,6,1,0,,,AGM0091,7,1,0,,,AGS0051,22,0,1,,,AGS0051,29,0,1,,,,,,,,,,,,,,,,,,,,,,,,,,,,,,,,,,,,,,,4,0,,,,,,,,,,760,700,640,580,520,0,-1,0,,
MSST_06_008,MSST_06_007_NAME,MSST_06_008_DESC,MSST_06_007_NAME,MSST_06_008_AFTER_DESC,SYS_MISSION_GOAL_0010,6,40,40,0,1,FM01_01,SUB1,SNDS_BGM_M021_FM01,SNDS_BGM_M002_BATTLE_ASHBORN,,,STOR_06_PRIME_FIELD,,,2,1,1,1,1,1,1,1,1,AGL0111,4,1,1,,,AGS0061,11,0,1,,,AGS0061,13,0,1,,,AGS0031,12,0,1,,,AGS0031,15,0,1,,,,,,,,,,,,,,,,,,,,,,,,,,,,,,,,,4,2,,,,,,,,,,600,540,480,420,360,0,-1,0,,
MSST_06_009,MSST_06_009_NAME,MSST_06_009_DESC,MSST_06_009_NAME,MSST_06_009_AFTER_DESC,SYS_MISSION_GOAL_0010,6,40,40,0,0,FM01_01,SUB2,SNDS_BGM_M021_FM01,SNDS_BGM_M013_EVENT_ANXLETY,,,STOR_06_AGE_EATER,,,,1,1,1,1,1,1,1,1,AGL0151,20,1,1,,,AGS0072,0,0,0,,,AGS0072,10,0,0,,,AGS0072,13,0,0,,,AGS0072,17,0,0,,,,,,,,,,,,,,,,,,,,,,,,,,,,,,,,,4,5,,,,,,,DEMO_M_A_0770,,,740,680,620,560,500,0,-1,1,,
MSST_06_010,MSST_06_010_NAME,MSST_06_010_DESC,MSST_06_010_NAME,MSST_06_010_AFTER_DESC,SYS_MISSION_GOAL_0011,6,40,40,0,0,FM04_01,SUB2,SNDS_BGM_M024_FM04,SNDS_BGM_M002_BATTLE_ASHBORN,,,STOR_06_CAPTAIN_CHANGE,,,,1,1,1,1,1,1,1,1,AGM0051,4,1,0,,,AGM0051,6,1,0,,,,,,,,,,,,,,,,,,,,,,,,,,,,,,,,,,,,,,,,,,,,,,,,,,,4,0,,,,,,,,,,840,780,720,660,600,0,-1,0,,
MSST_06_011,MSST_06_011_NAME,MSST_06_011_DESC,MSST_06_011_NAME,MSST_06_011_AFTER_DESC,SYS_MISSION_GOAL_0011,6,40,40,0,0,FM04_01,MAIN,SNDS_BGM_M024_FM04,SNDS_BGM_M002_BATTLE_ASHBORN,,,STOR_06_FOR_FEBRI,,,,1,1,1,1,1,1,1,1,AGM0061,0,1,1,,,AGL0051,2,1,0,,,AGS0062,7,0,0,,,AGS0062,14,0,0,,,,,,,,,,,,,,,,,,,,,,,,,,,,,,,,,,,,,,,4,2,,,,,,,,,,820,760,700,640,580,0,-1,0,,
MSST_06_012,MSST_06_012_NAME,MSST_06_012_DESC,MSST_06_012_NAME,MSST_06_012_AFTER_DESC,SYS_MISSION_GOAL_0012,6,40,40,0,0,FM04_02,SUB2,SNDS_BGM_M024_FM04,SNDS_BGM_M012_EVENT_RED_QUEEN,,,STOR_06_MCGILLIS_SPEECH,,,,1,1,1,1,1,1,1,1,AGM0071,7,1,1,,,AGS0051,6,0,1,,,AGS0051,26,0,1,,,AGS0051,27,0,1,,,AGS0021,13,1,0,,,AGS0021,14,1,0,,4,,,,,,,,,,,,,,,,,,,,,,,,,4,0,,,,,,,,,,990,930,870,810,750,0,-1,0,,
MSST_06_013,MSST_06_013_NAME,MSST_06_013_DESC,MSST_06_013_NAME,MSST_06_013_AFTER_DESC,SYS_MISSION_GOAL_0012,6,35,40,0,0,FM06_01,SUB1,SNDS_BGM_M025_FM06,SNDS_BGM_M002_BATTLE_ASHBORN,,,STOR_06_BROS_IMPLORE,,,,1,1,1,1,1,1,1,1,AGM0062,3,1,0,,,,,,,,,,,,,,,,,,,,,,,,,,,,,,,,,,,,,,,,,,,,,,,,,,,,,,,,,4,0,,,,,,,,,,960,900,840,780,720,0,-1,0,,
MSST_06_020,MSST_06_020_NAME,MSST_06_020_DESC,MSST_06_020_NAME,MSST_06_020_AFTER_DESC,SYS_MISSION_GOAL_0012,6,35,40,0,0,FM06_01,MAIN,SNDS_BGM_M025_FM06,SNDS_BGM_M002_BATTLE_ASHBORN,,,STOR_06_BATTLE_OF_WAR,,,,1,1,1,1,1,1,1,1,AGL0053,18,1,1,,1,AGL0062,9,1,1,,2,,,,,,,,,,,,,,,,,,,,,,,,,,,,,,,,,,,,,,,,,,,,,,,,,4,4,,,,,,,,,,840,780,720,660,600,0,-1,0,,
MSST_06_021,MSST_06_021_NAME,MSST_06_021_DESC,MSST_06_021_NAME,MSST_06_021_AFTER_DESC,SYS_MISSION_GOAL_0011,6,35,40,0,0,FM06_01,SUB2,SNDS_BGM_M025_FM06,SNDS_BGM_M002_BATTLE_ASHBORN,,,STOR_06_BETRAYAL,,,,1,1,1,1,1,1,1,1,AGM0072,5,1,0,,,AGS0011,15,0,0,,,AGS0011,16,0,0,,,AGS0011,17,0,0,,,,,,,,,,,,,,,,,,,,,,,,,,,,,,,,,,,,,,,4,0,,,,,,,,,,840,780,720,660,600,0,-1,0,,
MSST_06_015,MSST_06_015_NAME,MSST_06_015_DESC,MSST_06_015_NAME,MSST_06_015_AFTER_DESC,SYS_MISSION_GOAL_0013,6,30,40,0,0,FM06_02,SUB1,SNDS_BGM_M025_FM06,SNDS_BGM_M002_BATTLE_ASHBORN,,,STOR_06_TIDE_BIGINNING,,,,1,1,1,1,1,1,1,1,AGL0013,0,1,0,,,AGS0031,9,0,0,,,AGS0031,10,0,0,,,AGS0031,12,0,0,,,AGS0031,13,0,0,,,,,,,,,,,,,,,,,,,,,,,,,,,,,,,,,4,0,NPCC_0003,,,,,,,,,630,570,510,450,390,0,-1,0,,
MSST_06_016,MSST_06_016_NAME,MSST_06_016_DESC,MSST_06_016_NAME,MSST_06_016_AFTER_DESC,SYS_MISSION_GOAL_0013,6,30,40,0,0,FM06_02,SUB2,SNDS_BGM_M025_FM06,SNDS_BGM_M002_BATTLE_ASHBORN,,,STOR_06_FEBRI_MEETS_GEN,,,,1,1,1,1,1,1,1,1,AGL0131,4,1,0,,3,AGS0071,26,0,1,,5,AGS0071,27,0,1,,5,AGS0061,19,0,1,,5,AGS0061,18,0,1,,5,,,,,,,,,,,,,,,,,,,,,,,,,,,,,,,4,4,NPCC_0003,,,,,,,,,740,680,620,560,500,0,-1,0,,
MSST_06_017,MSST_06_017_NAME,MSST_06_017_DESC,MSST_06_017_NAME,MSST_06_017_DESC,SYS_MISSION_GOAL_0013,6,20,40,2,6,FM07_01,MAIN,SNDS_BGM_M010_BATTLE_LAST,SNDS_BGM_M010_BATTLE_LAST,SNDS_BGM_M019_BATTLE_LAST_FEBRI,SNDS_BGM_M010_BATTLE_LAST,STOR_06_GOD_JAEGER,,,,1,1,1,1,1,1,1,1,AGL0181,3,1,1,,,,,,,,,,,,,,,,,,,,,,,,,,,,,,,,,,,,,,,,,,,,,,,,,,,,,,,,,4,1,NPCC_0003,,,,,,DEMO_M_A_0870,DEMO_M_A_0880,,660,600,540,480,420,0,-1,1,,
MSFR_02_001,MSFR_02_001_NAME,MSFR_02_001_DESC,MSFR_02_001_NAME,MSFR_02_001_DESC,,2,40,40,1,0,FM02_02,RANDOM,SNDS_BGM_M022_FM02,SNDS_BGM_M002_BATTLE_ASHBORN,,,STOR_02_KILLER_GIRL,,,,1,1,1,1,1,1,1,1,AGS0011,20,1,0,,,AGS0011,16,1,0,,,,,,,,,,,,,,,,,,,,,,,,,,,,,,,,,,,,,,,,,,,,,,,,,,,4,0,,,,,,,,,,460,400,340,280,220,0,-1,0,,
MSFR_02_002,MSFR_02_002_NAME,MSFR_02_002_DESC,MSFR_02_002_NAME,MSFR_02_002_DESC,,2,40,40,1,0,FM01_01,RANDOM,SNDS_BGM_M021_FM01,SNDS_BGM_M002_BATTLE_ASHBORN,,,STOR_02_G_USED,,,,1,1,1,1,1,1,1,1,AGS0072,0,1,1,,,AGS0072,1,1,1,,,AGS0072,2,1,1,,,,,,,,,,,,,,,,,,,,,,,,,,,,,,,,,,,,,,,,,,,,,4,0,,,,,,,,,,270,240,210,180,150,0,-1,0,,
MSFR_02_003,MSFR_02_003_NAME,MSFR_02_003_DESC,MSFR_02_003_NAME,MSFR_02_003_DESC,,2,40,40,1,0,FM02_02,RANDOM,SNDS_BGM_M022_FM02,SNDS_BGM_M002_BATTLE_ASHBORN,,,STOR_02_CC_1ST_BATTLE,,,,1,1,1,1,1,1,1,1,AGS0071,13,1,0,,,AGS0071,23,1,0,,4,,,,,,,,,,,,,,,,,,,,,,,,,,,,,,,,,,,,,,,,,,,,,,,,,4,0,,,,,,,,,,560,500,440,380,320,0,-1,0,,
MSFR_03_001,MSFR_03_001_NAME,MSFR_03_001_DESC,MSFR_03_001_NAME,MSFR_03_001_DESC,,3,40,40,1,0,FM02_02,RANDOM,SNDS_BGM_M022_FM02,SNDS_BGM_M002_BATTLE_ASHBORN,,,STOR_03_RETURN_DEMAND,,,,1,1,1,1,1,1,1,1,AGS0011,10,1,0,,,AGS0011,18,1,0,,,,,,,,,,,,,,,,,,,,,,,,,,,,,,,,,,,,,,,,,,,,,,,,,,,4,0,,,,,,,,,,460,400,340,280,220,0,-1,0,,
MSFR_03_002,MSFR_03_002_NAME,MSFR_03_002_DESC,MSFR_03_002_NAME,MSFR_03_002_DESC,,3,40,40,1,0,FM02_01,RANDOM,SNDS_BGM_M022_FM02,SNDS_BGM_M002_BATTLE_ASHBORN,,,STOR_03_OWNERS_PORT,,,,1,1,1,1,1,1,1,1,AGS0061,30,1,0,,,,,,,,,,,,,,,,,,,,,,,,,,,,,,,,,,,,,,,,,,,,,,,,,,,,,,,,,4,0,,,,,,,,,,270,240,210,180,150,0,-1,0,,
MSFR_03_003,MSFR_03_003_NAME,MSFR_03_003_DESC,MSFR_03_003_NAME,MSFR_03_003_DESC,,3,40,40,1,0,FM04_02,RANDOM,SNDS_BGM_M024_FM04,SNDS_BGM_M002_BATTLE_ASHBORN,,,STOR_03_WATCHIDOG_WAVER,,,,1,1,1,1,1,1,1,1,AGM0011,10,1,1,,,AGS0021,1,0,0,,,AGS0021,9,0,0,,,AGS0021,11,0,0,,,AGS0021,24,0,0,,,,,,,,,,,,,,,,,,,,,,,,,,,,,,,,,4,0,,,,,,,,,,500,440,380,320,260,0,-1,0,,
MSFR_03_004,MSFR_03_004_NAME,MSFR_03_004_DESC,MSFR_03_004_NAME,MSFR_03_004_DESC,,3,40,40,1,0,FM01_02,RANDOM,SNDS_BGM_M021_FM01,SNDS_BGM_M002_BATTLE_ASHBORN,,,STOR_03_GETTING_WORSE,,,,1,1,1,1,1,1,1,1,AGM0031,7,1,0,,,AGS0051,23,1,0,,,AGS0051,22,1,0,,,AGS0051,29,1,0,,,,,,,,,,,,,,,,,,,,,,,,,,,,,,,,,,,,,,,4,0,,,,,,,,,,480,420,360,300,240,0,-1,0,,
MSFR_03_005,MSFR_03_005_NAME,MSFR_03_005_DESC,MSFR_03_005_NAME,MSFR_03_005_DESC,,3,40,40,1,0,FM01_01,RANDOM,SNDS_BGM_M021_FM01,SNDS_BGM_M002_BATTLE_ASHBORN,,,STOR_03_AGONY,,,,1,1,1,1,1,1,1,1,AGL0021,10,1,1,,,AGS0071,14,0,0,,,AGS0071,15,0,0,,,AGS0071,16,0,0,,,,,,,,,,,,,,,,,,,,,,,,,,,,,,,,,,,,,,,4,0,,,,,,,,,,520,460,400,340,280,0,-1,0,,
MSFR_04_001,MSFR_04_001_NAME,MSFR_04_001_DESC,MSFR_04_001_NAME,MSFR_04_001_DESC,,4,40,40,1,0,FM03_02,RANDOM,SNDS_BGM_M023_FM03,SNDS_BGM_M002_BATTLE_ASHBORN,,,STOR_04_NEGOTIATION,,,,1,1,1,1,1,1,1,1,AGL0011,23,1,1,,3,AGS0072,29,1,0,,2,AGS0072,30,1,0,,4,AGS0072,31,1,0,,4,,,,,,,,,,,,,,,,,,,,,,,,,,,,,,,,,,,,,4,5,,,,,,,,,,540,480,420,360,300,0,-1,0,,
MSFR_04_002,MSFR_04_002_NAME,MSFR_04_002_DESC,MSFR_04_002_NAME,MSFR_04_002_DESC,,4,40,40,1,0,FM03_02,RANDOM,SNDS_BGM_M023_FM03,SNDS_BGM_M002_BATTLE_ASHBORN,,,STOR_04_NEGOTIATION,,,,1,1,1,1,1,1,1,1,AGL0031,22,1,1,,,AGS0062,17,0,0,,,AGS0062,25,0,0,,,AGS0062,26,0,0,,,,,,,,,,,,,,,,,,,,,,,,,,,,,,,,,,,,,,,4,0,,,,,,,,,,540,480,420,360,300,0,-1,0,,
MSFR_04_003,MSFR_04_003_NAME,MSFR_04_003_DESC,MSFR_04_003_NAME,MSFR_04_003_DESC,,4,40,40,1,0,FM03_01,RANDOM,SNDS_BGM_M023_FM03,SNDS_BGM_M002_BATTLE_ASHBORN,,,STOR_04_FIRST_TRIAL,,,,1,1,1,1,1,1,1,1,AGS0061,15,1,0,,,AGS0061,20,1,0,,,AGS0061,21,1,0,,,,,,,,,,,,,,,,,,,,,,,,,,,,,,,,,,,,,,,,,,,,,4,0,,,,,,,,,,660,600,540,480,420,0,-1,0,,
MSFR_04_004,MSFR_04_004_NAME,MSFR_04_004_DESC,MSFR_04_004_NAME,MSFR_04_004_DESC,,4,40,40,1,0,FM02_01,RANDOM,SNDS_BGM_M022_FM02,SNDS_BGM_M002_BATTLE_ASHBORN,,,STOR_04_OWNERS_PAST,,,,1,1,1,1,1,1,1,1,AGL0062,0,1,0,,,AGS0031,13,0,0,,,AGS0031,17,0,0,,,AGS0031,18,0,0,,,,,,,,,,,,,,,,,,,,,,,,,,,,,,,,,,,,,,,4,0,,,,,,,,,,600,540,480,420,360,0,-1,0,,
MSFR_04_005,MSFR_04_005_NAME,MSFR_04_005_DESC,MSFR_04_005_NAME,MSFR_04_005_DESC,,4,40,40,1,2,FM02_02,RANDOM,SNDS_BGM_M022_FM02,SNDS_BGM_M002_BATTLE_ASHBORN,,,STOR_04_BATTLE_ON_THE_WAY_TO_HQ1,,MSFR_04_006,1,1,1,1,1,1,1,1,1,AGS0061,9,1,0,,,AGS0061,15,1,0,,,AGS0061,16,1,0,,,,,,,,,,,,,,,,,,,,,,,,,,,,,,,,,,,,,,,,,,,,,4,0,,,,,,,,,,480,420,360,300,240,0,-1,0,,
MSFR_04_006,MSFR_04_005_NAME,MSFR_04_006_DESC,MSFR_04_005_NAME,MSFR_04_006_DESC,,4,40,40,1,1,FM02_01,RANDOM,SNDS_BGM_M022_FM02,SNDS_BGM_M002_BATTLE_ASHBORN,,,STOR_04_BATTLE_ON_THE_WAY_TO_HQ1,,,2,1,1,1,1,1,1,1,1,AGL0041,5,1,3,,,AGS0071,10,0,0,,,AGS0071,11,0,0,,,AGS0071,20,0,0,,,,,,,,,,,,,,,,,,,,,,,,,,,,,,,,,,,,,,,4,0,,,,,,,,,,540,480,420,360,300,0,-1,0,,
MSFR_05_001,MSFR_05_001_NAME,MSFR_05_001_DESC,MSFR_05_001_NAME,MSFR_05_001_DESC,,5,40,40,1,0,FM01_01,RANDOM,SNDS_BGM_M021_FM01,SNDS_BGM_M002_BATTLE_ASHBORN,,,STOR_05_BATTLE_AT_GO2,,,,1,1,1,1,1,1,1,1,AGM0081,7,1,0,,,AGS0021,1,0,1,,,AGS0021,2,0,1,,,,,,,,,,,,,,,,,,,,,,,,,,,,,,,,,,,,,,,,,,,,,4,0,,,,,,,,,,620,560,500,440,380,0,-1,0,,
MSFR_05_002,MSFR_05_002_NAME,MSFR_05_002_DESC,MSFR_05_002_NAME,MSFR_05_002_DESC,,5,40,40,1,0,FM04_01,RANDOM,SNDS_BGM_M024_FM04,SNDS_BGM_M002_BATTLE_ASHBORN,,,STOR_05_WATCHIDOG_ILL1,,,,1,1,1,1,1,1,1,1,AGL0031,2,1,1,,,AGS0071,7,0,0,,,AGS0071,14,0,0,,,,,,,,,,,,,,,,,,,,,,,,,,,,,,,,,,,,,,,,,,,,,4,2,,,,,,,,,,520,460,400,340,280,0,-1,0,,
MSFR_05_003,MSFR_05_003_NAME,MSFR_05_003_DESC,MSFR_05_003_NAME,MSFR_05_003_DESC,,5,40,40,1,0,FM01_01,RANDOM,SNDS_BGM_M048_BATTLE_OTHER1,SNDS_BGM_M002_BATTLE_ASHBORN,,,STOR_05_WATCHIDOG_ILL1,MSFR_05_001,,,1,1,1,1,1,1,1,1,AGM0091,7,1,0,,,,,,,,,,,,,,,,,,,,,,,,,,,,,,,,,,,,,,,,,,,,,,,,,,,,,,,,,4,0,,,,,,,,,,780,720,660,600,540,0,-1,0,,
MSFR_05_004,MSFR_05_004_NAME,MSFR_05_004_DESC,MSFR_05_004_NAME,MSFR_05_004_DESC,,5,40,40,1,0,FM01_02,RANDOM,SNDS_BGM_M021_FM01,SNDS_BGM_M002_BATTLE_ASHBORN,,,STOR_05_WATCHIDOG_ILL1,MSFR_05_001,,,1,1,1,1,1,1,1,1,AGM0081,9,1,0,,,AGL0021,4,1,0,,,,,,,,,,,,,,,,,,,,,,,,,,,,,,,,,,,,,,,,,,,,,,,,,,,4,0,,,,,,,,,,780,720,660,600,540,0,-1,0,,
MSFR_05_005,MSFR_05_005_NAME,MSFR_05_005_DESC,MSFR_05_005_NAME,MSFR_05_005_DESC,,5,40,40,1,0,FM04_01,RANDOM,SNDS_BGM_M024_FM04,SNDS_BGM_M002_BATTLE_ASHBORN,,,STOR_05_BATTLE_AT_GO3,,,,1,1,1,1,1,1,1,1,AGL0011,0,1,1,,,AGS0021,9,1,0,,,AGS0021,13,1,0,,,AGS0061,1,1,0,,,AGS0061,18,1,0,,,,,,,,,,,,,,,,,,,,,,,,,,,,,,,,,4,2,,,,,,,,,,560,500,440,380,320,0,-1,0,,
MSFR_05_006,MSFR_05_006_NAME,MSFR_05_006_DESC,MSFR_05_006_NAME,MSFR_05_006_DESC,,5,40,40,1,0,FM03_02,RANDOM,SNDS_BGM_M023_FM03,SNDS_BGM_M002_BATTLE_ASHBORN,,,STOR_05_BATTLE_AT_GO3,MSFR_05_005,,,1,1,1,1,1,1,1,1,AGS0021,22,1,0,,,AGS0021,26,1,0,,,AGS0021,25,1,0,,,AGS0031,9,1,0,,,AGS0031,10,1,0,,,,,,,,,,,,,,,,,,,,,,,,,,,,,,,,,4,0,,,,,,,,,,230,200,170,140,110,0,-1,0,,
MSFR_05_007,MSFR_05_007_NAME,MSFR_05_007_DESC,MSFR_05_007_NAME,MSFR_05_007_DESC,,5,40,40,1,2,FM02_01,RANDOM,SNDS_BGM_M022_FM02,SNDS_BGM_M002_BATTLE_ASHBORN,,,STOR_05_BATTLE_AT_GO4,,MSFR_05_008,1,1,1,1,1,1,1,1,1,AGM0011,9,1,0,,,,,,,,,,,,,,,,,,,,,,,,,,,,,,,,,,,,,,,,,,,,,,,,,,,,,,,,,4,0,,,,,,,,,,640,580,520,460,400,0,-1,0,,
MSFR_05_008,MSFR_05_007_NAME,MSFR_05_008_DESC,MSFR_05_007_NAME,MSFR_05_008_DESC,,5,40,40,1,1,FM02_02,RANDOM,SNDS_BGM_M022_FM02,SNDS_BGM_M002_BATTLE_ASHBORN,,,STOR_05_BATTLE_AT_GO4,,,2,1,1,1,1,1,1,1,1,AGM0021,8,1,0,,,AGM0061,4,1,3,,,,,,,,,,,,,,,,,,,,,,,,,,,,,,,,,,,,,,,,,,,,,,,,,,,4,0,,,,,,,,,,660,600,540,480,420,0,-1,0,,
MSFR_05_009,MSFR_05_009_NAME,MSFR_05_009_DESC,MSFR_05_009_NAME,MSFR_05_009_DESC,,5,40,40,1,0,FM02_01,RANDOM,SNDS_BGM_M022_FM02,SNDS_BGM_M002_BATTLE_ASHBORN,,,STOR_05_BATTLE_AT_GO4,,,,1,1,1,1,1,1,1,1,AGL0053,4,1,0,,,AGS0011,12,0,0,,,AGS0011,20,0,0,,,AGS0011,22,0,0,,,AGS0011,19,0,0,,,,,,,,,,,,,,,,,,,,,,,,,,,,,,,,,4,0,,,,,,,,,,620,560,500,440,380,0,-1,0,,
MSFR_05_010,MSFR_05_010_NAME,MSFR_05_010_DESC,MSFR_05_010_NAME,MSFR_05_010_DESC,,5,40,40,1,0,FM03_01,RANDOM,SNDS_BGM_M023_FM03,SNDS_BGM_M002_BATTLE_ASHBORN,,,STOR_05_WATCHIDOG_ILL2,,,,1,1,1,1,1,1,1,1,AGL0021,8,1,1,,,,,,,,,,,,,,,,,,,,,,,,,,,,,,,,,,,,,,,,,,,,,,,,,,,,,,,,,4,1,,,,,,,,,,540,480,420,360,300,0,-1,0,,
MSFR_05_011,MSFR_05_011_NAME,MSFR_05_011_DESC,MSFR_05_011_NAME,MSFR_05_011_DESC,,5,40,40,1,0,FM03_01,RANDOM,SNDS_BGM_M023_FM03,SNDS_BGM_M002_BATTLE_ASHBORN,,,STOR_05_WATCHIDOG_ILL2,,,,1,1,1,1,1,1,1,1,AGL0041,7,1,1,,,AGS0072,8,0,0,,,AGS0072,18,0,0,,,AGS0072,19,0,,,,,,,,,,,,,,,,,,,,,,,,,,,,,,,,,,,,,,,,4,0,,,,,,,,,,540,480,420,360,300,0,-1,0,,
MSFR_05_012,MSFR_05_012_NAME,MSFR_05_012_DESC,MSFR_05_012_NAME,MSFR_05_012_DESC,,5,40,40,1,0,FM03_02,RANDOM,SNDS_BGM_M023_FM03,SNDS_BGM_M002_BATTLE_ASHBORN,,,STOR_05_BATTLE_AT_GO5,,,,1,1,1,1,1,1,1,1,AGM0031,22,1,1,,,,,,,,,,,,,,,,,,,,,,,,,,,,,,,,,,,,,,,,,,,,,,,,,,,,,,,,,4,0,,,,,,,,,,510,450,390,330,270,0,-1,0,,
MSFR_05_013,MSFR_05_013_NAME,MSFR_05_013_DESC,MSFR_05_013_NAME,MSFR_05_013_DESC,,5,40,40,1,0,FM03_02,RANDOM,SNDS_BGM_M023_FM03,SNDS_BGM_M002_BATTLE_ASHBORN,,,STOR_05_BATTLE_AT_GO5,MSFR_05_012,,,1,1,1,1,1,1,1,1,AGM0092,2,1,0,,,AGS0062,13,0,0,,,AGS0062,19,0,0,,,AGS0062,21,0,0,,,,,,,,,,,,,,,,,,,,,,,,,,,,,,,,,,,,,,,4,4,,,,,,,,,,520,460,400,340,280,0,-1,0,,
MSFR_05_014,MSFR_05_014_NAME,MSFR_05_014_DESC,MSFR_05_014_NAME,MSFR_05_014_DESC,,5,40,40,1,0,FM04_02,RANDOM,SNDS_BGM_M024_FM04,SNDS_BGM_M002_BATTLE_ASHBORN,,,STOR_05_AGE_PRICE_RISE,,,,1,1,1,1,1,1,1,1,AGM0051,7,1,1,,,AGS0021,20,0,0,,,AGS0021,21,0,0,,,AGS0021,22,0,0,,,AGS0021,27,0,0,,,AGS0021,12,0,0,,,AGS0021,14,0,0,,,,,,,,,,,,,,,,,,,,,4,0,,,,,,,,,,480,420,360,300,240,0,-1,0,,
MSFR_05_015,MSFR_05_015_NAME,MSFR_05_015_DESC,MSFR_05_015_NAME,MSFR_05_015_DESC,,5,40,40,1,2,FM04_02,RANDOM,SNDS_BGM_M024_FM04,SNDS_BGM_M002_BATTLE_ASHBORN,,,STOR_05_VIP_ORDER,,MSFR_05_016,1,1,1,1,1,1,1,1,1,AGM0071,5,1,0,,,,,,,,,,,,,,,,,,,,,,,,,,,,,,,,,,,,,,,,,,,,,,,,,,,,,,,,,4,1,,,,,,,,,,480,420,360,300,240,0,-1,0,,
MSFR_05_016,MSFR_05_015_NAME,MSFR_05_016_DESC,MSFR_05_016_NAME,MSFR_05_016_DESC,,5,40,40,1,1,FM06_01,RANDOM,SNDS_BGM_M025_FM06,SNDS_BGM_M002_BATTLE_ASHBORN,,,STOR_05_VIP_ORDER,,MSFR_05_017,2,1,1,1,1,1,1,1,1,AGM0062,16,1,1,,,AGS0072,14,0,0,,,AGS0072,19,0,0,,,,,,,,,,,,,,,,,,,,,,,,,,,,,,,,,,,,,,,,,,,,,4,0,,,,,,,,,,520,460,400,340,280,0,-1,0,,
MSFR_05_017,MSFR_05_015_NAME,MSFR_05_017_DESC,MSFR_05_017_NAME,MSFR_05_017_DESC,,5,40,40,1,1,FM06_01,RANDOM,SNDS_BGM_M025_FM06,SNDS_BGM_M002_BATTLE_ASHBORN,,,STOR_05_VIP_ORDER,,,3,1,1,1,1,1,1,1,1,AGM0082,3,1,0,,,AGS0031,28,0,0,,,AGS0031,22,0,0,,,AGS0031,12,0,0,,,,,,,,,,,,,,,,,,,,,,,,,,,,,,,,,,,,,,,4,4,,,,,,,,,,600,540,480,420,360,0,-1,0,,
MSFR_05_018,MSFR_05_018_NAME,MSFR_05_018_DESC,MSFR_05_018_NAME,MSFR_05_018_DESC,,5,40,40,1,0,FM06_01,RANDOM,SNDS_BGM_M025_FM06,SNDS_BGM_M002_BATTLE_ASHBORN,,,STOR_05_VIDEOCONF,,,,1,1,1,1,1,1,1,1,AGL0051,1,1,0,,,AGS0051,20,0,1,,,AGS0051,21,0,1,,,,,,,,,,,,,,,,,,,,,,,,,,,,,,,,,,,,,,,,,,,,,4,0,,,,,,,,,,620,560,500,440,380,0,-1,0,,
MSFR_05_019,MSFR_05_019_NAME,MSFR_05_019_DESC,MSFR_05_019_NAME,MSFR_05_019_DESC,,5,40,40,1,0,FM06_02,RANDOM,SNDS_BGM_M025_FM06,SNDS_BGM_M002_BATTLE_ASHBORN,,,STOR_05_EVIL_CITY,,,,1,1,1,1,1,1,1,1,AGS0031,6,1,0,,,AGS0031,8,1,0,,,AGS0031,19,1,0,,,AGS0031,21,1,0,,,,,,,,,,,,,,,,,,,,,,,,,,,,,,,,,,,,,,,4,0,,,,,,,,,,540,480,420,360,300,0,-1,0,,
MSFR_05_020,MSFR_05_020_NAME,MSFR_05_020_DESC,MSFR_05_020_NAME,MSFR_05_020_DESC,,5,40,40,1,0,FM06_02,RANDOM,SNDS_BGM_M025_FM06,SNDS_BGM_M002_BATTLE_ASHBORN,,,STOR_05_EVIL_CITY,MSFR_05_019,,,1,1,1,1,1,1,1,1,AGL0062,3,1,0,,,,,,,,,,,,,,,,,,,,,,,,,,,,,,,,,,,,,,,,,,,,,,,,,,,,,,,,,4,0,,,,,,,,,,580,520,460,400,340,0,-1,0,,
MSFR_06_001,MSFR_06_001_NAME,MSFR_06_001_DESC,MSFR_06_001_NAME,MSFR_06_001_DESC,,6,40,40,1,0,FM02_01,RANDOM,SNDS_BGM_M022_FM02,SNDS_BGM_M002_BATTLE_ASHBORN,,,STOR_06_AGES_RESIST,,,,1,1,1,1,1,1,1,1,AGM0061,11,1,1,,,AGS0062,10,0,0,,,AGS0062,12,0,0,,,AGS0062,20,0,0,,,,,,,,,,,,,,,,,,,,,,,,,,,,,,,,,,,,,,,4,0,,,,,,,,,,540,480,420,360,300,0,-1,0,,
MSFR_06_002,MSFR_06_002_NAME,MSFR_06_002_DESC,MSFR_06_002_NAME,MSFR_06_002_DESC,,6,40,40,1,0,FM02_02,RANDOM,SNDS_BGM_M022_FM02,SNDS_BGM_M002_BATTLE_ASHBORN,,,STOR_06_PRIME_FIELD,,,,1,1,1,1,1,1,1,1,AGS0071,14,1,0,,,AGS0071,16,1,0,,,AGS0071,25,1,0,,,AGS0071,26,1,0,,,,,,,,,,,,,,,,,,,,,,,,,,,,,,,,,,,,,,,4,0,,,,,,,,,,680,620,560,500,440,0,-1,0,,
MSFR_06_003,MSFR_06_003_NAME,MSFR_06_003_DESC,MSFR_06_003_NAME,MSFR_06_003_DESC,,6,40,40,1,0,FM01_01,RANDOM,SNDS_BGM_M021_FM01,SNDS_BGM_M002_BATTLE_ASHBORN,,,STOR_06_AGE_EATER,,,,1,1,1,1,1,1,1,1,AGM0082,6,1,0,,,AGS0021,11,0,0,,,AGS0021,16,0,0,,,,,,,,,,,,,,,,,,,,,,,,,,,,,,,,,,,,,,,,,,,,,4,0,,,,,,,,,,650,590,530,470,410,0,-1,0,,
MSFR_06_004,MSFR_06_004_NAME,MSFR_06_004_DESC,MSFR_06_004_NAME,MSFR_06_004_DESC,,6,40,40,1,0,FM01_02,RANDOM,SNDS_BGM_M021_FM01,SNDS_BGM_M002_BATTLE_ASHBORN,,,STOR_06_AGE_EATER,MSFR_06_003,,,1,1,1,1,1,1,1,1,AGL0111,7,1,0,,,AGM0011,4,1,0,,,AGS0021,22,0,0,,,AGS0021,29,0,0,,,AGS0021,25,0,0,,,AGS0021,27,0,0,,,,,,,,,,,,,,,,,,,,,,,,,,,4,0,,,,,,,,,,720,660,600,540,480,0,-1,0,,
MSFR_06_005,MSFR_06_005_NAME,MSFR_06_005_DESC,MSFR_06_005_NAME,MSFR_06_005_DESC,,6,40,40,1,2,FM04_01,RANDOM,SNDS_BGM_M024_FM04,SNDS_BGM_M002_BATTLE_ASHBORN,,,STOR_06_FOR_FEBRI,,MSFR_06_006,1,1,1,1,1,1,1,1,1,AGS0072,7,1,1,,,AGS0072,11,1,1,,,AGS0011,3,1,1,,,AGS0011,10,1,1,,,,,,,,,,,,,,,,,,,,,,,,,,,,,,,,,,,,,,,4,2,,,,,,,,,,270,240,210,180,150,0,-1,0,,
MSFR_06_006,MSFR_06_005_NAME,MSFR_06_006_DESC,MSFR_06_005_NAME,MSFR_06_006_DESC,,6,40,40,1,1,FM04_02,RANDOM,SNDS_BGM_M024_FM04,SNDS_BGM_M002_BATTLE_ASHBORN,,,STOR_06_FOR_FEBRI,,MSFR_06_007,2,1,1,1,1,1,1,1,1,AGM0021,2,1,0,,,AGM0021,14,1,1,,,AGS0062,15,0,0,,,AGS0062,31,0,0,,,,,,,,,,,,,,,,,,,,,,,,,,,,,,,,,,,,,,,4,1,,,,,,,,,,640,580,520,460,400,0,-1,0,,
MSFR_06_007,MSFR_06_005_NAME,MSFR_06_007_DESC,MSFR_06_005_NAME,MSFR_06_007_DESC,,6,40,40,1,1,FM01_01,RANDOM,SNDS_BGM_M021_FM01,SNDS_BGM_M002_BATTLE_ASHBORN,,,STOR_06_FOR_FEBRI,,,3,1,1,1,1,1,1,1,1,AGL0062,7,1,0,,,AGM0011,11,1,1,,1,,,,,,,,,,,,,,,,,,,,,,,,,,,,,,,,,,,,,,,,,,,,,,,,,4,0,,,,,,,,,,760,700,640,580,520,0,-1,0,,
MSFR_06_008,MSFR_06_008_NAME,MSFR_06_008_DESC,MSFR_06_008_NAME,MSFR_06_008_DESC,,6,40,40,1,0,FM02_01,RANDOM,SNDS_BGM_M022_FM02,SNDS_BGM_M002_BATTLE_ASHBORN,,,STOR_06_MCGILLIS_SPEECH,,,,1,1,1,1,1,1,1,1,AGL0101,9,1,3,,,,,,,,,,,,,,,,,,,,,,,,,,,,,,,,,,,,,,,,,,,,,,,,,,,,,,,,,4,0,,,,,,,,,,620,560,500,440,380,0,-1,0,,
MSFR_06_009,MSFR_06_009_NAME,MSFR_06_009_DESC,MSFR_06_009_NAME,MSFR_06_009_DESC,,6,40,40,1,0,FM03_02,RANDOM,SNDS_BGM_M023_FM03,SNDS_BGM_M002_BATTLE_ASHBORN,,,STOR_06_MCGILLIS_SPEECH,,,,1,1,1,1,1,1,1,1,AGM0062,3,1,0,,,AGM0031,1,1,0,,,AGS0071,25,0,0,,,AGS0071,22,0,0,,,AGS0071,23,0,0,,,,,,,,,,,,,,,,,,,,,,,,,,,,,,,,,4,0,,,,,,,,,,750,690,630,570,510,0,-1,0,,
MSFR_06_010,MSFR_06_010_NAME,MSFR_06_010_DESC,MSFR_06_010_NAME,MSFR_06_010_DESC,,6,40,40,1,0,FM06_01,RANDOM,SNDS_BGM_M025_FM06,SNDS_BGM_M009_HUNTING,,,STOR_06_BROS_IMPLORE,,,,1,1,1,1,1,1,1,1,AGL0161,2,1,0,,,AGS0061,25,0,0,,,AGS0061,26,0,0,,,,,,,,,,,,,,,,,,,,,,,,,,,,,,,,,,,,,,,,,,,,,4,0,,,,,,,,,,700,640,580,520,460,0,-1,0,,
MSFR_06_011,MSFR_06_011_NAME,MSFR_06_011_DESC,MSFR_06_011_NAME,MSFR_06_011_DESC,,6,40,40,1,0,FM06_01,RANDOM,SNDS_BGM_M025_FM06,SNDS_BGM_M002_BATTLE_ASHBORN,,,STOR_06_BATTLE_OF_WAR,,,,1,1,1,1,1,1,1,1,AGM0092,1,1,0,,,AGM0092,5,1,0,,,,,,,,,,,,,,,,,,,,,,,,,,,,,,,,,,,,,,,,,,,,,,,,,,,4,0,,,,,,,,,,720,660,600,540,480,0,-1,0,,
MSFR_06_015,MSFR_06_015_NAME,MSFR_06_015_DESC,MSFR_06_015_NAME,MSFR_06_015_DESC,,6,40,40,1,0,FM06_02,RANDOM,SNDS_BGM_M025_FM06,SNDS_BGM_M002_BATTLE_ASHBORN,,,STOR_06_BETRAYAL,,,,1,1,1,1,1,1,1,1,AGL0053,4,1,0,,,AGM0031,1,1,0,,,AGS0072,20,0,0,,,AGS0072,21,0,0,,,,,,,,,,,,,,,,,,,,,,,,,,,,,,,,,,,,,,,4,0,,,,,,,,,,780,720,660,600,540,0,-1,0,,
MSFR_07_001,MSFR_07_001_NAME,MSFR_07_001_DESC,MSFR_07_001_NAME,MSFR_07_001_DESC,,7,40,40,1,0,FM02_01,RANDOM,SNDS_BGM_M048_BATTLE_OTHER1,SNDS_BGM_M002_BATTLE_ASHBORN,,,STOR_07_BATTLE_AFTER_ENDING1,,,,1,1,1,1,1,1,1,1,AGM0091,1,1,0,,,AGM0092,9,1,3,,,,,,,,,,,,,,,,,,,,,,,,,,,,,,,,,,,,,,,,,,,,,,,,,,,4,0,,,,,,,,,,720,660,600,540,480,0,-1,0,,
MSFR_07_002,MSFR_07_002_NAME,MSFR_07_002_DESC,MSFR_07_002_NAME,MSFR_07_002_DESC,,7,40,40,1,0,FM04_01,RANDOM,SNDS_BGM_M024_FM04,SNDS_BGM_M002_BATTLE_ASHBORN,,,STOR_08_DUSTY,MSFR_07_001,,,1,1,1,1,1,1,1,1,AGL0013,4,1,0,,,AGS0071,14,0,0,,,AGS0071,15,0,0,,,AGS0071,3,0,0,,,AGS0071,10,0,0,,,,,,,,,,,,,,,,,,,,,,,,,,,,,,,,,4,0,,,,,,,,,,650,590,530,470,410,0,-1,0,,
MSFR_07_101,MSFR_07_101_NAME,MSFR_07_101_DESC,MSFR_07_101_NAME,MSFR_07_101_DESC,,7,40,40,1,0,FM04_01,RANDOM,SNDS_BGM_M024_FM04,SNDS_BGM_M002_BATTLE_ASHBORN,,,STOR_08_DUSTY,MSFR_07_002,,,1,1,1,1,1,1,1,1,AGM0061,3,1,1,,,AGS0062,7,0,0,,,AGS0062,15,0,0,,,AGS0062,1,0,0,,,AGS0062,17,0,0,,,,,,,,,,,,,,,,,,,,,,,,,,,,,,,,,4,2,,,,,,,,,,560,500,440,380,320,0,-1,0,,
MSFR_07_102,MSFR_07_102_NAME,MSFR_07_102_DESC,MSFR_07_102_NAME,MSFR_07_102_DESC,,7,40,40,1,0,FM04_01,RANDOM,SNDS_BGM_M024_FM04,SNDS_BGM_M002_BATTLE_ASHBORN,,,STOR_08_DUSTY,MSFR_07_101,,,1,1,1,1,1,1,1,1,AGL0031,2,1,1,,,AGM0021,1,1,1,,,,,,,,,,,,,,,,,,,,,,,,,,,,,,,,,,,,,,,,,,,,,,,,,,,4,0,,,,,,,,,,660,600,540,480,420,0,-1,0,,
MSFR_07_103,MSFR_07_103_NAME,MSFR_07_103_DESC,MSFR_07_103_NAME,MSFR_07_103_DESC,,7,40,40,1,0,FM04_02,RANDOM,SNDS_BGM_M024_FM04,SNDS_BGM_M002_BATTLE_ASHBORN,,,STOR_08_DUSTY,MSFR_07_102,,,1,1,1,1,1,1,1,1,AGL0051,9,1,1,,,,,,,,,,,,,,,,,,,,,,,,,,,,,,,,,,,,,,,,,,,,,,,,,,,,,,,,,4,0,,,,,,,,,,650,590,530,470,410,0,-1,0,,
MSFR_07_104,MSFR_07_104_NAME,MSFR_07_104_DESC,MSFR_07_104_NAME,MSFR_07_104_DESC,,7,40,40,1,0,FM04_02,RANDOM,SNDS_BGM_M024_FM04,SNDS_BGM_M002_BATTLE_ASHBORN,,,STOR_08_DUSTY,MSFR_07_103,,,1,1,1,1,1,1,1,1,AGM0061,9,1,1,,,AGM0062,7,1,1,,,,,,,,,,,,,,,,,,,,,,,,,,,,,,,,,,,,,,,,,,,,,,,,,,,4,0,,,,,,,,,,720,660,600,540,480,0,-1,0,,
MSFR_07_105,MSFR_07_105_NAME,MSFR_07_105_DESC,MSFR_07_105_NAME,MSFR_07_105_DESC,,7,40,40,1,0,FM04_02,RANDOM,SNDS_BGM_M024_FM04,SNDS_BGM_M002_BATTLE_ASHBORN,,,STOR_08_DUSTY,MSFR_07_104,,,1,1,1,1,1,1,1,1,AGM0092,5,1,0,,,AGS0011,26,0,0,,,AGS0011,27,0,0,,,AGS0011,28,0,0,,,AGS0071,6,0,0,,,AGS0071,14,0,0,,,AGS0071,31,0,0,,,,,,,,,,,,,,,,,,,,,4,1,,,,,,,,,,590,530,470,410,350,0,-1,0,,
MSFR_07_106,MSFR_07_106_NAME,MSFR_07_106_DESC,MSFR_07_106_NAME,MSFR_07_106_DESC,,7,40,40,1,2,FM06_01,RANDOM,SNDS_BGM_M025_FM06,SNDS_BGM_M002_BATTLE_ASHBORN,,,STOR_08_DUSTY,MSFR_07_105,MSFR_07_107,1,1,1,1,1,1,1,1,1,AGM0061,1,1,0,,,AGL0051,15,1,0,,,AGS0062,11,0,0,,,AGS0062,22,0,0,,,AGS0062,23,0,0,,,,,,,,,,,,,,,,,,,,,,,,,,,,,,,,,4,0,,,,,,,,,,890,830,770,710,650,0,-1,0,,
MSFR_07_107,MSFR_07_106_NAME,MSFR_07_107_DESC,MSFR_07_106_NAME,MSFR_07_107_DESC,,7,40,40,1,1,FM04_02,RANDOM,SNDS_BGM_M024_FM04,SNDS_BGM_M002_BATTLE_ASHBORN,,,STOR_08_DUSTY,MSFR_07_105,,2,1,1,1,1,1,1,1,1,AGL0062,3,1,0,,3,AGS0072,12,0,0,,,AGS0072,27,0,0,,,AGS0072,17,0,0,,,AGS0072,24,0,0,,,AGM0021,11,1,1,,3,,,,,,,,,,,,,,,,,,,,,,,,,4,0,,,,,,,,,,810,750,690,630,570,0,-1,0,,
MSFR_07_108,MSFR_07_108_NAME,MSFR_07_108_DESC,MSFR_07_108_NAME,MSFR_07_108_DESC,,7,40,40,1,0,FM04_02,RANDOM,SNDS_BGM_M024_FM04,SNDS_BGM_M009_HUNTING,,,STOR_08_DUSTY,MSFR_07_107,,,1,1,1,1,1,1,1,1,AGL0161,2,1,0,,5,AGM0092,1,1,1,,3,,,,,,,,,,,,,,,,,,,,,,,,,,,,,,,,,,,,,,,,,,,,,,,,,4,1,,,,,,,,,,900,840,780,720,660,0,-1,0,,
MSFR_07_201,MSFR_07_201_NAME,MSFR_07_201_DESC,MSFR_07_201_NAME,MSFR_07_201_DESC,,7,40,40,1,0,FM03_02,RANDOM,SNDS_BGM_M023_FM03,SNDS_BGM_M002_BATTLE_ASHBORN,,,STOR_08_DUSTY,MSFR_07_002,,,1,1,1,1,1,1,1,1,AGM0062,5,1,0,,,AGS0072,14,0,0,,,AGS0072,15,0,0,,,AGS0072,27,0,0,,,AGS0072,28,0,0,,,AGS0031,6,0,0,,,AGS0031,7,0,0,,,,,,,,,,,,,,,,,,,,,4,0,,,,,,,,,,630,570,510,450,390,0,-1,0,,
MSFR_07_202,MSFR_07_202_NAME,MSFR_07_202_DESC,MSFR_07_202_NAME,MSFR_07_202_DESC,,7,40,40,1,0,FM03_01,RANDOM,SNDS_BGM_M023_FM03,SNDS_BGM_M002_BATTLE_ASHBORN,,,STOR_08_DUSTY,MSFR_07_201,,,1,1,1,1,1,1,1,1,AGM0031,4,1,0,,,AGM0031,10,1,1,,,AGS0061,8,0,0,,,AGS0061,16,0,0,,,,,,,,,,,,,,,,,,,,,,,,,,,,,,,,,,,,,,,4,0,,,,,,,,,,690,630,570,510,450,0,-1,0,,
MSFR_07_203,MSFR_07_203_NAME,MSFR_07_203_DESC,MSFR_07_203_NAME,MSFR_07_203_DESC,,7,40,40,1,0,FM03_02,RANDOM,SNDS_BGM_M048_BATTLE_OTHER1,SNDS_BGM_M048_BATTLE_OTHER1,,,STOR_08_DUSTY,MSFR_07_202,,,1,1,1,1,1,1,1,1,AGL0053,4,1,3,,,AGM0091,6,1,1,,,AGS0072,8,0,0,,,AGS0072,26,0,0,,,AGS0072,19,0,0,,,AGS0072,20,0,0,,,,,,,,,,,,,,,,,,,,,,,,,,,4,0,,,,,,,,,,860,800,740,680,620,0,-1,0,,
MSFR_07_204,MSFR_07_204_NAME,MSFR_07_204_DESC,MSFR_07_204_NAME,MSFR_07_204_DESC,,7,40,40,1,0,FM03_02,RANDOM,SNDS_BGM_M023_FM03,SNDS_BGM_M002_BATTLE_ASHBORN,,,STOR_08_DUSTY,MSFR_07_203,,,1,1,1,1,1,1,1,1,AGL0111,5,1,0,,,AGS0021,6,0,0,,,AGS0021,26,0,0,,,AGS0021,20,0,0,,,AGS0061,25,0,0,,,AGS0061,14,0,0,,,AGS0061,28,0,0,,,,,,,,,,,,,,,,,,,,,4,0,,,,,,,,,,650,590,530,470,410,0,-1,0,,
MSFR_07_205,MSFR_07_205_NAME,MSFR_07_205_DESC,MSFR_07_205_NAME,MSFR_07_205_DESC,,7,40,40,1,2,FM03_02,RANDOM,SNDS_BGM_M023_FM03,SNDS_BGM_M002_BATTLE_ASHBORN,,,STOR_08_DUSTY,MSFR_07_204,MSFR_07_206,1,1,1,1,1,1,1,1,1,AGM0062,0,1,0,,,AGM0051,22,1,1,,,AGS0031,6,0,0,,,AGS0031,27,0,0,,,AGS0031,14,0,0,,,,,,,,,,,,,,,,,,,,,,,,,,,,,,,,,4,0,,,,,,,,,,720,660,600,540,480,0,-1,0,,
MSFR_07_206,MSFR_07_205_NAME,MSFR_07_206_DESC,MSFR_07_205_NAME,MSFR_07_206_DESC,,7,40,40,1,1,FM03_01,RANDOM,SNDS_BGM_M023_FM03,SNDS_BGM_M002_BATTLE_ASHBORN,,,STOR_08_DUSTY,MSFR_07_204,MSFR_07_207,2,1,1,1,1,1,1,1,1,AGS0061,9,1,0,,,AGS0061,10,1,0,,,AGS0061,14,1,0,,,AGS0061,22,1,0,,,,,,,,,,,,,,,,,,,,,,,,,,,,,,,,,,,,,,,4,0,,,,,,,,,,620,560,500,440,380,0,-1,0,,
MSFR_07_207,MSFR_07_205_NAME,MSFR_07_207_DESC,MSFR_07_205_NAME,MSFR_07_207_DESC,,7,40,40,1,1,FM03_02,RANDOM,SNDS_BGM_M023_FM03,SNDS_BGM_M002_BATTLE_ASHBORN,,,STOR_08_DUSTY,MSFR_07_204,,3,1,1,1,1,1,1,1,1,AGL0053,25,1,1,,,,,,,,,,,,,,,,,,,,,,,,,,,,,,,,,,,,,,,,,,,,,,,,,,,,,,,,,4,3,,,,,,,,,,620,560,500,440,380,0,-1,0,,
MSFR_07_208,MSFR_07_208_NAME,MSFR_07_208_DESC,MSFR_07_208_NAME,MSFR_07_208_DESC,,7,40,40,1,0,FM03_02,RANDOM,SNDS_BGM_M048_BATTLE_OTHER1,SNDS_BGM_M013_EVENT_ANXLETY,,,STOR_08_DUSTY,MSFR_07_207,,,1,1,1,1,1,1,1,1,AGL0151,22,1,1,,,AGM0091,1,1,0,,,,,,,,,,,,,,,,,,,,,,,,,,,,,,,,,,,,,,,,,,,,,,,,,,,4,0,,,,,,,,,,900,840,780,720,660,0,-1,0,,
MSFR_07_301,MSFR_07_301_NAME,MSFR_07_301_DESC,MSFR_07_301_NAME,MSFR_07_301_DESC,,7,40,40,1,0,FM02_01,RANDOM,SNDS_BGM_M022_FM02,SNDS_BGM_M002_BATTLE_ASHBORN,,,STOR_08_DUSTY,MSFR_07_002,,,1,1,1,1,1,1,1,1,AGS0051,13,1,0,,,AGS0051,17,1,0,,,AGS0051,18,1,0,,,,,,,,,AGS0071,19,1,0,,,AGS0071,34,1,0,,,,,,,,,,,,,,,,,,,,,,,,,,,4,0,,,,,,,,,,630,570,510,450,390,0,-1,0,,
MSFR_07_302,MSFR_07_302_NAME,MSFR_07_302_DESC,MSFR_07_302_NAME,MSFR_07_302_DESC,,7,40,40,1,0,FM02_01,RANDOM,SNDS_BGM_M022_FM02,SNDS_BGM_M002_BATTLE_ASHBORN,,,STOR_08_DUSTY,MSFR_07_301,,,1,1,1,1,1,1,1,1,AGM0081,1,1,0,,,AGL0021,5,1,0,,,AGS0051,12,0,0,,,AGS0051,15,0,0,,,AGS0051,20,0,0,,,AGS0051,31,0,0,,,,,,,,,,,,,,,,,,,,,,,,,,,4,0,,,,,,,,,,860,800,740,680,620,0,-1,0,,
MSFR_07_303,MSFR_07_303_NAME,MSFR_07_303_DESC,MSFR_07_303_NAME,MSFR_07_303_DESC,,7,40,40,1,0,FM02_02,RANDOM,SNDS_BGM_M022_FM02,SNDS_BGM_M002_BATTLE_ASHBORN,,,STOR_08_DUSTY,MSFR_07_302,,,1,1,1,1,1,1,1,1,AGM0051,6,1,2,,,,,,,,,,,,,,,,,,,,,,,,,,,,,,,,,,,,,,,,,,,,,,,,,,,,,,,,,4,0,,,,,,,,,,780,720,660,600,540,0,-1,0,,
MSFR_07_304,MSFR_07_304_NAME,MSFR_07_304_DESC,MSFR_07_304_NAME,MSFR_07_304_DESC,,7,40,40,1,0,FM01_02,RANDOM,SNDS_BGM_M021_FM01,SNDS_BGM_M002_BATTLE_ASHBORN,,,STOR_08_DUSTY,MSFR_07_303,,,1,1,1,1,1,1,1,1,AGM0081,2,1,0,,,AGM0082,4,1,0,,,,,,,,,,,,,,,,,,,,,,,,,,,,,,,,,,,,,,,,,,,,,,,,,,,4,0,,,,,,,,,,840,780,720,660,600,0,-1,0,,
MSFR_07_305,MSFR_07_305_NAME,MSFR_07_305_DESC,MSFR_07_305_NAME,MSFR_07_305_DESC,,7,40,40,1,0,FM02_02,RANDOM,SNDS_BGM_M022_FM02,SNDS_BGM_M002_BATTLE_ASHBORN,,,STOR_08_DUSTY,MSFR_07_304,,,1,1,1,1,1,1,1,1,AGL0062,0,1,3,,,AGS0062,5,0,0,,,AGS0062,8,0,0,,,AGS0062,19,0,0,,,AGS0062,21,0,0,,,AGS0062,27,0,0,,,,,,,,,,,,,,,,,,,,,,,,,,,4,0,,,,,,,,,,810,750,690,630,570,0,-1,0,,
MSFR_07_306,MSFR_07_306_NAME,MSFR_07_306_DESC,MSFR_07_306_NAME,MSFR_07_306_DESC,,7,40,40,1,2,FM02_02,RANDOM,SNDS_BGM_M022_FM02,SNDS_BGM_M002_BATTLE_ASHBORN,,,STOR_08_DUSTY,MSFR_07_305,MSFR_07_307,1,1,1,1,1,1,1,1,1,AGL0011,8,1,1,,,AGL0041,4,1,0,,,,,,,,,,,,,,,,,,,,,,,,,,,,,,,,,,,,,,,,,,,,,,,,,,,4,0,,,,,,,,,,720,660,600,540,480,0,-1,0,,
MSFR_07_307,MSFR_07_306_NAME,MSFR_07_307_DESC,MSFR_07_306_NAME,MSFR_07_307_DESC,,7,40,40,1,1,FM02_01,RANDOM,SNDS_BGM_M022_FM02,SNDS_BGM_M002_BATTLE_ASHBORN,,,STOR_08_DUSTY,MSFR_07_305,,2,1,1,1,1,1,1,1,1,AGM0072,9,1,0,,,AGS0051,25,0,1,,,AGS0051,26,0,1,,,AGS0051,28,0,1,,,AGS0051,29,0,1,,,AGS0051,31,0,1,,,AGS0051,32,0,1,,,,,,,,,,,,,,,,,,,,,4,2,,,,,,,,,,590,530,470,410,350,0,-1,0,,
MSFR_07_308,MSFR_07_308_NAME,MSFR_07_308_DESC,MSFR_07_308_NAME,MSFR_07_308_DESC,,7,40,40,1,0,FM02_01,RANDOM,SNDS_BGM_M022_FM02,SNDS_BGM_M053_BATTLE_OTHER2,,,STOR_08_DUSTY,MSFR_07_307,,,1,1,1,1,1,1,1,1,AGL0171,9,1,3,,,AGM0081,4,1,0,,,,,,,,,,,,,,,,,,,,,,,,,,,,,,,,,,,,,,,,,,,,,,,,,,,4,0,,,,,,,,,,960,900,840,780,720,0,-1,0,,
MSFR_07_401,MSFR_07_401_NAME,MSFR_07_401_DESC,MSFR_07_401_NAME,MSFR_07_401_DESC,,7,40,40,1,0,FM04_01,RANDOM,SNDS_BGM_M024_FM04,SNDS_BGM_M002_BATTLE_ASHBORN,,,STOR_08_DUSTY,MSFR_07_002,,,1,1,1,1,1,1,1,1,AGM0011,1,1,1,,,AGM0011,6,1,0,,,AGS0051,9,0,0,,,AGS0051,13,0,0,,,AGS0051,16,0,0,,,,,,,,,,,,,,,,,,,,,,,,,,,,,,,,,4,0,,,,,,,,,,710,650,590,530,470,0,-1,0,,
MSFR_07_402,MSFR_07_402_NAME,MSFR_07_402_DESC,MSFR_07_402_NAME,MSFR_07_402_DESC,,7,40,40,1,0,FM04_01,RANDOM,SNDS_BGM_M024_FM04,SNDS_BGM_M002_BATTLE_ASHBORN,,,STOR_08_DUSTY,MSFR_07_401,,,1,1,1,1,1,1,1,1,AGS0072,23,1,0,,,AGS0072,24,1,0,,,AGS0031,7,1,0,,,AGS0031,14,1,0,,,AGS0031,15,1,0,,,AGS0021,11,1,0,,,AGS0021,25,1,0,,,AGS0021,26,1,0,,,,,,,,,,,,,,,4,0,,,,,,,,,,500,440,380,320,260,0,-1,0,,
MSFR_07_403,MSFR_07_403_NAME,MSFR_07_403_DESC,MSFR_07_403_NAME,MSFR_07_403_DESC,,7,40,40,1,0,FM01_02,RANDOM,SNDS_BGM_M021_FM01,SNDS_BGM_M002_BATTLE_ASHBORN,,,STOR_08_DUSTY,MSFR_07_402,,,1,1,1,1,1,1,1,1,AGL0041,9,1,3,,,AGS0011,28,0,1,,2,AGS0011,27,0,1,,4,AGS0011,26,0,1,,4,,,,,,,,,,,,,,,,,,,,,,,,,,,,,,,,,,,,,4,0,,,,,,,,,,780,720,660,600,540,0,-1,0,,
MSFR_07_404,MSFR_07_404_NAME,MSFR_07_404_DESC,MSFR_07_404_NAME,MSFR_07_404_DESC,,7,40,40,1,0,FM01_01,RANDOM,SNDS_BGM_M021_FM01,SNDS_BGM_M002_BATTLE_ASHBORN,,,STOR_08_DUSTY,MSFR_07_403,,,1,1,1,1,1,1,1,1,AGM0071,6,1,0,,,AGM0072,13,1,1,,,,,,,,,,,,,,,,,,,,,,,,,,,,,,,,,,,,,,,,,,,,,,,,,,,4,6,,,,,,,,,,720,660,600,540,480,0,-1,0,,
MSFR_07_405,MSFR_07_405_NAME,MSFR_07_405_DESC,MSFR_07_405_NAME,MSFR_07_405_DESC,,7,40,40,1,2,FM01_02,RANDOM,SNDS_BGM_M021_FM01,SNDS_BGM_M002_BATTLE_ASHBORN,,,STOR_08_DUSTY,MSFR_07_404,MSFR_07_406,1,1,1,1,1,1,1,1,1,AGL0031,13,1,1,,,AGS0011,18,0,0,,,AGS0011,25,0,0,,,AGS0011,27,0,0,,,AGS0011,30,0,0,,,,,,,,,,,,,,,,,,,,,,,,,,,,,,,,,4,4,,,,,,,,,,590,530,470,410,350,0,-1,0,,
MSFR_07_406,MSFR_07_405_NAME,MSFR_07_406_DESC,MSFR_07_405_NAME,MSFR_07_406_DESC,,7,40,40,1,1,FM01_01,RANDOM,SNDS_BGM_M021_FM01,SNDS_BGM_M002_BATTLE_ASHBORN,,,STOR_08_DUSTY,MSFR_07_404,MSFR_07_407,2,1,1,1,1,1,1,1,1,AGL0021,18,1,1,,3,AGM0021,17,1,1,,1,AGS0071,3,0,0,,,AGS0071,15,0,0,,,,,,,,,,,,,,,,,,,,,,,,,,,,,,,,,,,,,,,4,6,,,,,,,,,,740,680,620,560,500,0,-1,0,,
MSFR_07_407,MSFR_07_405_NAME,MSFR_07_407_DESC,MSFR_07_405_NAME,MSFR_07_407_DESC,,7,40,40,1,1,FM01_02,RANDOM,SNDS_BGM_M021_FM01,SNDS_BGM_M002_BATTLE_ASHBORN,,,STOR_08_DUSTY,MSFR_07_404,,3,1,1,1,1,1,1,1,1,AGS0071,22,1,0,,,AGS0071,23,1,0,,,AGS0071,29,1,0,,,,,,,,,,,,,,,,,,,,,,,,,,,,,,,,,,,,,,,,,,,,,4,0,,,,,,,,,,650,590,530,470,410,0,-1,0,,
MSFR_07_408,MSFR_07_408_NAME,MSFR_07_408_DESC,MSFR_07_408_NAME,MSFR_07_408_DESC,,7,40,40,1,0,FM01_02,RANDOM,SNDS_BGM_M021_FM01,SNDS_BGM_M012_EVENT_RED_QUEEN,,,STOR_08_DUSTY,MSFR_07_407,,,1,1,1,1,1,1,1,1,AGL0141,1,1,0,,,AGM0071,27,1,0,,,,,,,,,,,,,,,,,,,,,,,,,,,,,,,,,,,,,,,,,,,,,,,,,,,4,4,,,,,,,,,,900,840,780,720,660,0,-1,0,,
MSFR_07_501,MSFR_07_501_NAME,MSFR_07_501_DESC,MSFR_07_501_NAME,MSFR_07_501_DESC,,7,40,40,1,0,FM04_01,RANDOM,SNDS_BGM_M024_FM04,SNDS_BGM_M002_BATTLE_ASHBORN,,,STOR_08_DUSTY,MSFR_07_002,,,1,1,1,1,1,1,1,1,AGM0082,6,1,0,,,AGS0031,1,0,0,,,AGS0031,23,0,0,,,AGS0031,24,0,0,,,,,,,,,,,,,,,,,,,,,,,,,,,,,,,,,,,,,,,4,0,,,,,,,,,,630,570,510,450,390,0,-1,0,,
MSFR_07_502,MSFR_07_502_NAME,MSFR_07_502_DESC,MSFR_07_502_NAME,MSFR_07_502_DESC,,7,40,40,1,0,FM04_02,RANDOM,SNDS_BGM_M024_FM04,SNDS_BGM_M002_BATTLE_ASHBORN,,,STOR_08_DUSTY,MSFR_07_501,,,1,1,1,1,1,1,1,1,AGS0072,9,1,0,,,AGS0072,12,1,0,,,AGS0072,15,1,0,,,AGS0072,17,1,0,,,AGS0072,26,1,0,,,,,,,,,,,,,,,,,,,,,,,,,,,,,,,,,4,0,,,,,,,,,,570,510,450,390,330,0,-1,0,,
MSFR_07_503,MSFR_07_503_NAME,MSFR_07_503_DESC,MSFR_07_503_NAME,MSFR_07_503_DESC,,7,40,40,1,0,FM06_02,RANDOM,SNDS_BGM_M048_BATTLE_OTHER1,SNDS_BGM_M002_BATTLE_ASHBORN,,,STOR_08_DUSTY,MSFR_07_502,,,1,1,1,1,1,1,1,1,AGM0071,3,1,0,,,AGM0091,4,1,0,,,AGS0011,11,0,0,,,AGS0011,12,0,0,,,AGS0031,20,0,0,,,AGS0031,21,0,0,,,,,,,,,,,,,,,,,,,,,,,,,,,4,0,,,,,,,,,,800,740,680,620,560,0,-1,0,,
MSFR_07_504,MSFR_07_504_NAME,MSFR_07_504_DESC,MSFR_07_504_NAME,MSFR_07_504_DESC,,7,40,40,1,0,FM06_01,RANDOM,SNDS_BGM_M025_FM06,SNDS_BGM_M002_BATTLE_ASHBORN,,,STOR_08_DUSTY,MSFR_07_503,,,1,1,1,1,1,1,1,1,AGL0013,27,1,1,,,AGL0011,3,1,0,,,AGS0061,12,0,0,,,AGS0061,22,0,0,,,AGS0061,23,0,0,,,,,,,,,,,,,,,,,,,,,,,,,,,,,,,,,4,4,,,,,,,,,,840,780,720,660,600,0,-1,0,,
MSFR_07_505,MSFR_07_505_NAME,MSFR_07_505_DESC,MSFR_07_505_NAME,MSFR_07_505_DESC,,7,40,40,1,0,FM06_01,RANDOM,SNDS_BGM_M025_FM06,SNDS_BGM_M002_BATTLE_ASHBORN,,,STOR_08_DUSTY,MSFR_07_504,,,1,1,1,1,1,1,1,1,AGM0082,4,1,3,,,AGS0051,7,0,0,,,AGS0051,20,0,0,,,AGS0051,21,0,0,,,,,,,,,,,,,,,,,,,,,,,,,,,,,,,,,,,,,,,4,0,,,,,,,,,,900,840,780,720,660,0,-1,0,,
MSFR_07_506,MSFR_07_506_NAME,MSFR_07_506_DESC,MSFR_07_506_NAME,MSFR_07_506_DESC,,7,40,40,1,2,FM06_01,RANDOM,SNDS_BGM_M025_FM06,SNDS_BGM_M002_BATTLE_ASHBORN,,,STOR_08_DUSTY,MSFR_07_505,MSFR_07_507,1,1,1,1,1,1,1,1,1,AGL0062,5,1,0,,,AGS0062,8,0,0,,,AGS0062,26,0,0,,,AGS0061,15,0,0,,,AGS0061,16,0,0,,,,,,,,,,,,,,,,,,,,,,,,,,,,,,,,,4,4,,,,,,,,,,860,800,740,680,620,0,-1,0,,
MSFR_07_507,MSFR_07_506_NAME,MSFR_07_507_DESC,MSFR_07_506_NAME,MSFR_07_507_DESC,,7,40,40,1,1,FM06_02,RANDOM,SNDS_BGM_M025_FM06,SNDS_BGM_M002_BATTLE_ASHBORN,,,STOR_08_DUSTY,MSFR_07_505,,2,1,1,1,1,1,1,1,1,AGL0111,6,1,1,,,AGS0072,11,0,0,,,AGS0072,12,0,0,,,AGS0072,8,0,0,,,AGS0072,9,0,0,,,AGS0072,10,0,0,,,,,,,,,,,,,,,,,,,,,,,,,,,4,0,,,,,,,,,,630,570,510,450,390,0,-1,0,,
MSFR_07_508,MSFR_07_508_NAME,MSFR_07_508_DESC,MSFR_07_508_NAME,MSFR_07_508_DESC,,7,40,40,1,0,FM07_01,SUB1,SNDS_BGM_M026_FM07,SNDS_BGM_M002_BATTLE_ASHBORN,,,STOR_08_DUSTY,MSFR_07_507,,,1,1,1,1,1,1,1,1,AGL0131,1,1,1,,3,AGM0082,5,1,1,,2,,,,,,,,,,,,,,,,,,,,,,,,,,,,,,,,,,,,,,,,,,,,,,,,,4,0,,,,,,,,,,960,900,840,780,720,0,-1,0,,
MSFR_07_509,MSFR_07_509_NAME,MSFR_07_509_DESC,MSFR_07_509_NAME,MSFR_07_509_DESC,,7,40,40,1,2,FM06_02,RANDOM,SNDS_BGM_M025_FM06,SNDS_BGM_M009_HUNTING,,,STOR_08_DUSTY,MSFR_07_508,MSFR_07_510,1,1,1,1,1,1,1,1,1,AGL0161,1,1,0,,,,,,,,,,,,,,,,,,,,,,,,,,,,,,,,,,,,,,,,,,,,,,,,,,,,,,,,,4,0,,,,,,,,,,1080,1020,960,900,840,0,-1,0,,
MSFR_07_510,MSFR_07_509_NAME,MSFR_07_510_DESC,MSFR_07_509_NAME,MSFR_07_510_DESC,,7,40,40,1,1,FM06_01,RANDOM,SNDS_BGM_M025_FM06,SNDS_BGM_M053_BATTLE_OTHER2,,,STOR_08_DUSTY,MSFR_07_508,,2,1,1,1,1,1,1,1,1,AGL0171,4,1,3,,,,,,,,,,,,,,,,,,,,,,,,,,,,,,,,,,,,,,,,,,,,,,,,,,,,,,,,,4,0,,,,,,,,,,1500,1440,1380,1320,1260,0,-1,0,,
MSEX_80_003,MSEX_80_003_NAME,MSEX_80_003_DESC,MSEX_80_003_NAME,MSEX_80_003_DESC,,1,30,30,0,0,FM01_02,MAIN,SNDS_BGM_M048_BATTLE_OTHER1,,,,STOR_EX_EVEBLD_SUMMIT_JAIL,,,,1,1,1,1,1,1,2.5,1,AGS0071,11,1,1,,2,AGS0071,13,1,1,,2,,,,,,,,,,,,,,,,,,,,,,,,,,,,,,,,,,,,,,,,,,,,,,,,,4,0,NPCC_0001,NPCC_0004,NPCC_0003,,,,,,,480,360,300,240,210,4,-2,0,,
MSEX_80_002,MSEX_80_002_NAME,MSEX_80_002_DESC,MSEX_80_002_NAME,MSEX_80_002_DESC,,1,30,30,0,0,FM04_01,MAIN,SNDS_BGM_M024_FM04,,,,STOR_EX_EVEBLD_SUMMIT_JAIL,,,,1,1,1,1,1,1,2.5,1,AGS0061,32,1,1,,2,AGS0061,9,1,1,,2,,,,,,,,,,,,,,,,,,,,,,,,,,,,,,,,,,,,,,,,,,,,,,,,,4,0,NPCC_0001,NPCC_0004,NPCC_0003,,,,,,,480,360,300,240,210,4,-2,0,,
MSEX_80_001,MSEX_80_001_NAME,MSEX_80_001_DESC,MSEX_80_001_NAME,MSEX_80_001_DESC,,1,30,30,0,0,FM02_01,MAIN,SNDS_BGM_M022_FM02,SNDS_BGM_M002_BATTLE_ASHBORN,,,STOR_EX_EVEBLD_SUMMIT_JAIL,,,,1,1,1.2,1.2,1,1,2.5,1,AGS0061,31,1,0,,,AGS0061,27,1,0,,,,,,,,,,,,,,,,,,,,,,,,,,,,,,,,,,,,,,,,,,,,,,,,,,,4,0,NPCC_0001,NPCC_0004,NPCC_0003,,,,,,,600,480,420,360,300,4,-2,0,,
MSPB_90_001,MSPB_90_001_NAME,MSEX_80_002_DESC,MSPB_90_001_NAME,MSEX_80_002_DESC,,1,40,40,0,0,FM01_01,SUB1,SNDS_BGM_BTL_BGM_BATTLE_GE2_SOLDIERS_MASTER,SNDS_BGM_BTL_BGM_BATTLE_GE2_SOLDIERS_MASTER,,SNDS_JNG_BTL_JINGLE_BATTLE_CITY,STOR_EX_EVEBLD_0610,,,,1,1,1,1,1,1,1,1,AGM0091,7,1,0,,2,,,,,,,,,,,,,,,,,,,,,,,,,,,,,,,,,,,,,,,,,,,,,,,,,,,,,,,4,0,NPCC_0001,,,,,,,,,600,480,360,300,240,4,1,0,,
MSPB_90_002,MSPB_90_002_NAME,MSEX_80_002_DESC,MSPB_90_002_NAME,MSEX_80_002_DESC,,1,40,40,0,0,FM01_01,SUB1,SNDS_BGM_BTL_BGM_BATTLE_GE2_SOLDIERS_MASTER,SNDS_BGM_BTL_BGM_BATTLE_GE2_SOLDIERS_MASTER,,SNDS_JNG_BTL_JINGLE_BATTLE_CITY,STOR_EX_EVEBLD_0610,,,,1,1,1,1,1,1,1,1,AGM0091,18,1,1,,2,,,,,,,,,,,,,,,,,,,,,,,,,,,,,,,,,,,,,,,,,,,,,,,,,,,,,,,4,1,NPCC_0001,,,,,,,,,600,480,360,300,240,4,1,0,,
MSEX_80_007,MSEX_80_007_NAME,MSEX_80_007_DESC,MSEX_80_007_NAME,MSEX_80_007_DESC,,1,40,30,0,8,FM01_01,MAIN,SNDS_BGM_M021_FM01,SNDS_BGM_M002_BATTLE_ASHBORN,,SNDS_BGM_M021_FM01,STOR_EX_EVEBLD_TRIAL_JAIL,,,,1,1,1,1,1,1,3,1,,,,,,,,,,,,,,,,,,,,,,,,,,,,,,,,,,,,,,,,,,,,,,,,,,,,,,,,,,,,,4,0,NPCC_0004,NPC_NONE,NPC_NONE,,,,,,,2401,2401,2401,2401,2400,4,-4,0,,
MSEX_80_008,MSEX_80_008_NAME,MSEX_80_008_DESC,MSEX_80_008_NAME,MSEX_80_008_DESC,,1,40,15,0,8,FM01_01,MAIN,SNDS_BGM_M021_FM01,SNDS_BGM_M002_BATTLE_ASHBORN,,SNDS_BGM_M021_FM01,STOR_EX_EVEBLD_TRIAL_JAIL,,,,1,1,1,1,1,1,3,1,,,,,,,,,,,,,,,,,,,,,,,,,,,,,,,,,,,,,,,,,,,,,,,,,,,,,,,,,,,,,4,0,NPCC_0004,NPC_NONE,NPC_NONE,,,,,,,2401,2401,2401,2401,2400,4,-4,0,,
MSEX_80_009,MSEX_80_009_NAME,MSEX_80_009_DESC,MSEX_80_009_NAME,MSEX_80_009_DESC,,1,40,30,0,8,FM01_02,MAIN,SNDS_BGM_M021_FM01,SNDS_BGM_M002_BATTLE_ASHBORN,,SNDS_BGM_M021_FM01,STOR_EX_EVEBLD_TRIAL_JAIL,,,,1,1,1,1,1,1,3,1,,,,,,,,,,,,,,,,,,,,,,,,,,,,,,,,,,,,,,,,,,,,,,,,,,,,,,,,,,,,,4,0,NPCC_0004,NPC_NONE,NPC_NONE,,,,,,,2401,2401,2401,2401,2400,4,-4,0,,
MSEX_80_010,MSEX_80_010_NAME,MSEX_80_010_DESC,MSEX_80_010_NAME,MSEX_80_010_DESC,,1,40,40,0,8,FM01_01,MAIN,SNDS_BGM_M021_FM01,SNDS_BGM_M002_BATTLE_ASHBORN,,SNDS_BGM_M021_FM01,STOR_EX_EVEBLD_TRIAL_JAIL,,,,1,1,1,1,1,1,3,1,,,,,,,,,,,,,,,,,,,,,,,,,,,,,,,,,,,,,,,,,,,,,,,,,,,,,,,,,,,,,4,0,NPCC_0004,NPC_NONE,NPC_NONE,,,,,,,2401,2401,2401,2401,2400,4,-4,0,,
MSEX_80_005,MSEX_80_003_NAME,MSEX_80_003_DESC,MSEX_80_003_NAME,MSEX_80_003_DESC,,1,30,30,0,0,FM01_02,MAIN,SNDS_BGM_M048_BATTLE_OTHER1,,,,STOR_EX_EVEBLD_TRIAL_JAIL,,,,1,1,1,1,1,1,3.5,1,AGS0071,11,1,1,,2,AGS0071,13,1,1,,2,,,,,,,,,,,,,,,,,,,,,,,,,,,,,,,,,,,,,,,,,,,,,,,,,4,0,NPCC_0001,NPCC_0004,NPCC_0003,,,,,,,480,360,300,240,210,4,-4,0,,
MSEX_80_004,MSEX_80_002_NAME,MSEX_80_002_DESC,MSEX_80_002_NAME,MSEX_80_002_DESC,,1,30,30,0,0,FM04_01,MAIN,SNDS_BGM_M024_FM04,,,,STOR_EX_EVEBLD_TRIAL_JAIL,,,,1,1,1,1,1,1,3.5,1,AGS0061,32,1,1,,2,AGS0061,9,1,1,,2,,,,,,,,,,,,,,,,,,,,,,,,,,,,,,,,,,,,,,,,,,,,,,,,,4,0,NPCC_0001,NPCC_0004,NPCC_0003,,,,,,,480,360,300,240,210,4,-4,0,,
MSEX_80_006,MSEX_80_001_NAME,MSEX_80_001_DESC,MSEX_80_001_NAME,MSEX_80_001_DESC,,1,30,30,0,0,FM02_01,MAIN,SNDS_BGM_M022_FM02,SNDS_BGM_M002_BATTLE_ASHBORN,,,STOR_EX_EVEBLD_TRIAL_JAIL,,,,1,1,1.2,1.2,1,1,3.5,1,AGS0061,31,1,0,,,AGS0061,27,1,0,,,,,,,,,,,,,,,,,,,,,,,,,,,,,,,,,,,,,,,,,,,,,,,,,,,4,0,NPCC_0001,NPCC_0004,NPCC_0003,,,,,,,600,480,420,360,300,4,-4,0,,
MSFR_07_511,MSFR_07_511_NAME,MSFR_07_511_DESC,MSFR_07_511_NAME,MSFR_07_511_DESC,,7,40,40,1,0,FM01_01,RANDOM,SNDS_BGM_M021_FM01,SNDS_BGM_M002_BATTLE_ASHBORN,,,STOR_08_DUSTY,MSFR_07_508,,,1,1,1,1,1,1,1,1,AGL0181,11,1,0,,,AGL0182,13,1,1,,,,,,,,,,,,,,,,,,,,,,,,,,,,,,,,,,,,,,,,,,,,,,,,,,,4,6,,,,,,,,,,720,660,600,540,480,0,-1,0,,
MSFR_07_512,MSFR_07_512_NAME,MSFR_07_512_DESC,MSFR_07_512_NAME,MSFR_07_512_DESC,,7,40,40,1,0,FM02_01,RANDOM,SNDS_BGM_M048_BATTLE_OTHER1,SNDS_BGM_M048_BATTLE_OTHER1,,,STOR_08_DUSTY,MSFR_07_511,,,1,1,0.5,1,1,1,150,10,AGS0021,10,1,3,,,AGS0021,6,1,1,,,AGS0021,8,0,0,,,AGL0111,26,0,0,,,AGL0111,19,0,0,,,AGL0111,20,0,0,,,,,,,,,,,,,,,,,,,,,,,,,,,4,0,,,,,,,,,,860,800,740,680,620,0,-1,0,,
MSFR_07_513,MSFR_07_513_NAME,MSFR_07_512_DESC,MSFR_07_513_NAME,MSFR_07_512_DESC,,7,40,40,1,0,FM03_01,RANDOM,SNDS_BGM_M023_FM03,SNDS_BGM_M002_BATTLE_ASHBORN,,,STOR_08_DUSTY,MSFR_07_512,,,1,1,1,1,1,1,150,10,AGL0162,4,1,0,,,AGL0162,10,1,1,,,AGS0072,8,1,0,,,AGS0072,16,1,0,,,,,,,,,,,,,,,,,,,,,,,,,,,,,,,,,,,,,,,4,0,,,,,,,,,,690,630,570,510,450,0,-1,0,,
MSFR_07_514,MSFR_07_514_NAME,MSST_01_001_DESC,MSFR_07_514_NAME,MSST_01_001_DESC,,7,40,40,1,0,FM01_02,RANDOM,SNDS_BGM_M022_FM02,SNDS_BGM_M002_BATTLE_ASHBORN,,,STOR_02_KILLER_GIRL,MSFR_07_513,,,1,1,1,1,1,1,150,10,AGS0062,27,1,0,,,AGS0011,23,1,0,,,AGS0011,29,1,0,,,AGS0062,13,1,1,,,AGL0011,18,0,0,,,AGM0091,25,0,0,,,,,,,,,,,,,,,,,,,,,,,,,,,4,0,,,,,,,,,,460,400,340,280,220,0,-1,0,,
MSFR_07_515,MODS_01_022_NAME,MSST_06_008_DESC,MODS_01_022_NAME,MSST_06_008_DESC,,7,40,40,1,2,FM04_01,RANDOM,SNDS_BGM_M024_FM04,SNDS_BGM_M002_BATTLE_ASHBORN,,,STOR_08_DUSTY,MSFR_07_514,MSFR_07_516,1,3,1,4,1,5,1,1,1,AGM0011,21,1,0,,,AGM0021,24,1,0,,,AGM0031,7,1,0,,,AGM0051,14,1,0,,,AGL0011,18,1,0,,,AGL0051,11,1,0,,,AGL0062,25,1,0,,,AGM0091,27,1,0,,,,,,,,,,,,,,,4,0,,,,,,,,,,500,440,380,320,260,0,-1,0,,
MSFR_07_516,MSFR_01_002_NAME,MSFR_01_002_DESC,MSFR_01_002_NAME,MSFR_01_002_DESC,,7,40,40,1,1,FM04_02,RANDOM,SNDS_BGM_M024_FM04,SNDS_BGM_M002_BATTLE_ASHBORN,,,STOR_08_DUSTY,MSFR_07_514,,2,4,1,5,1,6,1,1,1,AGL0163,4,1,0,,,AGL0133,26,1,0,,,AGL0162,28,0,0,,,AGL0152,30,1,0,,,AGL0143,6,1,0,,,AGL0173,14,1,0,,,AGL0142,32,0,0,,,,,,,,,,,,,,,,,,,,,4,1,,,,,,,,,,590,530,470,410,350,0,-1,0,,
MSFR_02_020,MSFR_08_301_NAME,MSST_55_006_DESC,MSFR_08_301_NAME,MSST_55_006_DESC,,7,40,40,1,1,FM00_00,RANDOM,SNDS_BGM_M021_FM01,SNDS_BGM_M002_BATTLE_ASHBORN,,,STOR_02_G_USED,MSFR_07_515,MSFR_02_030,2,3,1,3,1,3,1,3,1,AGM0084,0,1,1,,,AGM0084,1,1,1,,,AGM0073,2,1,1,,,AGM0073,3,1,1,,,,,,,,,,,,,,,,,,,,,,,,,,,,,,,,,,,,,,,4,0,,,,,,,,,,270,240,210,180,150,0,-1,0,,
MSFR_02_030,MSFR_08_301_NAME,MSST_55_007_DESC,MSFR_08_301_NAME,MSST_55_007_DESC,,7,40,40,1,1,FM08_01,RANDOM,SNDS_BGM_M021_FM01,SNDS_BGM_M002_BATTLE_ASHBORN,,,STOR_02_G_USED,MSFR_07_515,MSFR_02_040,3,4,2,4,2,4,2,4,2,AGL0015,0,1,1,,,AGL0015,1,1,1,,,AGL0064,2,1,1,,,AGL0064,2,1,1,,,AGL0055,2,1,1,,,AGL0055,2,1,1,,,,,,,,,,,,,,,,,,,,,,,,,,,4,0,,,,,,,,,,270,240,210,180,150,0,-1,0,,
MSFR_02_040,MSFR_08_301_NAME,MSST_55_008_DESC,MSFR_08_301_NAME,MSST_55_008_DESC,,7,40,40,1,1,FM07_01,RANDOM,SNDS_BGM_M021_FM01,SNDS_BGM_M002_BATTLE_ASHBORN,,,STOR_02_G_USED,MSFR_07_515,,4,5,3,5,3,5,3,5,3,AGL0152,0,1,1,,,AGL0172,2,1,1,,,AGL0132,4,1,1,,,AGL0013_2,6,1,1,,,,,,,,,,,,,,,,,,,,,,,,,,,,,,,,,,,,,,,4,0,,,,,,,,,,270,240,210,180,150,0,-1,0,,
MSFR_07_160,MSFR_07_533_NAME,MSFR_07_106_DESC,MSFR_07_533_NAME,MSFR_07_106_DESC,,7,40,40,1,2,FM06_02,RANDOM,SNDS_BGM_M025_FM06,SNDS_BGM_M002_BATTLE_ASHBORN,,,STOR_08_DUSTY,MSFR_07_514,MSFR_07_170,1,1,1,1,1,1,1,1,1,AGL0173,1,1,0,,,AGL0173,15,1,0,,,AGL0063,10,0,0,,,AGL0063,5,0,0,,,,,,,,,,,,,,,,,,,,,,,,,,,,,,,,,,,,,,,4,0,,,,,,,,,,890,830,770,710,650,0,-1,0,,
MSFR_07_170,MSFR_07_534_NAME,MSFR_07_107_DESC,MSFR_07_534_NAME,MSFR_07_107_DESC,,7,40,40,1,1,FM06_01,RANDOM,SNDS_BGM_M024_FM04,SNDS_BGM_M002_BATTLE_ASHBORN,,,STOR_08_DUSTY,MSFR_07_514,,2,1,1,1,1,1,1,1,1,AGL0054,3,1,0,,3,AGL0054,13,0,0,,,AGL0143,27,0,0,,,AGL0143,30,0,0,,,,,,,,,,,,,,,,,,,,,,,,,,,,,,,,,,,,,,,4,0,,,,,,,,,,810,750,690,630,570,0,-1,0,,
MSFR_04_023,MSFR_07_515_NAME,MSST_01_001_DESC,MSFR_07_515_NAME,MSST_01_001_DESC,,7,40,40,1,0,FM03_02,RANDOM,SNDS_BGM_M023_FM03,SNDS_BGM_M002_BATTLE_ASHBORN,,,STOR_04_NEGOTIATION,MSFR_07_514,,,1,1,1,1,1,1,150,10,AGS0031,22,1,1,,,AGS0031,17,1,0,,,AGS0051,25,1,0,,,AGS0051,26,1,0,,,,,,,,,,,,,,,,,,,,,,,,,,,,,,,,,,,,,,,,,,,,,,,,,,,,,,,,,,,
MSFR_02_201,MSFR_08_301_NAME,MSST_55_005_DESC,MSFR_08_301_NAME,MSST_55_005_DESC,,7,40,40,1,2,FM00_01,RANDOM,SNDS_BGM_M024_FM04,SNDS_BGM_M002_BATTLE_ASHBORN,,,STOR_08_DUSTY,MSFR_07_501,MSFR_02_020,1,1,1,1,1,1,1,10,3,AGS0073,9,1,0,,,AGS0073,12,1,0,,,AGS0073,15,1,0,,,AGS0073,17,1,0,,,AGS0073,26,1,0,,,,,,,,,,,,,,,,,,,,,,,,,,,,,,,,,4,0,,,,,,,,,,570,510,450,390,330,0,-1,0,,
