mission_id,first_gap,first_item_id1,first_item_id2,first_item_id3,first_item_id4,first_item_id5,first_item_id6,first_item_id7,first_item_id8,first_item_id9,first_item_id10,first_item_id11,first_item_id12,first_item_id13,first_item_id14,first_item_id15,first_item_id16,first_item_id17,first_item_id18,first_item_id19,first_item_id20,first_item_id21,first_item_id22,first_item_id23,first_item_id24,first_item_id25,first_item_id26,first_item_id27,first_item_id28,first_item_id29,first_item_id30,first_item_id31,first_item_id32,first_item_id33,first_item_id34,first_item_id35,first_item_id36,first_item_id37,first_item_id38,first_item_id39,first_item_id40
TEST_NX_BUILDPLAY,10,ITEM_MTL_S_0021_001,ITEM_MTL_S_0021_001,ITEM_MTL_S_0021_001,ITEM_MTL_S_0021_001,ITEM_MTL_S_0021_001,,,,,,,,,,,,,,,,,,,,,,,,,,,,,,,,,,,
MAIN_MISSION_1-1,10,ITEM_MTL_S_0021_001,ITEM_MTL_S_0021_001,ITEM_MTL_S_0021_001,ITEM_MTL_S_0021_001,ITEM_MTL_S_0021_001,,,,,,,,,,,,,,,,,,,,,,,,,,,,,,,,,,,
4PLAYER_TEST,10,ITEM_MTL_S_0021_001,ITEM_MTL_S_0021_001,ITEM_MTL_S_0021_001,ITEM_MTL_S_0021_001,ITEM_MTL_S_0021_001,,,,,,,,,,,,,,,,,,,,,,,,,,,,,,,,,,,
VS_ANUBIS*2,10,ITEM_MTL_S_0021_001,ITEM_MTL_S_0021_001,ITEM_MTL_S_0021_001,ITEM_MTL_S_0021_001,ITEM_MTL_S_0021_001,,,,,,,,,,,,,,,,,,,,,,,,,,,,,,,,,,,
VS_ANUBIS_ONLY,10,ITEM_MTL_S_0021_001,ITEM_MTL_S_0021_001,ITEM_MTL_S_0021_001,ITEM_MTL_S_0021_001,ITEM_MTL_S_0021_001,,,,,,,,,,,,,,,,,,,,,,,,,,,,,,,,,,,
TRAVEL_MISSION_1,10,ITEM_MTL_S_0021_001,ITEM_MTL_S_0021_001,ITEM_MTL_S_0021_001,ITEM_MTL_S_0021_001,ITEM_MTL_S_0021_001,,,,,,,,,,,,,,,,,,,,,,,,,,,,,,,,,,,
TRAVEL_MISSION_2,10,ITEM_MTL_S_0021_001,ITEM_MTL_S_0021_001,ITEM_MTL_S_0021_001,ITEM_MTL_S_0021_001,ITEM_MTL_S_0021_001,,,,,,,,,,,,,,,,,,,,,,,,,,,,,,,,,,,
VS_BORG_MISSION,10,ITEM_MTL_S_0021_001,ITEM_MTL_S_0021_001,ITEM_MTL_S_0021_001,ITEM_MTL_S_0021_001,ITEM_MTL_S_0021_001,,,,,,,,,,,,,,,,,,,,,,,,,,,,,,,,,,,
VS_RA_MISSION,10,ITEM_MTL_S_0021_001,ITEM_MTL_S_0021_001,ITEM_MTL_S_0021_001,ITEM_MTL_S_0021_001,ITEM_MTL_S_0021_001,,,,,,,,,,,,,,,,,,,,,,,,,,,,,,,,,,,
VS_QUADRIGA_MISSION,10,ITEM_MTL_S_0021_001,ITEM_MTL_S_0021_001,ITEM_MTL_S_0021_001,ITEM_MTL_S_0021_001,ITEM_MTL_S_0021_001,,,,,,,,,,,,,,,,,,,,,,,,,,,,,,,,,,,
VS_KONGOU_MISSION,10,ITEM_MTL_S_0021_001,ITEM_MTL_S_0021_001,ITEM_MTL_S_0021_001,ITEM_MTL_S_0021_001,ITEM_MTL_S_0021_001,,,,,,,,,,,,,,,,,,,,,,,,,,,,,,,,,,,
MSST_01_001,1,,,,,,,,,,,,,,,,,,,,,,,,,,,,,,,,,,,,,,,,
MSST_01_002,1,,,,ITEM_RCP_SB002_000,ITEM_RCP_LB002_000,ITEM_RCP_BB002_000,ITEM_RCP_BH002_000,ITEM_RCP_CS002_000,ITEM_RCP_VS002_000,ITEM_RCP_BE002_000,ITEM_RCP_HM002_000,,,,,,,,,,,,,,,,,,,,,,,,,,,,,
MSST_01_003,1,ITEM_RCP_BE007_000,ITEM_RCP_OL005_000,ITEM_RCP_TS008_000,ITEM_RCP_AS002_000,ITEM_RCP_SN002_000,ITEM_RCP_SG002_000,ITEM_RCP_OL002_000,ITEM_RCP_BC002_000,ITEM_RCP_SL002_000,ITEM_RCP_TS002_000,,,,,,,,,,,,,,,,,,,,,,,,,,,,,,
MSST_01_004,1,ITEM_RCP_BB008_000,ITEM_RCP_HM007_000,ITEM_RCP_SG005_000,,,,,,,,,,,,,,,,,,,,,,,,,,,,,,,,,,,,,
MSST_01_010,1,ITEM_RCP_SB006_000,ITEM_RCP_VS007_000,ITEM_RCP_SN005_000,ITEM_RCP_BH006_000,ITEM_RCP_BC007_000,,,,,,,,,,,,,,,,,,,,,,,,,,,,,,,,,,,
MSST_01_005,1,,,,,,,,,,,,,,,,,,,,,,,,,,,,,,,,,,,,,,,,
MSST_01_006,1,ITEM_RCP_CS007_000,ITEM_RCP_HM009_000,ITEM_RCP_OL008_000,ITEM_RCP_BC008_000,,,,,,,,,,,,,,,,,,,,,,,,,,,,,,,,,,,,
MSST_02_001,1,ITEM_RCP_BE007_101,ITEM_RCP_OL005_101,ITEM_RCP_TS008_101,ITEM_RCP_SB001_001,ITEM_RCP_LB001_001,ITEM_RCP_BB001_001,ITEM_RCP_BH001_001,ITEM_RCP_CS001_001,ITEM_RCP_VS001_001,ITEM_RCP_BE001_001,ITEM_RCP_HM001_001,ITEM_RCP_CSTP_PM002_01_01,ITEM_RCP_CSTP_PM002_01_02,ITEM_RCP_CSTP_PM002_01_03,ITEM_RCP_CSTP_PM002_01_04,ITEM_RCP_CSBT_PM002_01_01,ITEM_RCP_CSBT_PM002_01_02,ITEM_RCP_CSBT_PM002_01_03,ITEM_RCP_CSBT_PM002_01_04,ITEM_BTL_061,,,,,,,,,,,,ITEM_RCP_CSTP_PF002_01_01,ITEM_RCP_CSTP_PF002_01_02,ITEM_RCP_CSTP_PF002_01_03,ITEM_RCP_CSTP_PF002_01_04,ITEM_RCP_CSBT_PF002_01_01,ITEM_RCP_CSBT_PF002_01_02,ITEM_RCP_CSBT_PF002_01_03,ITEM_RCP_CSBT_PF002_01_04,
MSST_02_002,1,ITEM_RCP_BB008_101,ITEM_RCP_HM007_101,ITEM_RCP_SG005_101,ITEM_RCP_LB007_001,ITEM_RCP_AS007_001,ITEM_RCP_SB002_101,ITEM_RCP_LB002_401,ITEM_RCP_CS002_201,ITEM_RCP_BE002_101,ITEM_RCP_AS001_001,ITEM_RCP_SN001_001,ITEM_RCP_SG001_001,ITEM_RCP_OL001_001,ITEM_RCP_BC001_001,ITEM_RCP_SL001_001,ITEM_RCP_TS001_001,,,,ITEM_BTL_061,,,,,,,,,,,,,,,,,,,,
MSST_02_003,1,ITEM_RCP_BE008_001,ITEM_RCP_HM008_001,ITEM_RCP_SN006_001,ITEM_RCP_TS009_001,ITEM_RCP_CS006_001,ITEM_RCP_SL010_001,ITEM_RCP_AS002_101,ITEM_RCP_SN002_101,ITEM_RCP_SG002_101,ITEM_RCP_OL002_101,ITEM_RCP_BC002_101,ITEM_RCP_SL002_201,ITEM_RCP_TS002_201,ITEM_RCP_SL002_301,,,,,,ITEM_BTL_009,ITEM_BTL_040,,,,,,,,,,,,,,,,,,,
MSST_02_004,1,ITEM_RCP_BE007_001,ITEM_RCP_OL005_001,ITEM_RCP_TS008_001,ITEM_RCP_SB006_101,ITEM_RCP_SB006_201,ITEM_RCP_VS007_101,ITEM_RCP_VS007_201,ITEM_RCP_VS007_301,ITEM_RCP_SN005_101,ITEM_RCP_SN005_201,ITEM_RCP_SB002_301,ITEM_RCP_LB002_101,ITEM_RCP_BB002_201,ITEM_RCP_BH002_101,ITEM_RCP_CS002_101,ITEM_RCP_HM002_101,ITEM_RCP_SG003_001,,,ITEM_BTL_067,,,,,,,,,,,,,,,,,,,,
MSST_02_005,1,ITEM_RCP_SB008_001,ITEM_RCP_LB008_001,ITEM_RCP_CS009_001,ITEM_RCP_SN008_001,ITEM_RCP_TS012_001,ITEM_RCP_BB008_001,ITEM_RCP_HM007_001,ITEM_RCP_SG005_001,ITEM_RCP_LB002_301,ITEM_RCP_BB002_101,ITEM_RCP_BH002_201,ITEM_RCP_CS002_301,ITEM_RCP_BE002_201,ITEM_RCP_HM002_201,ITEM_RCP_BC002_201,ITEM_RCP_SL002_101,ITEM_RCP_TS002_101,,,ITEM_BTL_067,ITEM_BTL_040,,,,,,,,,,,,,,,,,,,
MSST_02_006,1,ITEM_RCP_CS007_001,ITEM_RCP_HM009_001,ITEM_RCP_OL008_001,ITEM_RCP_BC008_001,ITEM_RCP_BH006_101,ITEM_RCP_BH006_201,ITEM_RCP_BC007_101,ITEM_RCP_BC007_201,ITEM_RCP_AS004_001,ITEM_RCP_SN002_201,ITEM_RCP_SN004_001,ITEM_RCP_SG002_201,ITEM_RCP_OL002_201,,,,,,,ITEM_BTL_067,ITEM_BTL_040,,,,,,,,,,,,,,,,,,,
MSST_02_010,1,ITEM_RCP_VS010_001,ITEM_RCP_SN010_001,ITEM_RCP_SL012_001,,,,,,,,,,,,,,,,,,,,,,,,,,,,,,,,,,,,,
MSST_02_007,1,ITEM_RCP_SB010_001,ITEM_RCP_CS011_001,ITEM_RCP_SN009_001,ITEM_RCP_TS014_001,ITEM_RCP_SB002_001,ITEM_RCP_LB002_001,ITEM_RCP_BB002_001,ITEM_RCP_BH002_001,ITEM_RCP_CS002_001,ITEM_RCP_VS002_001,ITEM_RCP_BE002_001,ITEM_RCP_HM002_001,ITEM_RCP_CSTP_PM008_01_01,ITEM_RCP_CSTP_PM008_01_02,ITEM_RCP_CSTP_PM008_01_03,ITEM_RCP_CSTP_PM008_01_04,ITEM_RCP_CSBT_PM008_01_01,ITEM_RCP_CSBT_PM008_01_02,ITEM_RCP_CSBT_PM008_01_03,ITEM_RCP_CSBT_PM008_01_04,ITEM_BTL_045,ITEM_BTL_040,,,,,,,,,,,ITEM_RCP_CSTP_PF008_01_01,ITEM_RCP_CSTP_PF008_01_02,ITEM_RCP_CSTP_PF008_01_03,ITEM_RCP_CSTP_PF008_01_04,ITEM_RCP_CSBT_PF008_01_01,ITEM_RCP_CSBT_PF008_01_02,ITEM_RCP_CSBT_PF008_01_03,ITEM_RCP_CSBT_PF008_01_04
MSST_02_008,1,ITEM_RCP_AS002_001,ITEM_RCP_SN002_001,ITEM_RCP_SG002_001,ITEM_RCP_OL002_001,ITEM_RCP_BC002_001,ITEM_RCP_SL002_001,ITEM_RCP_TS002_001,,,,,,,,,,,,,ITEM_BTL_045,,,,,,,,,,,,,,,,,,,,
MSST_02_009,1,ITEM_RCP_SB007_001,ITEM_RCP_BE009_001,ITEM_RCP_HM010_001,ITEM_RCP_SN007_001,ITEM_RCP_OL006_001,ITEM_RCP_BC009_001,ITEM_RCP_SB001_002,ITEM_RCP_LB001_002,ITEM_RCP_BB001_002,ITEM_RCP_BH001_002,ITEM_RCP_CS001_002,ITEM_RCP_VS001_002,ITEM_RCP_BE001_002,ITEM_RCP_HM001_002,,,,,,ITEM_BTL_040,ITEM_BTL_040,,,,,,,,,,,,,,,,,,,
MSST_03_001,1,ITEM_RCP_LB012_002,ITEM_RCP_BH010_002,ITEM_RCP_AS009_002,ITEM_RCP_BC012_002,ITEM_RCP_BE007_002,ITEM_RCP_OL005_002,ITEM_RCP_TS008_002,ITEM_RCP_AS001_002,ITEM_RCP_SN001_002,ITEM_RCP_SG001_002,ITEM_RCP_OL001_002,ITEM_RCP_BC001_002,ITEM_RCP_SL001_002,ITEM_RCP_TS001_002,,,,,,ITEM_BTL_040,ITEM_BTL_040,,,,,,,,,,,,,,,,,,,
MSST_03_002,1,ITEM_RCP_LB009_002,ITEM_RCP_VS008_002,ITEM_RCP_BE010_002,ITEM_RCP_SG006_002,ITEM_RCP_TS010_002,ITEM_RCP_BB008_002,ITEM_RCP_HM007_002,ITEM_RCP_SG005_002,ITEM_RCP_SB005_002,ITEM_RCP_LB006_002,ITEM_RCP_BB006_002,ITEM_RCP_BH005_002,ITEM_RCP_CS005_002,ITEM_RCP_VS005_002,ITEM_RCP_BE006_002,ITEM_RCP_HM006_002,,,,ITEM_BTL_040,ITEM_BTL_040,,,,,,,,,,,,,,,,,,,
MSST_03_003,1,ITEM_RCP_SB009_002,ITEM_RCP_CS008_002,ITEM_RCP_VS009_002,ITEM_RCP_SG008_002,ITEM_RCP_BC011_002,ITEM_RCP_AS003_002,ITEM_RCP_SN003_002,ITEM_RCP_SG004_002,ITEM_RCP_OL003_002,ITEM_RCP_BC005_002,ITEM_RCP_SL006_002,ITEM_RCP_TS007_002,ITEM_RCP_EPTS_004,,,,,,,ITEM_BTL_063,ITEM_BTL_040,,,,,,,,,,,,,,,,,,,
MSST_03_004,1,ITEM_RCP_BB009_002,ITEM_RCP_AS008_002,ITEM_RCP_OL007_002,ITEM_RCP_SL011_002,ITEM_RCP_SB003_002,ITEM_RCP_LB003_002,ITEM_RCP_BB004_002,ITEM_RCP_BH003_002,ITEM_RCP_VS003_002,ITEM_RCP_BE004_002,ITEM_RCP_HM004_002,ITEM_RCP_SL003_002,ITEM_RCP_TS005_002,,,,,,,ITEM_BTL_063,ITEM_BTL_040,,,,,,,,,,,,,,,,,,,
MSST_03_005,1,ITEM_RCP_BE008_102,ITEM_RCP_HM008_102,ITEM_RCP_SN006_102,ITEM_RCP_TS009_102,ITEM_RCP_LB004_002,ITEM_RCP_BB007_202,ITEM_RCP_CS003_002,ITEM_RCP_VS006_102,ITEM_RCP_BE003_002,ITEM_RCP_HM003_002,ITEM_RCP_SL005_002,ITEM_RCP_TS004_002,ITEM_RCP_CSTP_PM003_01_01,ITEM_RCP_CSTP_PM003_01_02,ITEM_RCP_CSTP_PM003_01_03,ITEM_RCP_CSTP_PM003_01_04,ITEM_RCP_CSBT_PM003_01_01,ITEM_RCP_CSBT_PM003_01_02,ITEM_RCP_CSBT_PM003_01_03,ITEM_RCP_CSBT_PM003_01_04,ITEM_BTL_043,ITEM_BTL_040,,,,,,,,,,,ITEM_RCP_CSTP_PF003_01_01,ITEM_RCP_CSTP_PF003_01_02,ITEM_RCP_CSTP_PF003_01_03,ITEM_RCP_CSTP_PF003_01_04,ITEM_RCP_CSBT_PF003_01_01,ITEM_RCP_CSBT_PF003_01_02,ITEM_RCP_CSBT_PF003_01_03,ITEM_RCP_CSBT_PF003_01_04
MSST_03_006,1,ITEM_RCP_VS010_002,ITEM_RCP_SN010_002,ITEM_RCP_SL012_002,ITEM_RCP_LB007_002,ITEM_RCP_LB007_102,ITEM_RCP_LB007_202,ITEM_RCP_AS007_002,ITEM_RCP_AS007_102,ITEM_RCP_AS007_202,ITEM_RCP_BE005_002,ITEM_RCP_HM005_002,,,,,,,,,ITEM_BTL_043,ITEM_BTL_040,,,,,,,,,,,,,,,,,,,
MSST_03_007,1,ITEM_RCP_BH006_002,ITEM_RCP_BC007_002,ITEM_RCP_SB004_002,ITEM_RCP_LB005_002,ITEM_RCP_BB005_002,ITEM_RCP_BH004_002,ITEM_RCP_CS004_002,ITEM_RCP_VS004_002,ITEM_RCP_BC003_002,ITEM_RCP_SL004_002,ITEM_RCP_TS003_102,,,,,,,,,ITEM_BTL_024,,,,,,,,,,,,,,,,,,,,
MSST_03_008,1,ITEM_RCP_CS007_102,ITEM_RCP_HM009_102,ITEM_RCP_OL008_102,ITEM_RCP_BC008_102,ITEM_RCP_EPTS_025,,,,,,,,,,,,,,,ITEM_BTL_024,ITEM_BTL_040,,,,,,,,,,,,,,,,,,,
MSST_03_009,1,ITEM_RCP_BB012_002,ITEM_RCP_BH011_002,ITEM_RCP_AS010_002,ITEM_RCP_TS015_002,ITEM_RCP_SB002_002,ITEM_RCP_LB002_002,ITEM_RCP_BB002_002,ITEM_RCP_BH002_002,ITEM_RCP_CS002_002,ITEM_RCP_VS002_002,ITEM_RCP_BE002_002,ITEM_RCP_HM002_002,,,,,,,,ITEM_BTL_045,ITEM_BTL_040,,,,,,,,,,,,,,,,,,,
MSST_03_010,1,ITEM_RCP_AS002_002,ITEM_RCP_SN002_002,ITEM_RCP_SG002_002,ITEM_RCP_OL002_002,ITEM_RCP_BC002_002,ITEM_RCP_SL002_002,ITEM_RCP_TS002_002,ITEM_RCP_CSTP_PM004_01_01,ITEM_RCP_CSTP_PM004_01_02,ITEM_RCP_CSTP_PM004_01_03,ITEM_RCP_CSTP_PM004_01_04,ITEM_RCP_CSBT_PM004_01_01,ITEM_RCP_CSBT_PM004_01_02,ITEM_RCP_CSBT_PM004_01_03,ITEM_RCP_CSBT_PM004_01_04,,,,,ITEM_BTL_045,ITEM_BTL_040,,,,,,,ITEM_RCP_CSTP_PF004_01_01,ITEM_RCP_CSTP_PF004_01_02,ITEM_RCP_CSTP_PF004_01_03,ITEM_RCP_CSTP_PF004_01_04,ITEM_RCP_CSBT_PF004_01_01,ITEM_RCP_CSBT_PF004_01_02,ITEM_RCP_CSBT_PF004_01_03,ITEM_RCP_CSBT_PF004_01_04,,,,,
MSST_03_011,1,ITEM_RCP_LB011_002,ITEM_RCP_BB011_002,ITEM_RCP_BH009_002,ITEM_RCP_CS010_002,ITEM_RCP_SG009_002,ITEM_RCP_TS013_002,ITEM_RCP_SB001_003,ITEM_RCP_LB001_003,ITEM_RCP_BB001_003,ITEM_RCP_BH001_003,ITEM_RCP_CS001_003,ITEM_RCP_VS001_003,ITEM_RCP_BE001_003,ITEM_RCP_HM001_003,,,,,,ITEM_BTL_060,ITEM_BTL_040,,,,,,,,,,,,,,,,,,,
MSST_04_001,1,ITEM_RCP_BB009_003,ITEM_RCP_AS008_003,ITEM_RCP_OL007_003,ITEM_RCP_SL011_003,ITEM_RCP_BB008_003,ITEM_RCP_HM007_003,ITEM_RCP_SG005_003,ITEM_RCP_AS001_003,ITEM_RCP_SN001_003,ITEM_RCP_SG001_003,ITEM_RCP_OL001_003,ITEM_RCP_BC001_003,ITEM_RCP_SL001_003,ITEM_RCP_TS001_003,ITEM_RCP_SL002_303,ITEM_RCP_TS007_203,,,,ITEM_BTL_060,ITEM_BTL_040,,,,,,,,,,,,,,,,,,,
MSST_04_003,1,ITEM_RCP_BE008_003,ITEM_RCP_HM008_003,ITEM_RCP_SN006_003,ITEM_RCP_TS009_003,ITEM_RCP_BE007_103,ITEM_RCP_OL005_103,ITEM_RCP_TS008_103,ITEM_RCP_SB002_303,ITEM_RCP_BB002_203,ITEM_RCP_LB002_103,ITEM_RCP_BH002_103,ITEM_RCP_CS002_103,ITEM_RCP_HM002_103,,,,,,,ITEM_BTL_060,ITEM_BTL_040,,,,,,,,,,,,,,,,,,,
MSST_04_004,1,,,,,,,,,,,,,,,,,,,,ITEM_BTL_046,ITEM_BTL_040,,,,,,,,,,,,,,,,,,,
MSST_04_005,1,ITEM_RCP_LB013_003,ITEM_RCP_CS012_003,ITEM_RCP_VS011_003,ITEM_RCP_SN011_003,ITEM_RCP_OL009_003,ITEM_RCP_SL013_003,ITEM_RCP_BE007_003,ITEM_RCP_OL005_003,ITEM_RCP_TS008_003,ITEM_RCP_SB002_103,ITEM_RCP_LB002_403,ITEM_RCP_BB004_103,ITEM_RCP_BH003_103,ITEM_RCP_CS002_203,ITEM_RCP_VS003_103,ITEM_RCP_BE002_103,ITEM_RCP_BC002_103,ITEM_RCP_SL002_203,ITEM_RCP_TS002_203,ITEM_BTL_046,ITEM_BTL_040,,,,,,,,,,,,,,,,,,,
MSST_04_006,1,ITEM_RCP_SB010_103,ITEM_RCP_SB010_203,ITEM_RCP_CS011_103,ITEM_RCP_CS011_203,ITEM_RCP_SN009_103,ITEM_RCP_SN009_203,ITEM_RCP_TS014_103,ITEM_RCP_TS014_203,ITEM_RCP_SB006_103,ITEM_RCP_SB006_203,ITEM_RCP_VS007_103,ITEM_RCP_VS007_203,ITEM_RCP_VS007_303,ITEM_RCP_SN005_103,ITEM_RCP_SN005_203,ITEM_RCP_SN002_103,ITEM_RCP_AS002_103,ITEM_RCP_SG002_103,ITEM_RCP_OL002_103,ITEM_GLD_006,ITEM_BTL_040,,,,,,,,,,,,,,,,,,,
MSST_04_007,1,ITEM_RCP_LB009_103,ITEM_RCP_VS008_103,ITEM_RCP_BE010_103,ITEM_RCP_SG006_103,ITEM_RCP_TS010_103,ITEM_RCP_BH006_103,ITEM_RCP_BH006_203,ITEM_RCP_BC007_103,ITEM_RCP_BC007_203,ITEM_RCP_LB002_303,ITEM_RCP_BB002_103,ITEM_RCP_BH002_203,ITEM_RCP_CS002_303,ITEM_RCP_BE002_203,ITEM_RCP_HM002_203,ITEM_RCP_BC002_203,ITEM_RCP_SL002_103,ITEM_RCP_TS002_103,,ITEM_BTL_037,ITEM_BTL_040,,,,,,,,,,,,,,,,,,,
MSST_04_008,1,ITEM_RCP_CS013_003,ITEM_RCP_SG011_003,ITEM_RCP_BC015_003,ITEM_RCP_BB008_103,ITEM_RCP_HM007_103,ITEM_RCP_SG005_103,ITEM_RCP_BE006_003,ITEM_RCP_HM006_003,ITEM_RCP_SN002_203,ITEM_RCP_SG002_203,ITEM_RCP_OL002_203,ITEM_RCP_BC005_003,ITEM_RCP_SL006_003,ITEM_RCP_TS007_003,,,,,,ITEM_BTL_037,ITEM_BTL_040,,,,,,,,,,,,,,,,,,,
MSST_04_009,1,ITEM_RCP_BB009_103,ITEM_RCP_AS008_103,ITEM_RCP_OL007_103,ITEM_RCP_SL011_103,ITEM_RCP_SB005_003,ITEM_RCP_LB006_003,ITEM_RCP_BH005_003,ITEM_RCP_BB006_003,ITEM_RCP_CS005_003,ITEM_RCP_VS005_003,ITEM_RCP_AS003_003,ITEM_RCP_SN003_003,ITEM_RCP_SG004_003,ITEM_RCP_OL003_003,,,,,,ITEM_BTL_037,ITEM_BTL_040,,,,,,,,,,,,,,,,,,,
MSST_04_010,1,ITEM_RCP_SB007_003,ITEM_RCP_BE009_003,ITEM_RCP_HM010_003,ITEM_RCP_SN007_003,ITEM_RCP_OL006_003,ITEM_RCP_BC009_003,ITEM_RCP_SB002_003,ITEM_RCP_LB002_003,ITEM_RCP_BB002_003,ITEM_RCP_BH002_003,ITEM_RCP_CS002_003,ITEM_RCP_VS002_003,ITEM_RCP_BE002_003,ITEM_RCP_HM002_003,,,,,,ITEM_BTL_067,ITEM_BTL_040,,,,,,,,,,,,,,,,,,,
MSST_04_011,1,ITEM_RCP_CS007_003,ITEM_RCP_HM009_003,ITEM_RCP_OL008_003,ITEM_RCP_BC008_003,ITEM_RCP_LB010_103,ITEM_RCP_LB010_303,ITEM_RCP_BH008_103,ITEM_RCP_BH008_203,ITEM_RCP_TS011_103,ITEM_RCP_BC002_003,ITEM_RCP_SL002_003,ITEM_RCP_TS002_003,ITEM_RCP_CSTP_PM009_01_01,ITEM_RCP_CSTP_PM009_01_02,ITEM_RCP_CSTP_PM009_01_03,ITEM_RCP_CSTP_PM009_01_04,ITEM_RCP_CSBT_PM009_01_01,ITEM_RCP_CSBT_PM009_01_02,ITEM_RCP_CSBT_PM009_01_03,ITEM_RCP_CSBT_PM009_01_04,ITEM_BTL_067,ITEM_BTL_040,,,,,,,,,,,ITEM_RCP_CSTP_PF009_01_01,ITEM_RCP_CSTP_PF009_01_02,ITEM_RCP_CSTP_PF009_01_03,ITEM_RCP_CSTP_PF009_01_04,ITEM_RCP_CSBT_PF009_01_01,ITEM_RCP_CSBT_PF009_01_02,ITEM_RCP_CSBT_PF009_01_03,ITEM_RCP_CSBT_PF009_01_04
MSST_04_012,1,ITEM_RCP_LB014_003,ITEM_RCP_SG010_003,ITEM_RCP_BC013_003,ITEM_RCP_AS002_003,ITEM_RCP_SN002_003,ITEM_RCP_SG002_003,ITEM_RCP_OL002_003,,,,,,,,,,,,,ITEM_BTL_047,ITEM_BTL_040,,,,,,,,,,,,,,,,,,,
MSST_04_013,1,ITEM_RCP_LB009_003,ITEM_RCP_VS008_003,ITEM_RCP_BE010_003,ITEM_RCP_SG006_003,ITEM_RCP_TS010_003,ITEM_RCP_SB001_004,ITEM_RCP_LB001_004,ITEM_RCP_BB001_004,ITEM_RCP_BH001_004,ITEM_RCP_CS001_004,ITEM_RCP_VS001_004,ITEM_RCP_BE001_004,ITEM_RCP_HM001_004,,,,,,,ITEM_BTL_047,ITEM_BTL_040,,,,,,,,,,,,,,,,,,,
MSST_05_001,1,ITEM_RCP_BE008_104,ITEM_RCP_HM008_104,ITEM_RCP_SN006_104,ITEM_RCP_TS009_104,ITEM_RCP_BB008_104,ITEM_RCP_HM007_104,ITEM_RCP_SG005_104,ITEM_RCP_SN001_004,ITEM_RCP_AS001_004,ITEM_RCP_SG001_004,ITEM_RCP_OL001_004,ITEM_RCP_BC001_004,ITEM_RCP_SL001_004,ITEM_RCP_TS001_004,,,,,,ITEM_BTL_033,ITEM_BTL_040,,,,,,,,,,,,,,,,,,,
MSST_05_002,1,ITEM_RCP_LB009_104,ITEM_RCP_VS008_104,ITEM_RCP_BE010_104,ITEM_RCP_SG006_104,ITEM_RCP_TS010_104,ITEM_RCP_SB002_304,ITEM_RCP_LB002_104,ITEM_RCP_BB002_204,ITEM_RCP_BH002_104,ITEM_RCP_CS002_104,ITEM_RCP_VS006_104,ITEM_RCP_BE003_004,ITEM_RCP_HM002_104,ITEM_RCP_SG003_004,ITEM_RCP_BC002_104,ITEM_RCP_SL002_204,ITEM_RCP_TS002_204,,,ITEM_BTL_033,ITEM_BTL_040,,,,,,,,,,,,,,,,,,,
MSST_05_003,1,ITEM_RCP_CS007_104,ITEM_RCP_HM009_104,ITEM_RCP_OL008_104,ITEM_RCP_BC008_104,ITEM_RCP_VS007_204,ITEM_RCP_SN005_104,ITEM_RCP_LB002_404,ITEM_RCP_BH003_004,ITEM_RCP_CS002_204,ITEM_RCP_BE002_104,ITEM_RCP_HM004_004,ITEM_RCP_BC005_004,ITEM_RCP_SL006_004,ITEM_RCP_TS007_004,ITEM_RCP_BC003_004,ITEM_RCP_SL002_304,ITEM_RCP_TS007_204,,,ITEM_BTL_033,ITEM_BTL_040,,,,,,,,,,,,,,,,,,,
MSST_05_004,1,ITEM_RCP_LB011_004,ITEM_RCP_BB011_004,ITEM_RCP_BH009_004,ITEM_RCP_CS010_004,ITEM_RCP_SG009_004,ITEM_RCP_TS013_004,ITEM_RCP_BE007_104,ITEM_RCP_OL005_104,ITEM_RCP_TS008_104,ITEM_RCP_SB002_104,ITEM_RCP_BB004_004,ITEM_RCP_VS003_004,ITEM_RCP_CSTP_PM007_01_01,ITEM_RCP_CSTP_PM007_01_02,ITEM_RCP_CSTP_PM007_01_03,ITEM_RCP_CSTP_PM007_01_04,ITEM_RCP_CSBT_PM007_01_01,ITEM_RCP_CSBT_PM007_01_02,ITEM_RCP_CSBT_PM007_01_03,ITEM_RCP_CSBT_PM007_01_04,ITEM_BTL_044,ITEM_BTL_040,,,,,,,,,,,ITEM_RCP_CSTP_PF007_01_01,ITEM_RCP_CSTP_PF007_01_02,ITEM_RCP_CSTP_PF007_01_03,ITEM_RCP_CSTP_PF007_01_04,ITEM_RCP_CSBT_PF007_01_01,ITEM_RCP_CSBT_PF007_01_02,ITEM_RCP_CSBT_PF007_01_03,ITEM_RCP_CSBT_PF007_01_04
MSST_05_006,1,ITEM_RCP_VS010_004,ITEM_RCP_VS010_104,ITEM_RCP_SN010_004,ITEM_RCP_SN010_104,ITEM_RCP_SL012_004,ITEM_RCP_SL012_104,ITEM_RCP_BB009_004,ITEM_RCP_AS008_004,ITEM_RCP_OL007_004,ITEM_RCP_SL011_004,ITEM_RCP_AS002_104,ITEM_RCP_SN002_104,ITEM_RCP_SG002_104,ITEM_RCP_OL002_104,,,,,,ITEM_BTL_044,ITEM_BTL_040,,,,,,,,,,,,,,,,,,,
MSST_05_007,1,ITEM_RCP_LB013_004,ITEM_RCP_CS012_004,ITEM_RCP_VS011_004,ITEM_RCP_SN011_004,ITEM_RCP_OL009_004,ITEM_RCP_SL013_004,ITEM_RCP_SB004_004,ITEM_RCP_LB002_304,ITEM_RCP_BB002_104,ITEM_RCP_BH002_204,ITEM_RCP_CS002_304,ITEM_RCP_VS004_004,ITEM_RCP_BE002_204,ITEM_RCP_HM002_204,,,,,,ITEM_BTL_044,ITEM_BTL_040,,,,,,,,,,,,,,,,,,,
MSST_05_008,1,ITEM_RCP_LB006_004,ITEM_RCP_BH005_004,ITEM_RCP_CS005_004,ITEM_RCP_BE006_004,ITEM_RCP_HM006_004,ITEM_RCP_SN002_204,ITEM_RCP_SG002_204,ITEM_RCP_OL002_204,ITEM_RCP_AS003_004,ITEM_RCP_SN003_004,ITEM_RCP_SG004_004,ITEM_RCP_OL003_004,,,,,,,,ITEM_BTL_042,ITEM_BTL_040,,,,,,,,,,,,,,,,,,,
MSST_05_009,1,ITEM_RCP_BB009_104,ITEM_RCP_AS008_104,ITEM_RCP_OL007_104,ITEM_RCP_SL011_104,ITEM_RCP_BC002_204,ITEM_RCP_SL002_104,ITEM_RCP_TS002_104,ITEM_RCP_SB005_004,ITEM_RCP_BB006_004,ITEM_RCP_VS005_004,,,,,,,,,,ITEM_BTL_042,ITEM_BTL_040,,,,,,,,,,,,,,,,,,,
MSST_05_010,1,ITEM_RCP_CSTP_PM005_01_01,ITEM_RCP_CSTP_PM005_01_02,ITEM_RCP_CSTP_PM005_01_03,ITEM_RCP_CSTP_PM005_01_04,ITEM_RCP_CSBT_PM005_01_01,ITEM_RCP_CSBT_PM005_01_02,ITEM_RCP_CSBT_PM005_01_03,ITEM_RCP_CSBT_PM005_01_04,,,,,,,,,,,,ITEM_BTL_040,ITEM_RCP_CSTP_PF005_01_01,ITEM_RCP_CSTP_PF005_01_02,ITEM_RCP_CSTP_PF005_01_03,ITEM_RCP_CSTP_PF005_01_04,ITEM_RCP_CSBT_PF005_01_01,ITEM_RCP_CSBT_PF005_01_02,ITEM_RCP_CSBT_PF005_01_03,ITEM_RCP_CSBT_PF005_01_04,,,,,,,,,,,,
MSST_05_011,1,ITEM_RCP_SB013_003,ITEM_RCP_BB014_003,ITEM_RCP_SG013_003,ITEM_RCP_SL014_003,ITEM_RCP_SB013_004,ITEM_RCP_SB013_104,ITEM_RCP_BB014_004,ITEM_RCP_BB014_104,ITEM_RCP_SG013_004,ITEM_RCP_SG013_104,ITEM_RCP_SL014_004,ITEM_RCP_SL014_104,,,,,,,,ITEM_BTL_042,ITEM_BTL_040,,,,,,,,,,,,,,,,,,,
MSST_05_012,1,ITEM_RCP_SB007_004,ITEM_RCP_BE009_004,ITEM_RCP_HM010_004,ITEM_RCP_SN007_004,ITEM_RCP_OL006_004,ITEM_RCP_BC009_004,ITEM_RCP_SB002_004,ITEM_RCP_LB002_004,ITEM_RCP_BB002_004,ITEM_RCP_BH002_004,ITEM_RCP_CS002_004,ITEM_RCP_VS002_004,ITEM_RCP_BE002_004,ITEM_RCP_HM002_004,,,,,,ITEM_BTL_066,ITEM_BTL_040,,,,,,,,,,,,,,,,,,,
MSST_05_013,1,ITEM_RCP_SB011_004,ITEM_RCP_SB011_104,ITEM_RCP_VS012_004,ITEM_RCP_BC014_004,ITEM_RCP_BC014_104,ITEM_RCP_AS002_004,ITEM_RCP_SN002_004,ITEM_RCP_SG002_004,ITEM_RCP_OL002_004,ITEM_RCP_BC002_004,ITEM_RCP_SL002_004,ITEM_RCP_TS002_004,,,,,,,,ITEM_BTL_066,ITEM_BTL_040,,,,,,,,,,,,,,,,,,,
MSST_05_014,1,ITEM_RCP_LB015_003,ITEM_RCP_BH014_003,ITEM_RCP_VS015_003,ITEM_RCP_SN012_003,ITEM_RCP_LB015_004,ITEM_RCP_LB015_104,ITEM_RCP_BH014_004,ITEM_RCP_BH014_104,ITEM_RCP_VS015_004,ITEM_RCP_VS015_104,ITEM_RCP_SN012_004,ITEM_RCP_SN012_104,,,,,,,,ITEM_BTL_066,ITEM_BTL_040,,,,,,,,,,,,,,,,,,,
MSST_05_015,1,ITEM_RCP_BH012_003,ITEM_RCP_VS013_003,ITEM_RCP_BE011_003,ITEM_RCP_HM011_003,ITEM_RCP_AS011_003,ITEM_RCP_BC016_003,ITEM_RCP_BH012_004,ITEM_RCP_VS013_004,ITEM_RCP_BE011_004,ITEM_RCP_HM011_004,ITEM_RCP_AS011_004,ITEM_RCP_BC016_004,ITEM_RCP_SB001_005,ITEM_RCP_LB001_005,ITEM_RCP_BB001_005,ITEM_RCP_BH001_005,ITEM_RCP_CS001_005,ITEM_RCP_VS001_005,ITEM_RCP_BE001_005,ITEM_RCP_HM001_005,ITEM_BTL_068,ITEM_BTL_040,,,,,,,,,,,,,,,,,,
MSST_06_001,1,ITEM_RCP_BB012_005,ITEM_RCP_BB012_105,ITEM_RCP_BB012_205,ITEM_RCP_BH011_005,ITEM_RCP_BH011_105,ITEM_RCP_BH011_205,ITEM_RCP_AS010_005,ITEM_RCP_AS010_105,ITEM_RCP_TS015_005,ITEM_RCP_TS015_105,ITEM_RCP_BE007_105,ITEM_RCP_OL005_105,ITEM_RCP_TS008_105,ITEM_RCP_CS006_005,ITEM_RCP_CS006_105,ITEM_RCP_SL010_005,ITEM_RCP_SL010_105,ITEM_RCP_BC001_005,ITEM_RCP_SL001_005,ITEM_RCP_TS001_005,ITEM_BTL_009,ITEM_BTL_040,,,,,,,,,,,,,,,,,,
MSST_06_002,1,ITEM_RCP_LB009_005,ITEM_RCP_VS008_005,ITEM_RCP_BE010_005,ITEM_RCP_SG006_005,ITEM_RCP_TS010_005,ITEM_RCP_BB008_105,ITEM_RCP_HM007_105,ITEM_RCP_SG005_105,ITEM_RCP_SN001_005,ITEM_RCP_AS001_005,ITEM_RCP_SG001_005,ITEM_RCP_OL001_005,ITEM_RCP_AS002_105,ITEM_RCP_OL002_105,,,,,,ITEM_BTL_009,ITEM_BTL_040,,,,,,,,,,,,,,,,,,,
MSST_06_003,1,ITEM_RCP_BB009_005,ITEM_RCP_AS008_005,ITEM_RCP_OL007_005,ITEM_RCP_SL011_005,ITEM_RCP_BE007_005,ITEM_RCP_OL005_005,ITEM_RCP_TS008_005,ITEM_RCP_LB007_005,ITEM_RCP_LB007_105,ITEM_RCP_LB007_205,ITEM_RCP_AS007_005,ITEM_RCP_AS007_105,ITEM_RCP_AS007_205,ITEM_RCP_SN002_105,,,,,,ITEM_BTL_009,ITEM_BTL_040,,,,,,,,,,,,,,,,,,,
MSST_06_004,1,ITEM_RCP_SB010_005,ITEM_RCP_SB010_105,ITEM_RCP_SB010_205,ITEM_RCP_CS011_005,ITEM_RCP_CS011_105,ITEM_RCP_CS011_205,ITEM_RCP_SN009_005,ITEM_RCP_SN009_105,ITEM_RCP_SN009_205,ITEM_RCP_TS014_005,ITEM_RCP_TS014_105,ITEM_RCP_TS014_205,ITEM_RCP_CS007_105,ITEM_RCP_HM009_105,ITEM_RCP_OL008_105,ITEM_RCP_BC008_105,ITEM_RCP_BB008_005,ITEM_RCP_HM007_005,ITEM_RCP_SG005_005,ITEM_BTL_006,ITEM_BTL_040,,,,,,,,,,,,,,,,,,,
MSST_06_005,1,ITEM_RCP_LB009_105,ITEM_RCP_VS008_105,ITEM_RCP_BE010_105,ITEM_RCP_SG006_105,ITEM_RCP_TS010_105,ITEM_RCP_SB004_005,ITEM_RCP_LB002_305,ITEM_RCP_BB002_105,ITEM_RCP_BH002_205,ITEM_RCP_CS002_305,ITEM_RCP_VS004_005,ITEM_RCP_BE002_205,ITEM_RCP_HM002_205,,,,,,,ITEM_BTL_006,ITEM_BTL_040,,,,,,,,,,,,,,,,,,,
MSST_06_006,1,ITEM_RCP_LB013_005,ITEM_RCP_CS012_005,ITEM_RCP_VS011_005,ITEM_RCP_SN011_005,ITEM_RCP_OL009_005,ITEM_RCP_SL013_005,ITEM_RCP_LB012_005,ITEM_RCP_LB012_105,ITEM_RCP_BH010_005,ITEM_RCP_BH010_105,ITEM_RCP_AS009_005,ITEM_RCP_AS009_105,ITEM_RCP_BC012_005,ITEM_RCP_BC012_105,,,,,,ITEM_BTL_006,ITEM_BTL_040,,,,,,,,,,,,,,,,,,,
MSST_06_007,1,ITEM_RCP_VS010_005,ITEM_RCP_VS010_105,ITEM_RCP_SN010_005,ITEM_RCP_SN010_105,ITEM_RCP_SL012_005,ITEM_RCP_SL012_105,ITEM_RCP_CS007_005,ITEM_RCP_HM009_005,ITEM_RCP_OL008_005,ITEM_RCP_BC008_005,ITEM_RCP_SG002_105,ITEM_RCP_BC002_205,ITEM_RCP_SL002_105,ITEM_RCP_TS002_105,,,,,,ITEM_BTL_049,ITEM_BTL_040,,,,,,,,,,,,,,,,,,,
MSST_06_008,1,ITEM_RCP_SB013_005,ITEM_RCP_SB013_105,ITEM_RCP_BB014_005,ITEM_RCP_BB014_105,ITEM_RCP_SG013_005,ITEM_RCP_SG013_105,ITEM_RCP_SL014_005,ITEM_RCP_SL014_105,ITEM_RCP_SN002_205,ITEM_RCP_SG002_205,ITEM_RCP_OL002_205,ITEM_RCP_BC002_105,ITEM_RCP_SL002_205,ITEM_RCP_TS002_205,,,,,,ITEM_BTL_049,ITEM_BTL_040,,,,,,,,,,,,,,,,,,,
MSST_06_009,1,ITEM_RCP_SB002_105,ITEM_RCP_LB002_405,ITEM_RCP_BB004_005,ITEM_RCP_BH003_005,ITEM_RCP_CS002_205,ITEM_RCP_VS003_005,ITEM_RCP_BE002_105,ITEM_RCP_HM004_005,ITEM_RCP_SB012_004,ITEM_RCP_BB013_004,ITEM_RCP_CS014_004,ITEM_RCP_AS013_004,ITEM_RCP_SG012_004,ITEM_RCP_SL015_004,ITEM_RCP_SB012_005,ITEM_RCP_BB013_005,ITEM_RCP_CS014_005,ITEM_RCP_AS013_005,ITEM_RCP_SG012_005,ITEM_RCP_SL015_005,ITEM_BTL_049,ITEM_BTL_040,,,,,,,,,,,,,,,,,,
MSST_06_010,1,ITEM_RCP_BB009_105,ITEM_RCP_AS008_105,ITEM_RCP_OL007_105,ITEM_RCP_SL011_105,ITEM_RCP_LB006_005,ITEM_RCP_BH005_005,ITEM_RCP_CS005_005,ITEM_RCP_BE006_005,ITEM_RCP_HM006_005,ITEM_RCP_BC005_005,ITEM_RCP_SL006_005,ITEM_RCP_TS007_005,,,,,,,,ITEM_BTL_054,ITEM_BTL_040,,,,,,,,,,,,,,,,,,,
MSST_06_011,1,ITEM_RCP_LB014_005,ITEM_RCP_LB014_105,ITEM_RCP_SG010_005,ITEM_RCP_SG010_105,ITEM_RCP_BC013_005,ITEM_RCP_BC013_105,ITEM_RCP_SB005_005,ITEM_RCP_BB006_005,ITEM_RCP_VS005_005,ITEM_RCP_AS003_005,ITEM_RCP_SN003_005,ITEM_RCP_SG004_005,ITEM_RCP_OL003_005,,,,,,,ITEM_BTL_054,ITEM_BTL_040,,,,,,,,,,,,,,,,,,,
MSST_06_012,1,ITEM_RCP_LB011_005,ITEM_RCP_BB011_005,ITEM_RCP_BH009_005,ITEM_RCP_CS010_005,ITEM_RCP_SG009_005,ITEM_RCP_TS013_005,ITEM_RCP_BC003_005,ITEM_RCP_SL002_305,ITEM_RCP_TS007_205,ITEM_RCP_CSTP_PM004_03_01,ITEM_RCP_CSTP_PM004_03_02,ITEM_RCP_CSTP_PM004_03_03,ITEM_RCP_CSTP_PM004_03_04,,,,,,,ITEM_BTL_054,ITEM_BTL_040,,,,,,,,,ITEM_RCP_CSTP_PF004_03_01,ITEM_RCP_CSTP_PF004_03_02,ITEM_RCP_CSTP_PF004_03_03,ITEM_RCP_CSTP_PF004_03_04,,,,,,,
MSST_06_013,1,ITEM_RCP_SB002_305,ITEM_RCP_LB002_105,ITEM_RCP_BB002_205,ITEM_RCP_BH002_105,ITEM_RCP_CS002_105,ITEM_RCP_VS006_105,ITEM_RCP_BE003_005,ITEM_RCP_HM002_105,ITEM_RCP_SG003_005,,,,,,,,,,,ITEM_BTL_046,ITEM_BTL_040,,,,,,,,,,,,,,,,,,,
MSST_06_020,1,ITEM_RCP_CS013_005,ITEM_RCP_CS013_105,ITEM_RCP_SG011_005,ITEM_RCP_SG011_105,ITEM_RCP_BC015_005,ITEM_RCP_BC015_105,,,,,,,,,,,,,,ITEM_BTL_046,ITEM_BTL_040,,,,,,,,,,,,,,,,,,,
MSST_06_021,1,ITEM_RCP_SB002_005,ITEM_RCP_LB002_005,ITEM_RCP_BB002_005,ITEM_RCP_BH002_005,ITEM_RCP_CS002_005,ITEM_RCP_VS002_005,ITEM_RCP_BE002_005,ITEM_RCP_HM002_005,ITEM_RCP_CSTP_PM007_03_01,ITEM_RCP_CSTP_PM007_03_02,ITEM_RCP_CSTP_PM007_03_03,ITEM_RCP_CSTP_PM007_03_04,,,,,,,,ITEM_BTL_007,ITEM_BTL_040,,,,,,,,ITEM_RCP_CSTP_PF007_03_01,ITEM_RCP_CSTP_PF007_03_02,ITEM_RCP_CSTP_PF007_03_03,ITEM_RCP_CSTP_PF007_03_04,,,,,,,,
MSST_06_015,1,ITEM_RCP_LB012_204,ITEM_RCP_BH010_204,ITEM_RCP_CS015_004,ITEM_RCP_AS009_204,ITEM_RCP_SG014_004,ITEM_RCP_BC012_204,ITEM_RCP_TS016_004,ITEM_RCP_LB012_205,ITEM_RCP_BH010_205,ITEM_RCP_CS015_005,ITEM_RCP_AS009_205,ITEM_RCP_SG014_005,ITEM_RCP_BC012_205,ITEM_RCP_TS016_005,,,,,,ITEM_BTL_007,ITEM_BTL_040,,,,,,,,,,,,,,,,,,,
MSST_06_016,1,ITEM_RCP_BH012_005,ITEM_RCP_VS013_005,ITEM_RCP_BE011_005,ITEM_RCP_HM011_005,ITEM_RCP_AS011_005,ITEM_RCP_BC016_005,ITEM_RCP_AS002_005,ITEM_RCP_SN002_005,ITEM_RCP_SG002_005,ITEM_RCP_OL002_005,ITEM_RCP_BC002_005,ITEM_RCP_SL002_005,ITEM_RCP_TS002_005,,,,,,,ITEM_BTL_007,ITEM_BTL_040,,,,,,,,,,,,,,,,,,,
MSST_06_017,1,,,,,,,,,,,,,,,,,,,,,,,,,,,,,,,,,,,,,,,,
MSST_07_001,1,,,,,,,,,,,,,,,,,,,,,,,,,,,,,,,,,,,,,,,,
MSST_07_002,1,,,,,,,,,,,,,,,,,,,,,,,,,,,,,,,,,,,,,,,,
MSST_07_003,1,,,,,,,,,,,,,,,,,,,,,,,,,,,,,,,,,,,,,,,,
MSST_07_004,1,,,,,,,,,,,,,,,,,,,,,,,,,,,,,,,,,,,,,,,,
MSST_07_005,1,,,,,,,,,,,,,,,,,,,,,,,,,,,,,,,,,,,,,,,,
MSST_07_006,1,,,,,,,,,,,,,,,,,,,,,,,,,,,,,,,,,,,,,,,,
MSST_07_007,1,,,,,,,,,,,,,,,,,,,,,,,,,,,,,,,,,,,,,,,,
MSFR_02_001,1,ITEM_RCP_BB010_001,ITEM_RCP_BH007_001,ITEM_RCP_SG007_001,ITEM_RCP_BC010_001,ITEM_RCP_SB001_101,ITEM_RCP_LB001_101,ITEM_RCP_BB001_101,ITEM_RCP_BH001_101,ITEM_RCP_CS001_101,ITEM_RCP_VS001_101,ITEM_RCP_BE001_101,ITEM_RCP_HM001_101,ITEM_RCP_AS005_001,,,,,,,,,,,,,,,,,,,,,,,,,,,
MSFR_02_002,1,ITEM_RCP_BB003_001,ITEM_RCP_VS006_001,ITEM_RCP_AS001_101,ITEM_RCP_SN001_101,ITEM_RCP_SG001_101,ITEM_RCP_OL001_101,ITEM_RCP_BC001_101,ITEM_RCP_SL001_101,ITEM_RCP_TS001_101,ITEM_RCP_SL007_001,,,,,,,,,,,,,,,,,,,,,,,,,,,,,,
MSFR_02_003,1,ITEM_RCP_BB007_001,ITEM_RCP_SL009_001,ITEM_RCP_TS003_001,ITEM_RCP_CSTP_PM001_01_02,ITEM_RCP_CSTP_PM001_01_03,ITEM_RCP_CSTP_PM001_01_04,,,,,,,,,,,,,,,,,,ITEM_RCP_CSTP_PF001_01_02,ITEM_RCP_CSTP_PF001_01_03,ITEM_RCP_CSTP_PF001_01_04,,,,,,,,,,,,,,
MSFR_03_001,1,ITEM_RCP_LB010_002,ITEM_RCP_BH008_002,ITEM_RCP_TS011_002,ITEM_RCP_CS006_002,ITEM_RCP_CS006_102,ITEM_RCP_SL010_002,ITEM_RCP_SL010_102,ITEM_RCP_BB003_102,ITEM_RCP_SG003_002,ITEM_RCP_AS005_102,ITEM_RCP_BC004_002,ITEM_RCP_TS006_002,,,,,,,,,,,,,,,,,,,,,,,,,,,,
MSFR_03_002,1,ITEM_RCP_SB006_002,ITEM_RCP_VS007_002,ITEM_RCP_SN005_002,ITEM_RCP_BB007_102,ITEM_RCP_BB003_002,ITEM_RCP_BB007_002,ITEM_RCP_SN004_002,ITEM_RCP_OL004_002,ITEM_RCP_SL007_102,ITEM_RCP_TS003_202,ITEM_RCP_SL007_202,,,,,,,,,,,,,,,,,,,,,,,,,,,,,
MSFR_03_003,1,ITEM_RCP_BB010_102,ITEM_RCP_BB010_202,ITEM_RCP_BH007_102,ITEM_RCP_BH007_202,ITEM_RCP_SG007_102,ITEM_RCP_SG007_202,ITEM_RCP_BC010_102,ITEM_RCP_BC010_202,ITEM_RCP_BC006_002,,,,,,,,,,,,,,,,,,,,,,,,,,,,,,,
MSFR_03_004,1,ITEM_RCP_AS006_002,ITEM_RCP_SL007_002,ITEM_RCP_TS003_002,ITEM_RCP_CSTP_PM006_01_02,ITEM_RCP_CSTP_PM006_01_03,ITEM_RCP_CSTP_PM006_01_04,ITEM_RCP_CSBT_PM006_01_02,ITEM_RCP_CSBT_PM006_01_03,ITEM_RCP_CSBT_PM006_01_04,,,,,,,,,,,,,,,ITEM_RCP_CSTP_PF006_01_02,ITEM_RCP_CSTP_PF006_01_03,ITEM_RCP_CSTP_PF006_01_04,ITEM_RCP_CSBT_PF006_01_02,ITEM_RCP_CSBT_PF006_01_03,ITEM_RCP_CSBT_PF006_01_04,,,,,,,,,,,
MSFR_03_005,1,ITEM_RCP_SB010_002,ITEM_RCP_CS011_002,ITEM_RCP_SN009_002,ITEM_RCP_TS014_002,ITEM_RCP_SB002_202,ITEM_RCP_LB002_202,ITEM_RCP_AS004_002,ITEM_RCP_AS004_102,ITEM_RCP_SN004_102,ITEM_RCP_SG003_102,ITEM_RCP_SL008_002,ITEM_RCP_EPTS_019,,,,,,,,,,,,,,,,,,,,,,,,,,,,
MSFR_04_001,1,ITEM_RCP_LB012_003,ITEM_RCP_LB012_103,ITEM_RCP_BH010_003,ITEM_RCP_BH010_103,ITEM_RCP_AS009_003,ITEM_RCP_AS009_103,ITEM_RCP_BC012_003,ITEM_RCP_BC012_103,ITEM_RCP_SB005_103,ITEM_RCP_LB006_103,ITEM_RCP_AS003_203,ITEM_RCP_AS005_003,ITEM_RCP_OL003_103,,,,,,,,,,,,,,,,,,,,,,,,,,,
MSFR_04_002,1,ITEM_RCP_BB012_003,ITEM_RCP_BB012_103,ITEM_RCP_BB012_203,ITEM_RCP_BH011_003,ITEM_RCP_BH011_103,ITEM_RCP_BH011_203,ITEM_RCP_AS010_003,ITEM_RCP_AS010_103,ITEM_RCP_TS015_003,ITEM_RCP_TS015_103,ITEM_RCP_BE006_103,ITEM_RCP_HM006_103,ITEM_RCP_SL008_203,,,,,,,,,,,,,,,,,,,,,,,,,,,
MSFR_04_003,1,ITEM_RCP_BB010_003,ITEM_RCP_BH007_003,ITEM_RCP_SG007_003,ITEM_RCP_BC010_003,ITEM_RCP_SB009_103,ITEM_RCP_SB009_203,ITEM_RCP_CS008_103,ITEM_RCP_CS008_203,ITEM_RCP_VS009_103,ITEM_RCP_VS009_203,ITEM_RCP_SG008_103,ITEM_RCP_SG008_203,ITEM_RCP_BC011_103,ITEM_RCP_BC011_203,,,,,,,,,,,,,,,,,,,,,,,,,,
MSFR_04_004,1,ITEM_RCP_SB011_003,ITEM_RCP_VS012_003,ITEM_RCP_BC014_003,ITEM_RCP_SB001_103,ITEM_RCP_LB001_103,ITEM_RCP_BB001_103,ITEM_RCP_BH001_103,ITEM_RCP_CS001_103,ITEM_RCP_VS001_103,ITEM_RCP_BE001_103,ITEM_RCP_HM001_103,ITEM_RCP_SN003_103,ITEM_RCP_SL006_103,ITEM_RCP_SL008_103,,,,,,,,,,,,,,,,,,,,,,,,,,
MSFR_04_005,1,ITEM_RCP_SB008_003,ITEM_RCP_LB008_003,ITEM_RCP_CS009_003,ITEM_RCP_SN008_003,ITEM_RCP_TS012_003,ITEM_RCP_VS006_003,ITEM_RCP_AS001_103,ITEM_RCP_SN001_103,ITEM_RCP_SG001_103,ITEM_RCP_OL001_103,ITEM_RCP_BC001_103,ITEM_RCP_SL001_103,ITEM_RCP_TS001_103,,,,,,,,,,,,,,,,,,,,,,,,,,,
MSFR_04_006,1,ITEM_RCP_VS010_103,ITEM_RCP_SN010_103,ITEM_RCP_SL012_103,ITEM_RCP_BH005_203,ITEM_RCP_CS003_103,ITEM_RCP_CS005_103,ITEM_RCP_VS005_103,ITEM_RCP_OL004_103,ITEM_RCP_SL009_003,ITEM_RCP_EPTS_026,,,,,,,,,,,,,,,,,,,,,,,,,,,,,,
MSFR_05_001,1,ITEM_RCP_LB009_004,ITEM_RCP_VS008_004,ITEM_RCP_BE010_004,ITEM_RCP_SG006_004,ITEM_RCP_TS010_004,ITEM_RCP_LB007_004,ITEM_RCP_LB007_104,ITEM_RCP_LB007_204,ITEM_RCP_AS007_004,ITEM_RCP_AS007_104,ITEM_RCP_AS007_204,ITEM_RCP_BC004_004,ITEM_RCP_TS006_004,,,,,,,,,,,,,,,,,,,,,,,,,,,
MSFR_05_002,1,ITEM_RCP_BB012_004,ITEM_RCP_BB012_104,ITEM_RCP_BB012_204,ITEM_RCP_BH011_004,ITEM_RCP_BH011_104,ITEM_RCP_BH011_204,ITEM_RCP_AS010_004,ITEM_RCP_AS010_104,ITEM_RCP_TS015_004,ITEM_RCP_TS015_104,ITEM_RCP_BB008_004,ITEM_RCP_HM007_004,ITEM_RCP_SG005_004,,,,,,,,,,,,,,,,,,,,,,,,,,,
MSFR_05_003,1,ITEM_RCP_CS007_004,ITEM_RCP_HM009_004,ITEM_RCP_OL008_004,ITEM_RCP_BC008_004,ITEM_RCP_SB003_004,ITEM_RCP_LB003_004,ITEM_RCP_BB003_004,ITEM_RCP_BB007_004,ITEM_RCP_BE004_004,ITEM_RCP_SL005_004,ITEM_RCP_SL006_104,ITEM_RCP_SL007_204,ITEM_RCP_SL008_104,ITEM_RCP_TS004_004,,,,,,,,,,,,,,,,,,,,,,,,,,
MSFR_05_004,1,ITEM_RCP_SB010_004,ITEM_RCP_SB010_104,ITEM_RCP_SB010_204,ITEM_RCP_CS011_004,ITEM_RCP_CS011_104,ITEM_RCP_CS011_204,ITEM_RCP_SN009_004,ITEM_RCP_SN009_104,ITEM_RCP_SN009_204,ITEM_RCP_TS014_004,ITEM_RCP_TS014_104,ITEM_RCP_TS014_204,ITEM_RCP_SN003_104,ITEM_RCP_OL004_004,,,,,,,,,,,,,,,,,,,,,,,,,,
MSFR_05_005,1,ITEM_RCP_LB012_004,ITEM_RCP_LB012_104,ITEM_RCP_BH010_004,ITEM_RCP_BH010_104,ITEM_RCP_AS009_004,ITEM_RCP_AS009_104,ITEM_RCP_BC012_004,ITEM_RCP_BC012_104,ITEM_RCP_BE007_004,ITEM_RCP_OL005_004,ITEM_RCP_TS008_004,ITEM_RCP_BB003_104,ITEM_RCP_CSTP_PM002_03_01,ITEM_RCP_CSTP_PM002_03_02,ITEM_RCP_CSTP_PM002_03_03,ITEM_RCP_CSTP_PM002_03_04,,,,,,,,,,,,,,,,,ITEM_RCP_CSTP_PF002_03_01,ITEM_RCP_CSTP_PF002_03_02,ITEM_RCP_CSTP_PF002_03_03,ITEM_RCP_CSTP_PF002_03_04,,,,
MSFR_05_006,1,ITEM_RCP_CS006_004,ITEM_RCP_CS006_104,ITEM_RCP_SL010_004,ITEM_RCP_SL010_104,ITEM_RCP_BH006_004,ITEM_RCP_BH006_104,ITEM_RCP_BH006_204,ITEM_RCP_BC007_004,ITEM_RCP_BC007_104,ITEM_RCP_BC007_204,ITEM_RCP_AS003_204,ITEM_RCP_AS005_004,ITEM_RCP_AS005_104,ITEM_RCP_OL003_104,,,,,,,,,,,,,,,,,,,,,,,,,,
MSFR_05_007,1,ITEM_RCP_BB010_004,ITEM_RCP_BB010_104,ITEM_RCP_BB010_204,ITEM_RCP_BH007_004,ITEM_RCP_BH007_104,ITEM_RCP_BH007_204,ITEM_RCP_SG007_004,ITEM_RCP_SG007_104,ITEM_RCP_SG007_204,ITEM_RCP_BC010_004,ITEM_RCP_BC010_104,ITEM_RCP_BC010_204,ITEM_RCP_SB006_004,ITEM_RCP_SB006_104,ITEM_RCP_SB006_204,ITEM_RCP_VS007_004,ITEM_RCP_VS007_104,ITEM_RCP_VS007_304,ITEM_RCP_SN005_004,ITEM_RCP_SN005_204,,,,,,,,,,,,,,,,,,,,
MSFR_05_008,1,ITEM_RCP_SB009_004,ITEM_RCP_SB009_104,ITEM_RCP_SB009_204,ITEM_RCP_CS008_004,ITEM_RCP_CS008_104,ITEM_RCP_CS008_204,ITEM_RCP_VS009_004,ITEM_RCP_VS009_104,ITEM_RCP_VS009_204,ITEM_RCP_SG008_004,ITEM_RCP_SG008_104,ITEM_RCP_SG008_204,ITEM_RCP_BC011_004,ITEM_RCP_BC011_104,ITEM_RCP_BC011_204,ITEM_RCP_BE008_004,ITEM_RCP_HM008_004,ITEM_RCP_SN006_004,ITEM_RCP_TS009_004,ITEM_RCP_EPTS_042,,,,,,,,,,,,,,,,,,,,
MSFR_05_009,1,ITEM_RCP_CS013_004,ITEM_RCP_CS013_104,ITEM_RCP_SG011_004,ITEM_RCP_SG011_104,ITEM_RCP_BC015_004,ITEM_RCP_BC015_104,ITEM_RCP_SB005_104,ITEM_RCP_LB004_004,ITEM_RCP_LB006_104,ITEM_RCP_BB007_204,ITEM_RCP_CS003_004,ITEM_RCP_HM003_004,ITEM_RCP_SL004_004,ITEM_RCP_TS003_104,,,,,,,,,,,,,,,,,,,,,,,,,,
MSFR_05_010,1,ITEM_RCP_LB005_004,ITEM_RCP_BB005_004,ITEM_RCP_BH004_004,ITEM_RCP_CS004_004,ITEM_RCP_BE005_004,ITEM_RCP_HM005_004,ITEM_RCP_SL003_004,ITEM_RCP_TS005_004,ITEM_RCP_CSTP_PM003_03_01,ITEM_RCP_CSTP_PM003_03_02,ITEM_RCP_CSTP_PM003_03_03,ITEM_RCP_CSTP_PM003_03_04,,,,,,,,,,,,,,,,,ITEM_RCP_CSTP_PF003_03_01,ITEM_RCP_CSTP_PF003_03_02,ITEM_RCP_CSTP_PF003_03_03,ITEM_RCP_CSTP_PF003_03_04,,,,,,,,
MSFR_05_011,1,ITEM_RCP_BB007_104,ITEM_RCP_BE006_104,ITEM_RCP_HM006_104,ITEM_RCP_SN004_004,ITEM_RCP_SL007_104,ITEM_RCP_SL008_204,ITEM_RCP_TS003_204,,,,,,,,,,,,,,,,,,,,,,,,,,,,,,,,,
MSFR_05_012,1,ITEM_RCP_LB010_004,ITEM_RCP_LB010_104,ITEM_RCP_LB010_204,ITEM_RCP_LB010_304,ITEM_RCP_BH008_004,ITEM_RCP_BH008_104,ITEM_RCP_BH008_204,ITEM_RCP_TS011_004,ITEM_RCP_TS011_104,ITEM_RCP_BC006_004,,,,,,,,,,,,,,,,,,,,,,,,,,,,,,
MSFR_05_013,1,ITEM_RCP_SB001_104,ITEM_RCP_LB001_104,ITEM_RCP_BB001_104,ITEM_RCP_BH001_104,ITEM_RCP_CS001_104,ITEM_RCP_VS001_104,ITEM_RCP_BE001_104,ITEM_RCP_HM001_104,ITEM_RCP_BC001_104,ITEM_RCP_SL001_104,ITEM_RCP_TS001_104,,,,,,,,,,,,,,,,,,,,,,,,,,,,,
MSFR_05_014,1,ITEM_RCP_SB008_004,ITEM_RCP_LB008_004,ITEM_RCP_CS009_004,ITEM_RCP_SN008_004,ITEM_RCP_TS012_004,ITEM_RCP_VS006_004,ITEM_RCP_AS001_104,ITEM_RCP_SN001_104,ITEM_RCP_SG001_104,ITEM_RCP_OL001_104,ITEM_RCP_SL007_004,,,,,,,,,,,,,,,,,,,,,,,,,,,,,
MSFR_05_015,1,ITEM_RCP_AS006_004,ITEM_RCP_SL009_004,ITEM_RCP_TS003_004,ITEM_RCP_CSTP_PM006_03_01,ITEM_RCP_CSTP_PM006_03_02,ITEM_RCP_CSTP_PM006_03_03,ITEM_RCP_CSTP_PM006_03_04,,,,,,,,,,,,,,,,,ITEM_RCP_CSTP_PF006_03_01,ITEM_RCP_CSTP_PF006_03_02,ITEM_RCP_CSTP_PF006_03_03,ITEM_RCP_CSTP_PF006_03_04,,,,,,,,,,,,,
MSFR_05_016,1,ITEM_RCP_LB002_204,ITEM_RCP_BH003_104,ITEM_RCP_AS004_004,,,,,,,,,,,,,,,,,,,,,,,,,,,,,,,,,,,,,
MSFR_05_017,1,ITEM_RCP_CS003_104,ITEM_RCP_VS003_104,ITEM_RCP_AS004_104,ITEM_RCP_EPTS_036,,,,,,,,,,,,,,,,,,,,,,,,,,,,,,,,,,,,
MSFR_05_018,1,ITEM_RCP_LB014_004,ITEM_RCP_LB014_104,ITEM_RCP_SG010_004,ITEM_RCP_SG010_104,ITEM_RCP_BC013_004,ITEM_RCP_BC013_104,ITEM_RCP_SN004_104,ITEM_RCP_CSTP_PM008_03_01,ITEM_RCP_CSTP_PM008_03_02,ITEM_RCP_CSTP_PM008_03_03,ITEM_RCP_CSTP_PM008_03_04,,,,,,,,,,,,,,,,,ITEM_RCP_CSTP_PF008_03_01,ITEM_RCP_CSTP_PF008_03_02,ITEM_RCP_CSTP_PF008_03_03,ITEM_RCP_CSTP_PF008_03_04,,,,,,,,,
MSFR_05_019,1,ITEM_RCP_SB002_204,ITEM_RCP_BB004_104,ITEM_RCP_CS005_104,ITEM_RCP_SG003_104,,,,,,,,,,,,,,,,,,,,,,,,,,,,,,,,,,,,
MSFR_05_020,1,ITEM_RCP_BH005_204,ITEM_RCP_VS005_104,ITEM_RCP_OL004_104,ITEM_RCP_SL008_004,,,,,,,,,,,,,,,,,,,,,,,,,,,,,,,,,,,,
MSFR_06_001,1,ITEM_RCP_BE008_005,ITEM_RCP_HM008_005,ITEM_RCP_SN006_005,ITEM_RCP_TS009_005,ITEM_RCP_SB005_105,ITEM_RCP_LB004_005,ITEM_RCP_LB006_105,ITEM_RCP_BB007_205,ITEM_RCP_CS003_005,ITEM_RCP_HM003_005,ITEM_RCP_SL004_005,ITEM_RCP_TS003_105,,,,,,,,,,,,,,,,,,,,,,,,,,,,
MSFR_06_002,1,ITEM_RCP_SB008_005,ITEM_RCP_LB008_005,ITEM_RCP_CS009_005,ITEM_RCP_SN008_005,ITEM_RCP_TS012_005,ITEM_RCP_BB005_005,ITEM_RCP_CS004_005,ITEM_RCP_BE005_005,ITEM_RCP_HM005_005,ITEM_RCP_SL003_005,ITEM_RCP_SL007_105,ITEM_RCP_SL008_205,ITEM_RCP_TS003_205,ITEM_RCP_TS005_005,,,,,,,,,,,,,,,,,,,,,,,,,,
MSFR_06_003,1,ITEM_RCP_BH006_005,ITEM_RCP_BH006_105,ITEM_RCP_BH006_205,ITEM_RCP_BC007_005,ITEM_RCP_BC007_105,ITEM_RCP_BC007_205,ITEM_RCP_BB007_105,ITEM_RCP_BH004_005,ITEM_RCP_LB005_005,ITEM_RCP_BE006_105,ITEM_RCP_HM006_105,ITEM_RCP_SN004_005,ITEM_RCP_BC006_005,,,,,,,,,,,,,,,,,,,,,,,,,,,
MSFR_06_004,1,ITEM_RCP_BB010_005,ITEM_RCP_BB010_105,ITEM_RCP_BB010_205,ITEM_RCP_BH007_005,ITEM_RCP_BH007_105,ITEM_RCP_BH007_205,ITEM_RCP_SG007_005,ITEM_RCP_SG007_105,ITEM_RCP_SG007_205,ITEM_RCP_BC010_005,ITEM_RCP_BC010_105,ITEM_RCP_BC010_205,,,,,,,,,,,,,,,,,,,,,,,,,,,,
MSFR_06_005,1,ITEM_RCP_BB003_105,ITEM_RCP_AS003_205,ITEM_RCP_AS005_005,ITEM_RCP_AS005_105,ITEM_RCP_OL003_105,ITEM_RCP_AS006_005,ITEM_RCP_SL005_005,ITEM_RCP_SL006_105,ITEM_RCP_SL007_205,ITEM_RCP_SL008_105,ITEM_RCP_TS004_005,ITEM_RCP_BC004_005,ITEM_RCP_TS006_005,,,,,,,,,,,,,,,,,,,,,,,,,,,
MSFR_06_006,1,ITEM_RCP_SB009_005,ITEM_RCP_SB009_105,ITEM_RCP_SB009_205,ITEM_RCP_CS008_005,ITEM_RCP_CS008_105,ITEM_RCP_CS008_205,ITEM_RCP_VS009_005,ITEM_RCP_VS009_105,ITEM_RCP_VS009_205,ITEM_RCP_SG008_005,ITEM_RCP_SG008_105,ITEM_RCP_SG008_205,ITEM_RCP_BC011_005,ITEM_RCP_BC011_105,ITEM_RCP_BC011_205,,,,,,,,,,,,,,,,,,,,,,,,,
MSFR_06_007,1,ITEM_RCP_SB011_005,ITEM_RCP_SB011_105,ITEM_RCP_VS012_005,ITEM_RCP_BC014_005,ITEM_RCP_BC014_105,ITEM_RCP_SB003_005,ITEM_RCP_LB003_005,ITEM_RCP_BB007_005,ITEM_RCP_BB003_005,ITEM_RCP_BE004_005,ITEM_RCP_SN003_105,ITEM_RCP_OL004_005,ITEM_RCP_SL007_005,ITEM_RCP_EPTS_020,,,,,,,,,,,,,,,,,,,,,,,,,,
MSFR_06_008,1,ITEM_RCP_LB015_005,ITEM_RCP_LB015_105,ITEM_RCP_BH014_005,ITEM_RCP_BH014_105,ITEM_RCP_VS015_005,ITEM_RCP_VS015_105,ITEM_RCP_SN012_005,ITEM_RCP_SN012_105,ITEM_RCP_SB006_005,ITEM_RCP_SB006_105,ITEM_RCP_SB006_205,ITEM_RCP_VS007_005,ITEM_RCP_VS007_105,ITEM_RCP_VS007_205,ITEM_RCP_VS007_305,ITEM_RCP_SN005_005,ITEM_RCP_SN005_105,ITEM_RCP_SN005_205,,,,,,,,,,,,,,,,,,,,,,
MSFR_06_009,1,ITEM_RCP_LB010_005,ITEM_RCP_LB010_105,ITEM_RCP_LB010_205,ITEM_RCP_LB010_305,ITEM_RCP_BH008_005,ITEM_RCP_BH008_105,ITEM_RCP_BH008_205,ITEM_RCP_TS011_005,ITEM_RCP_TS011_105,ITEM_RCP_BE008_105,ITEM_RCP_HM008_105,ITEM_RCP_SN006_105,ITEM_RCP_TS009_105,ITEM_RCP_VS006_005,,,,,,,,,,,,,,,,,,,,,,,,,,
MSFR_06_010,1,ITEM_RCP_SB007_005,ITEM_RCP_BE009_005,ITEM_RCP_HM010_005,ITEM_RCP_SN007_005,ITEM_RCP_OL006_005,ITEM_RCP_BC009_005,ITEM_RCP_SB001_105,ITEM_RCP_LB001_105,ITEM_RCP_BB001_105,ITEM_RCP_BH001_105,ITEM_RCP_CS001_105,ITEM_RCP_VS001_105,ITEM_RCP_BE001_105,ITEM_RCP_HM001_105,,,,,,,,,,,,,,,,,,,,,,,,,,
MSFR_06_011,1,ITEM_RCP_SB002_205,ITEM_RCP_LB002_205,ITEM_RCP_BB004_105,ITEM_RCP_BH003_105,ITEM_RCP_CS003_105,ITEM_RCP_VS003_105,ITEM_RCP_AS001_105,ITEM_RCP_SN001_105,ITEM_RCP_SG001_105,ITEM_RCP_OL001_105,ITEM_RCP_BC001_105,ITEM_RCP_SL001_105,ITEM_RCP_TS001_105,ITEM_RCP_SL008_005,ITEM_RCP_EPTS_031,,,,,,,,,,,,,,,,,,,,,,,,,
MSFR_06_012,1,,,,,,,,,,,,,,,,,,,,,,,,,,,,,,,,,,,,,,,,
MSFR_06_013,1,,,,,,,,,,,,,,,,,,,,,,,,,,,,,,,,,,,,,,,,
MSFR_06_014,1,,,,,,,,,,,,,,,,,,,,,,,,,,,,,,,,,,,,,,,,
MSFR_06_015,1,ITEM_RCP_BH005_205,ITEM_RCP_CS005_105,ITEM_RCP_VS005_105,ITEM_RCP_AS004_005,ITEM_RCP_AS004_105,ITEM_RCP_SN004_105,ITEM_RCP_SG003_105,ITEM_RCP_OL004_105,ITEM_RCP_SL009_005,ITEM_RCP_TS003_005,ITEM_RCP_CSTP_PM009_03_01,ITEM_RCP_CSTP_PM009_03_02,ITEM_RCP_CSTP_PM009_03_03,ITEM_RCP_CSTP_PM009_03_04,,,,,,,,,,,,,,,,,ITEM_RCP_CSTP_PF009_03_01,ITEM_RCP_CSTP_PF009_03_02,ITEM_RCP_CSTP_PF009_03_03,ITEM_RCP_CSTP_PF009_03_04,,,,,,
MSFR_07_001,1,ITEM_RCP_CS007_106,ITEM_RCP_HM009_106,ITEM_RCP_OL008_106,ITEM_RCP_BC008_106,ITEM_RCP_CS007_006,ITEM_RCP_HM009_006,ITEM_RCP_OL008_006,ITEM_RCP_BC008_006,ITEM_RCP_LB001_006,ITEM_RCP_BH001_006,ITEM_RCP_CS001_006,ITEM_RCP_BE001_006,ITEM_RCP_HM001_006,ITEM_RCP_AS001_006,ITEM_RCP_OL001_006,ITEM_BTL_001,ITEM_BTL_045,,,,,,,,,,,,,,,,,,,,,,,
MSFR_07_002,1,ITEM_RCP_LB012_206,ITEM_RCP_BH010_206,ITEM_RCP_CS015_006,ITEM_RCP_AS009_206,ITEM_RCP_SG014_006,ITEM_RCP_BC012_206,ITEM_RCP_TS016_006,ITEM_RCP_SB001_006,ITEM_RCP_BB001_006,ITEM_RCP_VS001_006,ITEM_RCP_SN001_006,ITEM_RCP_SG001_006,ITEM_RCP_BC001_006,ITEM_RCP_SL001_006,ITEM_RCP_TS001_006,,,,,,,,,,,,,,,,,,,,,,,,,
MSFR_07_101,1,ITEM_RCP_BE008_006,ITEM_RCP_HM008_006,ITEM_RCP_SN006_006,ITEM_RCP_TS009_006,ITEM_RCP_BE007_106,ITEM_RCP_OL005_106,ITEM_RCP_TS008_106,ITEM_RCP_BB001_106,ITEM_RCP_BH001_106,ITEM_RCP_AS001_106,ITEM_RCP_BC001_106,,,,,,,,,,,,,,,,,,,,,,,,,,,,,
MSFR_07_102,1,ITEM_RCP_BB012_006,ITEM_RCP_BB012_106,ITEM_RCP_BB012_206,ITEM_RCP_BH011_006,ITEM_RCP_BH011_106,ITEM_RCP_BH011_206,ITEM_RCP_AS010_006,ITEM_RCP_AS010_106,ITEM_RCP_TS015_006,ITEM_RCP_TS015_106,ITEM_RCP_SB009_006,ITEM_RCP_SB009_106,ITEM_RCP_SB009_206,ITEM_RCP_CS008_006,ITEM_RCP_CS008_106,ITEM_RCP_CS008_206,ITEM_RCP_VS009_006,ITEM_RCP_VS009_106,,,,,,,,,,,,,,,,,,,,,,
MSFR_07_103,1,ITEM_RCP_LB014_006,ITEM_RCP_LB014_106,ITEM_RCP_SG010_006,ITEM_RCP_SG010_106,ITEM_RCP_BC013_006,ITEM_RCP_BC013_106,ITEM_RCP_SL009_006,,,,,,,,,,,,,,,,,,,,,,,,,,,,,,,,,
MSFR_07_104,1,ITEM_RCP_LB002_106,ITEM_RCP_BH002_106,ITEM_RCP_CS002_106,ITEM_RCP_BE003_006,ITEM_RCP_HM002_106,ITEM_RCP_SG003_006,ITEM_RCP_BC002_106,ITEM_RCP_SL002_206,ITEM_RCP_TS002_206,,,,,,,,,,,,,,,,,,,,,,,,,,,,,,,
MSFR_07_105,1,ITEM_RCP_SB002_306,ITEM_RCP_BB002_206,ITEM_RCP_VS006_106,ITEM_RCP_CSTP_PM002_04_01,ITEM_RCP_CSTP_PM002_04_02,ITEM_RCP_CSTP_PM002_04_03,ITEM_RCP_CSTP_PM002_04_04,,,,,,,,,,,,,,,,,ITEM_RCP_CSTP_PF002_04_01,ITEM_RCP_CSTP_PF002_04_02,ITEM_RCP_CSTP_PF002_04_03,ITEM_RCP_CSTP_PF002_04_04,,,,,,,,,,,,,
MSFR_07_106,1,ITEM_RCP_SB005_106,ITEM_RCP_LB004_006,ITEM_RCP_LB006_106,ITEM_RCP_BB007_206,ITEM_RCP_CS003_006,ITEM_RCP_HM003_006,,,,,,,,,,,,,,,,,,,,,,,,,,,,,,,,,,
MSFR_07_107,1,ITEM_RCP_BE002_006,ITEM_RCP_HM002_006,ITEM_RCP_SN002_006,ITEM_RCP_SL005_006,ITEM_RCP_SL006_106,ITEM_RCP_SL007_206,ITEM_RCP_SL008_106,ITEM_RCP_TS004_006,,,,,,,,,,,,,,,,,,,,,,,,,,,,,,,,
MSFR_07_108,1,ITEM_RCP_SB007_006,ITEM_RCP_BE009_006,ITEM_RCP_HM010_006,ITEM_RCP_SN007_006,ITEM_RCP_OL006_006,ITEM_RCP_BC009_006,ITEM_RCP_LB002_206,ITEM_RCP_CS003_106,ITEM_RCP_CS016_006,ITEM_RCP_AS014_006,ITEM_RCP_SL017_006,ITEM_RCP_SN004_106,,,,,,,,,,,,,,,,,,,,,,,,,,,,
MSFR_07_201,1,ITEM_RCP_BE008_106,ITEM_RCP_HM008_106,ITEM_RCP_SN006_106,ITEM_RCP_TS009_106,ITEM_RCP_BB008_106,ITEM_RCP_HM007_106,ITEM_RCP_SG005_106,ITEM_RCP_CS001_106,ITEM_RCP_BE001_106,ITEM_RCP_OL001_106,ITEM_RCP_SL001_106,,,,,,,,,,,,,,,,,,,,,,,,,,,,,
MSFR_07_202,1,ITEM_RCP_LB010_006,ITEM_RCP_LB010_106,ITEM_RCP_LB010_206,ITEM_RCP_LB010_306,ITEM_RCP_BH008_006,ITEM_RCP_BH008_106,ITEM_RCP_BH008_206,ITEM_RCP_TS011_006,ITEM_RCP_TS011_106,ITEM_RCP_BE007_006,ITEM_RCP_OL005_006,ITEM_RCP_TS008_006,ITEM_RCP_VS006_006,,,,,,,,,,,,,,,,,,,,,,,,,,,
MSFR_07_203,1,ITEM_RCP_CS013_006,ITEM_RCP_CS013_106,ITEM_RCP_SG011_006,ITEM_RCP_SG011_106,ITEM_RCP_BC015_006,ITEM_RCP_BC015_106,ITEM_RCP_LB002_406,ITEM_RCP_BH003_006,ITEM_RCP_CS002_206,ITEM_RCP_BE002_106,ITEM_RCP_HM004_006,ITEM_RCP_BC002_206,ITEM_RCP_SL002_106,ITEM_RCP_TS002_106,,,,,,,,,,,,,,,,,,,,,,,,,,
MSFR_07_204,1,ITEM_RCP_SB013_006,ITEM_RCP_SB013_106,ITEM_RCP_BB014_006,ITEM_RCP_BB014_106,ITEM_RCP_SG013_006,ITEM_RCP_SG013_106,ITEM_RCP_SL014_006,ITEM_RCP_SL014_106,ITEM_RCP_LB007_006,ITEM_RCP_LB007_106,ITEM_RCP_LB007_206,ITEM_RCP_AS007_006,ITEM_RCP_AS007_106,ITEM_RCP_AS007_206,,,,,,,,,,,,,,,,,,,,,,,,,,
MSFR_07_205,1,ITEM_RCP_SB002_106,ITEM_RCP_BB004_006,ITEM_RCP_VS003_006,ITEM_RCP_SN002_106,ITEM_RCP_AS002_106,ITEM_RCP_SG002_106,ITEM_RCP_OL002_106,ITEM_RCP_SL008_006,ITEM_RCP_CSTP_PM004_04_01,ITEM_RCP_CSTP_PM004_04_02,ITEM_RCP_CSTP_PM004_04_03,ITEM_RCP_CSTP_PM004_04_04,,,,,,,,,,,,,,,,,ITEM_RCP_CSTP_PF004_04_01,ITEM_RCP_CSTP_PF004_04_02,ITEM_RCP_CSTP_PF004_04_03,ITEM_RCP_CSTP_PF004_04_04,,,,,,,,
MSFR_07_206,1,ITEM_RCP_SB003_006,ITEM_RCP_LB003_006,ITEM_RCP_BB003_006,ITEM_RCP_BB007_006,ITEM_RCP_BE004_006,ITEM_RCP_SN003_106,ITEM_RCP_OL004_006,ITEM_RCP_SL003_006,ITEM_RCP_SL007_106,ITEM_RCP_SL008_206,ITEM_RCP_TS003_206,ITEM_RCP_TS005_006,,,,,,,,,,,,,,,,,,,,,,,,,,,,
MSFR_07_207,1,ITEM_RCP_LB002_006,ITEM_RCP_BH002_006,ITEM_RCP_SG002_006,ITEM_RCP_TS002_006,ITEM_RCP_CSTP_PM003_04_01,ITEM_RCP_CSTP_PM003_04_02,ITEM_RCP_CSTP_PM003_04_03,ITEM_RCP_CSTP_PM003_04_04,,,,,,,,,,,,,,,,,ITEM_RCP_CSTP_PF003_04_01,ITEM_RCP_CSTP_PF003_04_02,ITEM_RCP_CSTP_PF003_04_03,ITEM_RCP_CSTP_PF003_04_04,,,,,,,,,,,,
MSFR_07_208,1,ITEM_RCP_SB012_006,ITEM_RCP_BB013_006,ITEM_RCP_CS014_006,ITEM_RCP_AS013_006,ITEM_RCP_SG012_006,ITEM_RCP_SL015_006,ITEM_RCP_SB002_206,ITEM_RCP_CS005_106,ITEM_RCP_VS003_106,ITEM_RCP_AS004_106,ITEM_RCP_BH015_006,ITEM_RCP_SG016_006,ITEM_RCP_TS019_006,,,,,,,,,,,,,,,,,,,,,,,,,,,
MSFR_07_301,1,ITEM_RCP_BB009_106,ITEM_RCP_AS008_106,ITEM_RCP_OL007_106,ITEM_RCP_SL011_106,ITEM_RCP_BB008_006,ITEM_RCP_HM007_006,ITEM_RCP_SG005_006,ITEM_RCP_SB006_006,ITEM_RCP_VS007_006,ITEM_RCP_SN005_006,ITEM_RCP_SB001_106,ITEM_RCP_LB001_106,ITEM_RCP_SG001_106,ITEM_RCP_TS001_106,,,,,,,,,,,,,,,,,,,,,,,,,,
MSFR_07_302,1,ITEM_RCP_LB009_006,ITEM_RCP_VS008_006,ITEM_RCP_BE010_006,ITEM_RCP_SG006_006,ITEM_RCP_TS010_006,ITEM_RCP_SB006_106,ITEM_RCP_SB006_206,ITEM_RCP_VS007_106,ITEM_RCP_VS007_206,ITEM_RCP_VS007_306,ITEM_RCP_SN005_106,ITEM_RCP_SN005_206,ITEM_RCP_SL007_006,,,,,,,,,,,,,,,,,,,,,,,,,,,
MSFR_07_303,1,ITEM_RCP_SB008_006,ITEM_RCP_LB008_006,ITEM_RCP_CS009_006,ITEM_RCP_SN008_006,ITEM_RCP_TS012_006,ITEM_RCP_BE002_206,ITEM_RCP_HM002_206,ITEM_RCP_BC003_006,ITEM_RCP_SL004_006,ITEM_RCP_CSTP_PM005_03_01,ITEM_RCP_CSTP_PM005_03_02,ITEM_RCP_CSTP_PM005_03_03,ITEM_RCP_CSTP_PM005_03_04,,,,,,,,,,,,,,,,,ITEM_RCP_CSTP_PF005_03_01,ITEM_RCP_CSTP_PF005_03_02,ITEM_RCP_CSTP_PF005_03_03,ITEM_RCP_CSTP_PF005_03_04,,,,,,,
MSFR_07_304,1,ITEM_RCP_SB004_006,ITEM_RCP_LB002_306,ITEM_RCP_BB002_106,ITEM_RCP_BH002_206,ITEM_RCP_CS002_306,ITEM_RCP_SN002_206,ITEM_RCP_SN004_006,ITEM_RCP_SG002_206,ITEM_RCP_OL002_206,ITEM_RCP_TS007_206,,,,,,,,,,,,,,,,,,,,,,,,,,,,,,
MSFR_07_305,1,ITEM_RCP_SB011_006,ITEM_RCP_SB011_106,ITEM_RCP_VS012_006,ITEM_RCP_BC014_006,ITEM_RCP_BC014_106,ITEM_RCP_BB007_106,ITEM_RCP_BE006_106,ITEM_RCP_HM006_106,ITEM_RCP_SL002_306,ITEM_RCP_TS003_106,,,,,,,,,,,,,,,,,,,,,,,,,,,,,,
MSFR_07_306,1,ITEM_RCP_LB005_006,ITEM_RCP_BB005_006,ITEM_RCP_BH004_006,ITEM_RCP_CS004_006,ITEM_RCP_VS004_006,ITEM_RCP_BE005_006,ITEM_RCP_HM005_006,ITEM_RCP_AS006_006,ITEM_RCP_BC006_006,ITEM_RCP_CSTP_PM005_04_01,ITEM_RCP_CSTP_PM005_04_02,ITEM_RCP_CSTP_PM005_04_03,ITEM_RCP_CSTP_PM005_04_04,,,,,,,,,,,,,,,,,ITEM_RCP_CSTP_PF005_04_01,ITEM_RCP_CSTP_PF005_04_02,ITEM_RCP_CSTP_PF005_04_03,ITEM_RCP_CSTP_PF005_04_04,,,,,,,
MSFR_07_307,1,ITEM_RCP_SB002_006,ITEM_RCP_BB002_006,ITEM_RCP_OL002_006,ITEM_RCP_BC002_006,ITEM_RCP_CSTP_PM006_04_01,ITEM_RCP_CSTP_PM006_04_02,ITEM_RCP_CSTP_PM006_04_03,ITEM_RCP_CSTP_PM006_04_04,,,,,,,,,,,,,,,,,ITEM_RCP_CSTP_PF006_04_01,ITEM_RCP_CSTP_PF006_04_02,ITEM_RCP_CSTP_PF006_04_03,ITEM_RCP_CSTP_PF006_04_04,,,,,,,,,,,,
MSFR_07_308,1,ITEM_RCP_LB013_006,ITEM_RCP_CS012_006,ITEM_RCP_VS011_006,ITEM_RCP_SN011_006,ITEM_RCP_OL009_006,ITEM_RCP_SL013_006,ITEM_RCP_BB004_106,ITEM_RCP_BH003_106,ITEM_RCP_AS004_006,ITEM_RCP_SG003_106,ITEM_RCP_OL004_106,ITEM_RCP_BE014_006,ITEM_RCP_SN013_006,ITEM_RCP_BC018_006,,,,,,,,,,,,,,,,,,,,,,,,,,
MSFR_07_401,1,ITEM_RCP_BB010_006,ITEM_RCP_BB010_106,ITEM_RCP_BB010_206,ITEM_RCP_BH007_006,ITEM_RCP_BH007_106,ITEM_RCP_BH007_206,ITEM_RCP_SG007_006,ITEM_RCP_SG007_106,ITEM_RCP_SG007_206,ITEM_RCP_BC010_006,ITEM_RCP_BC010_106,ITEM_RCP_BC010_206,ITEM_RCP_VS001_106,ITEM_RCP_HM001_106,,,,,,,,,,,,,,,,,,,,,,,,,,
MSFR_07_402,1,ITEM_RCP_LB006_006,ITEM_RCP_BH005_006,ITEM_RCP_CS005_006,ITEM_RCP_BE006_006,ITEM_RCP_HM006_006,ITEM_RCP_SN001_106,ITEM_RCP_SN003_006,ITEM_RCP_AS003_006,ITEM_RCP_SG004_006,ITEM_RCP_OL003_006,ITEM_RCP_BC005_006,ITEM_RCP_SL006_006,ITEM_RCP_TS007_006,,,,,,,,,,,,,,,,,,,,,,,,,,,
MSFR_07_403,1,ITEM_RCP_CS006_006,ITEM_RCP_CS006_106,ITEM_RCP_SL010_006,ITEM_RCP_SL010_106,ITEM_RCP_SB005_006,ITEM_RCP_BB006_006,ITEM_RCP_VS005_006,ITEM_RCP_AS003_206,ITEM_RCP_AS005_006,ITEM_RCP_AS005_106,ITEM_RCP_OL003_106,ITEM_RCP_BC004_006,ITEM_RCP_TS006_006,,,,,,,,,,,,,,,,,,,,,,,,,,,
MSFR_07_404,1,ITEM_RCP_CS002_006,ITEM_RCP_VS002_006,ITEM_RCP_BB003_106,ITEM_RCP_AS002_006,ITEM_RCP_SL002_006,ITEM_RCP_TS003_006,ITEM_RCP_CSTP_PM007_04_01,ITEM_RCP_CSTP_PM007_04_02,ITEM_RCP_CSTP_PM007_04_03,ITEM_RCP_CSTP_PM007_04_04,,,,,,,,,,,,,,,,,ITEM_RCP_CSTP_PF007_04_01,ITEM_RCP_CSTP_PF007_04_02,ITEM_RCP_CSTP_PF007_04_03,ITEM_RCP_CSTP_PF007_04_04,,,,,,,,,,
MSFR_07_405,1,ITEM_RCP_CSTP_PM008_04_01,ITEM_RCP_CSTP_PM008_04_02,ITEM_RCP_CSTP_PM008_04_03,ITEM_RCP_CSTP_PM008_04_04,,,,,,,,,,,,,,,,,ITEM_RCP_CSTP_PF008_04_01,ITEM_RCP_CSTP_PF008_04_02,ITEM_RCP_CSTP_PF008_04_03,ITEM_RCP_CSTP_PF008_04_04,,,,,,,,,,,,,,,,
MSFR_07_406,1,ITEM_RCP_VS009_206,ITEM_RCP_SG008_006,ITEM_RCP_SG008_106,ITEM_RCP_SG008_206,ITEM_RCP_BC011_006,ITEM_RCP_BC011_106,ITEM_RCP_BC011_206,ITEM_RCP_SB010_006,ITEM_RCP_SB010_106,ITEM_RCP_SB010_206,ITEM_RCP_CS011_006,ITEM_RCP_CS011_106,ITEM_RCP_CS011_206,ITEM_RCP_SN009_006,ITEM_RCP_SN009_106,ITEM_RCP_SN009_206,ITEM_RCP_TS014_006,ITEM_RCP_TS014_106,ITEM_RCP_TS014_206,,,,,,,,,,,,,,,,,,,,,
MSFR_07_407,1,ITEM_RCP_CSTP_PM009_04_01,ITEM_RCP_CSTP_PM009_04_02,ITEM_RCP_CSTP_PM009_04_03,ITEM_RCP_CSTP_PM009_04_04,,,,,,,,,,,,,,,,,ITEM_RCP_CSTP_PF009_04_01,ITEM_RCP_CSTP_PF009_04_02,ITEM_RCP_CSTP_PF009_04_03,ITEM_RCP_CSTP_PF009_04_04,,,,,,,,,,,,,,,,
MSFR_07_408,1,ITEM_RCP_LB011_006,ITEM_RCP_BB011_006,ITEM_RCP_BH009_006,ITEM_RCP_CS010_006,ITEM_RCP_SG009_006,ITEM_RCP_TS013_006,ITEM_RCP_BH005_206,ITEM_RCP_VS005_106,ITEM_RCP_VS016_006,ITEM_RCP_OL011_006,ITEM_RCP_TS017_006,,,,,,,,,,,,,,,,,,,,,,,,,,,,,
MSFR_07_501,1,ITEM_RCP_LB009_106,ITEM_RCP_VS008_106,ITEM_RCP_BE010_106,ITEM_RCP_SG006_106,ITEM_RCP_TS010_106,ITEM_RCP_BH006_006,ITEM_RCP_BH006_106,ITEM_RCP_BH006_206,ITEM_RCP_BC007_006,ITEM_RCP_BC007_106,ITEM_RCP_BC007_206,,,,,,,,,,,,,,,,,,,,,,,,,,,,,
MSFR_07_502,1,ITEM_RCP_VS010_006,ITEM_RCP_VS010_106,ITEM_RCP_SN010_006,ITEM_RCP_SN010_106,ITEM_RCP_SL012_006,ITEM_RCP_SL012_106,,,,,,,,,,,,,,,,,,,,,,,,,,,,,,,,,,
MSFR_07_503,1,ITEM_RCP_BB009_006,ITEM_RCP_AS008_006,ITEM_RCP_OL007_006,ITEM_RCP_SL011_006,,,,,,,,,,,,,,,,,,,,,,,,,,,,,,,,,,,,
MSFR_07_504,1,ITEM_RCP_LB012_006,ITEM_RCP_LB012_106,ITEM_RCP_BH010_006,ITEM_RCP_BH010_106,ITEM_RCP_AS009_006,ITEM_RCP_AS009_106,ITEM_RCP_BC012_006,ITEM_RCP_BC012_106,,,,,,,,,,,,,,,,,,,,,,,,,,,,,,,,
MSFR_07_505,1,ITEM_RCP_LB015_006,ITEM_RCP_LB015_106,ITEM_RCP_BH014_006,ITEM_RCP_BH014_106,ITEM_RCP_VS015_006,ITEM_RCP_VS015_106,ITEM_RCP_SN012_006,ITEM_RCP_SN012_106,,,,,,,,,,,,,,,,,,,,,,,,,,,,,,,,
MSFR_07_506,1,,,,,,,,,,,,,,,,,,,,,,,,,,,,,,,,,,,,,,,,
MSFR_07_507,1,,,,,,,,,,,,,,,,,,,,,,,,,,,,,,,,,,,,,,,,
MSFR_07_508,1,ITEM_RCP_BH012_006,ITEM_RCP_VS013_006,ITEM_RCP_BE011_006,ITEM_RCP_HM011_006,ITEM_RCP_AS011_006,ITEM_RCP_BC016_006,ITEM_RCP_LB016_006,ITEM_RCP_SG015_006,ITEM_RCP_SL016_006,,,,,,,,,,,,,,,,,,,,,,,,,,,,,,,
MSFR_07_509,1,,,,,,,,,,,,,,,,,,,,,,,,,,,,,,,,,,,,,,,,
MSFR_07_510,1,ITEM_RCP_BB015_006,ITEM_RCP_TS018_006,,,,,,,,,,,,,,,,,,,,,,,,,,,,,,,,,,,,,,
MSFR_07_511,1,ITEM_RCP_BE015_006,,,,,,,,,,,,,,,,,,,,,,,,,,,,,,,,,,,,,,,
MSFR_07_512,1,ITEM_RCP_LB020_000,,,,,,,,,,,,,,,,,,,,,,,,,,,,,,,,,,,,,,,
MSFR_07_512,1,ITEM_RCP_HM400_000,,,,,,,,,,,,,,,,,,,,,,,,,,,,,,,,,,,,,,,
MSFR_07_514,1,ITEM_RCP_VS020_001,,,,,,,,,,,,,,,,,,,,,,,,,,,,,,,,,,,,,,,
MSFR_07_515,1,ITEM_RCP_BB020_001,,,,,,,,,,,,,,,,,,,,,,,,,,,,,,,,,,,,,,,
MSFR_07_516,1,ITEM_RCP_SB020_001,,,,,,,,,,,,,,,,,,,,,,,,,,,,,,,,,,,,,,,
MSFR_02_030,1,,,,,,,,,,,,,,,,,,,,,,,,,,,,,,,,,,,,,,,,
MSFR_02_040,1,,,,,,,,,,,,,,,,,,,,,,,,,,,,,,,,,,,,,,,,
MSFR_02_050,1,,,,,,,,,,,,,,,,,,,,,,,,,,,,,,,,,,,,,,,,
MSFR_02_020,1,,,,,,,,,,,,,,,,,,,,,,,,,,,,,,,,,,,,,,,,
MSFR_07_170,1,ITEM_RCP_BH032_006,,,,,,,,,,,,,,,,,,,,,,,,,,,,,,,,,,,,,,,
MSFR_07_160,1,ITEM_RCP_CS043_006,,,,,,,,,,,,,,,,,,,,,,,,,,,,,,,,,,,,,,,
MSFR_04_023,1,,,,,,,,,,,,,,,,,,,,,,,,,,,,,,,,,,,,,,,,
